<?xml version="1.0"?>
<!DOCTYPE pathway SYSTEM "http://www.kegg.jp/kegg/xml/KGML_v0.7.1_.dtd">
<!-- Creation date: Sep 17, 2013 16:48:37 +0900 (GMT+09:00) -->
<pathway name="path:hsa05220" org="hsa" number="05220"
         title="Chronic myeloid leukemia"
         image="http://www.kegg.jp/kegg/pathway/hsa/hsa05220.png"
         link="http://www.kegg.jp/kegg-bin/show_pathway?hsa05220">
    <entry id="1" name="path:hsa04115" type="map"
        link="http://www.kegg.jp/dbget-bin/www_bget?hsa04115">
        <graphics name="p53 signaling pathway" fgcolor="#000000" bgcolor="#FFFFFF"
             type="roundrectangle" x="781" y="675" width="102" height="34"/>
    </entry>
    <entry id="2" name="hsa:2122 hsa:861" type="gene"
        link="http://www.kegg.jp/dbget-bin/www_bget?hsa:2122+hsa:861">
        <graphics name="MECOM, AML1-EVI-1, EVI1, MDS1, MDS1-EVI1, PRDM3..." fgcolor="#000000" bgcolor="#BFFFBF"
             type="rectangle" x="944" y="757" width="46" height="17"/>
    </entry>
    <entry id="3" name="hsa:598" type="gene"
        link="http://www.kegg.jp/dbget-bin/www_bget?hsa:598">
        <graphics name="BCL2L1, BCL-XL/S, BCL2L, BCLX, BCLXL, BCLXS, Bcl-X, PPP1R52, bcl-xL, bcl-xS" fgcolor="#000000" bgcolor="#BFFFBF"
             type="rectangle" x="1055" y="373" width="46" height="17"/>
    </entry>
    <entry id="4" name="hsa:5781" type="gene"
        link="http://www.kegg.jp/dbget-bin/www_bget?hsa:5781">
        <graphics name="PTPN11, BPTP3, CFC, NS1, PTP-1D, PTP2C, SH-PTP2, SH-PTP3, SHP2" fgcolor="#000000" bgcolor="#BFFFBF"
             type="rectangle" x="496" y="235" width="46" height="17"/>
    </entry>
    <entry id="5" name="hsa:25 hsa:613" type="gene"
        link="http://www.kegg.jp/dbget-bin/www_bget?hsa:25+hsa:613">
        <graphics name="ABL1, ABL, JTK7, bcr/abl, c-ABL, p150, v-abl..." fgcolor="#000000" bgcolor="#BFFFBF"
             type="rectangle" x="301" y="174" width="46" height="17"/>
    </entry>
    <entry id="6" name="hsa:7157" type="gene"
        link="http://www.kegg.jp/dbget-bin/www_bget?hsa:7157">
        <graphics name="TP53, BCC7, LFS1, P53, TRP53" fgcolor="#000000" bgcolor="#BFFFBF"
             type="rectangle" x="915" y="208" width="46" height="17"/>
    </entry>
    <entry id="7" name="path:hsa04350" type="map"
        link="http://www.kegg.jp/dbget-bin/www_bget?hsa04350">
        <graphics name="TGF-beta signaling pathway" fgcolor="#000000" bgcolor="#FFFFFF"
             type="roundrectangle" x="573" y="769" width="102" height="34"/>
    </entry>
    <entry id="8" name="path:hsa04640" type="map"
        link="http://www.kegg.jp/dbget-bin/www_bget?hsa04640">
        <graphics name="Hematopoietic cell lineage" fgcolor="#000000" bgcolor="#FFFFFF"
             type="roundrectangle" x="170" y="592" width="111" height="34"/>
    </entry>
    <entry id="9" name="path:hsa04210" type="map"
        link="http://www.kegg.jp/dbget-bin/www_bget?hsa04210">
        <graphics name="Apoptosis" fgcolor="#000000" bgcolor="#FFFFFF"
             type="roundrectangle" x="919" y="119" width="102" height="34"/>
    </entry>
    <entry id="10" name="hsa:7157" type="gene"
        link="http://www.kegg.jp/dbget-bin/www_bget?hsa:7157">
        <graphics name="TP53, BCC7, LFS1, P53, TRP53" fgcolor="#000000" bgcolor="#BFFFBF"
             type="rectangle" x="978" y="678" width="46" height="17"/>
    </entry>
    <entry id="11" name="hsa:7040 hsa:7042 hsa:7043" type="gene"
        link="http://www.kegg.jp/dbget-bin/www_bget?hsa:7040+hsa:7042+hsa:7043">
        <graphics name="TGFB1, CED, DPD1, LAP, TGFB, TGFbeta..." fgcolor="#000000" bgcolor="#BFFFBF"
             type="rectangle" x="169" y="799" width="46" height="17"/>
    </entry>
    <entry id="12" name="hsa:3065 hsa:3066" type="gene"
        link="http://www.kegg.jp/dbget-bin/www_bget?hsa:3065+hsa:3066">
        <graphics name="HDAC1, GON-10, HD1, RPD3, RPD3L1..." fgcolor="#000000" bgcolor="#BFFFBF"
             type="rectangle" x="1024" y="764" width="46" height="17"/>
    </entry>
    <entry id="13" name="hsa:1487 hsa:1488" type="gene"
        link="http://www.kegg.jp/dbget-bin/www_bget?hsa:1487+hsa:1488">
        <graphics name="CTBP1, BARS..." fgcolor="#000000" bgcolor="#BFFFBF"
             type="rectangle" x="1024" y="747" width="46" height="17"/>
    </entry>
    <entry id="14" name="hsa:2122" type="gene"
        link="http://www.kegg.jp/dbget-bin/www_bget?hsa:2122">
        <graphics name="MECOM, AML1-EVI-1, EVI1, MDS1, MDS1-EVI1, PRDM3" fgcolor="#000000" bgcolor="#BFFFBF"
             type="rectangle" x="944" y="735" width="46" height="17"/>
    </entry>
    <entry id="15" name="hsa:4609" type="gene"
        link="http://www.kegg.jp/dbget-bin/www_bget?hsa:4609">
        <graphics name="MYC, MRTL, MYCC, bHLHe39, c-Myc" fgcolor="#000000" bgcolor="#BFFFBF"
             type="rectangle" x="914" y="344" width="46" height="17"/>
    </entry>
    <entry id="16" name="hsa:7048" type="gene"
        link="http://www.kegg.jp/dbget-bin/www_bget?hsa:7048">
        <graphics name="TGFBR2, AAT3, FAA3, LDS1B, LDS2B, MFS2, RIIC, TAAD2, TGFR-2, TGFbeta-RII" fgcolor="#000000" bgcolor="#BFFFBF"
             type="rectangle" x="251" y="808" width="46" height="17"/>
    </entry>
    <entry id="17" name="hsa:7046" type="gene"
        link="http://www.kegg.jp/dbget-bin/www_bget?hsa:7046">
        <graphics name="TGFBR1, AAT5, ACVRLK4, ALK-5, ALK5, LDS1A, LDS2A, MSSE, SKR4, TGFR-1" fgcolor="#000000" bgcolor="#BFFFBF"
             type="rectangle" x="251" y="791" width="46" height="17"/>
    </entry>
    <entry id="18" name="hsa:6776 hsa:6777" type="gene"
        link="http://www.kegg.jp/dbget-bin/www_bget?hsa:6776+hsa:6777">
        <graphics name="STAT5A, MGF, STAT5..." fgcolor="#000000" bgcolor="#BFFFBF"
             type="rectangle" x="393" y="371" width="46" height="17"/>
    </entry>
    <entry id="19" name="hsa:4089" type="gene"
        link="http://www.kegg.jp/dbget-bin/www_bget?hsa:4089">
        <graphics name="SMAD4, DPC4, JIP, MADH4, MYHRS" fgcolor="#000000" bgcolor="#BFFFBF"
             type="rectangle" x="426" y="831" width="46" height="17"/>
    </entry>
    <entry id="20" name="hsa:4790 hsa:5970" type="gene"
        link="http://www.kegg.jp/dbget-bin/www_bget?hsa:4790+hsa:5970">
        <graphics name="NFKB1, EBP-1, KBF1, NF-kB1, NF-kappa-B, NF-kappaB, NFKB-p105, NFKB-p50, NFkappaB, p105, p50..." fgcolor="#000000" bgcolor="#BFFFBF"
             type="rectangle" x="795" y="184" width="46" height="17"/>
    </entry>
    <entry id="21" name="hsa:4792" type="gene"
        link="http://www.kegg.jp/dbget-bin/www_bget?hsa:4792">
        <graphics name="NFKBIA, IKBA, MAD-3, NFKBI" fgcolor="#000000" bgcolor="#BFFFBF"
             type="rectangle" x="795" y="150" width="46" height="17"/>
    </entry>
    <entry id="22" name="hsa:1027" type="gene"
        link="http://www.kegg.jp/dbget-bin/www_bget?hsa:1027">
        <graphics name="CDKN1B, CDKN4, KIP1, MEN1B, MEN4, P27KIP1" fgcolor="#000000" bgcolor="#BFFFBF"
             type="rectangle" x="716" y="241" width="46" height="17"/>
    </entry>
    <entry id="23" name="hsa:4193" type="gene"
        link="http://www.kegg.jp/dbget-bin/www_bget?hsa:4193">
        <graphics name="MDM2, ACTFS, HDMX, hdm2" fgcolor="#000000" bgcolor="#BFFFBF"
             type="rectangle" x="716" y="208" width="46" height="17"/>
    </entry>
    <entry id="24" name="hsa:1147 hsa:3551 hsa:8517" type="gene"
        link="http://www.kegg.jp/dbget-bin/www_bget?hsa:1147+hsa:3551+hsa:8517">
        <graphics name="CHUK, IKBKA, IKK-alpha, IKK1, IKKA, NFKBIKA, TCF16..." fgcolor="#000000" bgcolor="#BFFFBF"
             type="rectangle" x="716" y="149" width="46" height="17"/>
    </entry>
    <entry id="25" name="hsa:598" type="gene"
        link="http://www.kegg.jp/dbget-bin/www_bget?hsa:598">
        <graphics name="BCL2L1, BCL-XL/S, BCL2L, BCLX, BCLXL, BCLXS, Bcl-X, PPP1R52, bcl-xL, bcl-xS" fgcolor="#000000" bgcolor="#BFFFBF"
             type="rectangle" x="716" y="121" width="46" height="17"/>
    </entry>
    <entry id="26" name="hsa:572" type="gene"
        link="http://www.kegg.jp/dbget-bin/www_bget?hsa:572">
        <graphics name="BAD, BBC2, BCL2L8" fgcolor="#000000" bgcolor="#BFFFBF"
             type="rectangle" x="645" y="121" width="46" height="17"/>
    </entry>
    <entry id="27" name="hsa:1029" type="gene"
        link="http://www.kegg.jp/dbget-bin/www_bget?hsa:1029">
        <graphics name="CDKN2A, ARF, CDK4I, CDKN2, CMM2, INK4, INK4A, MLM, MTS-1, MTS1, P14, P14ARF, P16, P16-INK4A, P16INK4, P16INK4A, P19, P19ARF, TP16" fgcolor="#000000" bgcolor="#BFFFBF"
             type="rectangle" x="1039" y="444" width="46" height="17"/>
    </entry>
    <entry id="28" name="hsa:1026" type="gene"
        link="http://www.kegg.jp/dbget-bin/www_bget?hsa:1026">
        <graphics name="CDKN1A, CAP20, CDKN1, CIP1, MDA-6, P21, SDI1, WAF1, p21CIP1" fgcolor="#000000" bgcolor="#BFFFBF"
             type="rectangle" x="909" y="540" width="46" height="17"/>
    </entry>
    <entry id="29" name="hsa:6654 hsa:6655" type="gene"
        link="http://www.kegg.jp/dbget-bin/www_bget?hsa:6654+hsa:6655">
        <graphics name="SOS1, GF1, GGF1, GINGF, HGF, NS4..." fgcolor="#000000" bgcolor="#BFFFBF"
             type="rectangle" x="472" y="263" width="46" height="17"/>
    </entry>
    <entry id="30" name="hsa:2885" type="gene"
        link="http://www.kegg.jp/dbget-bin/www_bget?hsa:2885">
        <graphics name="GRB2, ASH, EGFRBP-GRB2, Grb3-3, MST084, MSTP084, NCKAP2" fgcolor="#000000" bgcolor="#BFFFBF"
             type="rectangle" x="412" y="243" width="46" height="17"/>
    </entry>
    <entry id="31" name="hsa:25759 hsa:399694 hsa:53358 hsa:6464" type="gene"
        link="http://www.kegg.jp/dbget-bin/www_bget?hsa:25759+hsa:399694+hsa:53358+hsa:6464">
        <graphics name="SHC2, SCK, SHCB, SLI..." fgcolor="#000000" bgcolor="#BFFFBF"
             type="rectangle" x="412" y="304" width="46" height="17"/>
    </entry>
    <entry id="32" name="hsa:9846" type="gene"
        link="http://www.kegg.jp/dbget-bin/www_bget?hsa:9846">
        <graphics name="GAB2" fgcolor="#000000" bgcolor="#BFFFBF"
             type="rectangle" x="433" y="208" width="46" height="17"/>
    </entry>
    <entry id="33" name="hsa:1398 hsa:1399" type="gene"
        link="http://www.kegg.jp/dbget-bin/www_bget?hsa:1398+hsa:1399">
        <graphics name="CRK, CRKII, p38..." fgcolor="#000000" bgcolor="#BFFFBF"
             type="rectangle" x="377" y="191" width="46" height="17"/>
    </entry>
    <entry id="34" name="hsa:23624 hsa:867 hsa:868" type="gene"
        link="http://www.kegg.jp/dbget-bin/www_bget?hsa:23624+hsa:867+hsa:868">
        <graphics name="CBLC, CBL-3, CBL-SL, RNF57..." fgcolor="#000000" bgcolor="#BFFFBF"
             type="rectangle" x="377" y="174" width="46" height="17"/>
    </entry>
    <entry id="35" name="hsa:1398 hsa:1399" type="gene"
        link="http://www.kegg.jp/dbget-bin/www_bget?hsa:1398+hsa:1399">
        <graphics name="CRK, CRKII, p38..." fgcolor="#000000" bgcolor="#BFFFBF"
             type="rectangle" x="377" y="157" width="46" height="17"/>
    </entry>
    <entry id="36" name="cpd:C05981" type="compound"
        link="http://www.kegg.jp/dbget-bin/www_bget?C05981">
        <graphics name="C05981" fgcolor="#000000" bgcolor="#FFFFFF"
             type="circle" x="506" y="174" width="8" height="8"/>
    </entry>
    <entry id="37" name="hsa:4193" type="gene"
        link="http://www.kegg.jp/dbget-bin/www_bget?hsa:4193">
        <graphics name="MDM2, ACTFS, HDMX, hdm2" fgcolor="#000000" bgcolor="#BFFFBF"
             type="rectangle" x="957" y="444" width="46" height="17"/>
    </entry>
    <entry id="38" name="hsa:7157" type="gene"
        link="http://www.kegg.jp/dbget-bin/www_bget?hsa:7157">
        <graphics name="TP53, BCC7, LFS1, P53, TRP53" fgcolor="#000000" bgcolor="#BFFFBF"
             type="rectangle" x="909" y="474" width="46" height="17"/>
    </entry>
    <entry id="39" name="hsa:1869 hsa:1870 hsa:1871" type="gene"
        link="http://www.kegg.jp/dbget-bin/www_bget?hsa:1869+hsa:1870+hsa:1871">
        <graphics name="E2F1, E2F-1, RBAP1, RBBP3, RBP3..." fgcolor="#000000" bgcolor="#BFFFBF"
             type="rectangle" x="1056" y="613" width="46" height="17"/>
    </entry>
    <entry id="40" name="hsa:5925" type="gene"
        link="http://www.kegg.jp/dbget-bin/www_bget?hsa:5925">
        <graphics name="RB1, OSRC, RB, p105-Rb, pRb, pp110" fgcolor="#000000" bgcolor="#BFFFBF"
             type="rectangle" x="1056" y="576" width="46" height="17"/>
    </entry>
    <entry id="41" name="hsa:4088" type="gene"
        link="http://www.kegg.jp/dbget-bin/www_bget?hsa:4088">
        <graphics name="SMAD3, HSPC193, HsT17436, JV15-2, LDS1C, LDS3, MADH3" fgcolor="#000000" bgcolor="#BFFFBF"
             type="rectangle" x="426" y="799" width="46" height="17"/>
    </entry>
    <entry id="42" name="hsa:1019 hsa:1021" type="gene"
        link="http://www.kegg.jp/dbget-bin/www_bget?hsa:1019+hsa:1021">
        <graphics name="CDK4, CMM3, PSK-J3..." fgcolor="#000000" bgcolor="#BFFFBF"
             type="rectangle" x="973" y="583" width="46" height="17"/>
    </entry>
    <entry id="43" name="hsa:595" type="gene"
        link="http://www.kegg.jp/dbget-bin/www_bget?hsa:595">
        <graphics name="CCND1, BCL1, D11S287E, PRAD1, U21B31" fgcolor="#000000" bgcolor="#BFFFBF"
             type="rectangle" x="973" y="566" width="46" height="17"/>
    </entry>
    <entry id="44" name="path:hsa04010" type="map"
        link="http://www.kegg.jp/dbget-bin/www_bget?hsa04010">
        <graphics name="MAPK signaling pathway" fgcolor="#000000" bgcolor="#FFFFFF"
             type="roundrectangle" x="673" y="306" width="102" height="34"/>
    </entry>
    <entry id="45" name="hsa:10000 hsa:207 hsa:208" type="gene"
        link="http://www.kegg.jp/dbget-bin/www_bget?hsa:10000+hsa:207+hsa:208">
        <graphics name="AKT3, MPPH, PKB-GAMMA, PKBG, PRKBG, RAC-PK-gamma, RAC-gamma, STK-2..." fgcolor="#000000" bgcolor="#BFFFBF"
             type="rectangle" x="558" y="174" width="46" height="17"/>
    </entry>
    <entry id="46" name="hsa:23533 hsa:5290 hsa:5291 hsa:5293 hsa:5294 hsa:5295 hsa:5296 hsa:8503" type="gene"
        link="http://www.kegg.jp/dbget-bin/www_bget?hsa:23533+hsa:5290+hsa:5291+hsa:5293+hsa:5294+hsa:5295+hsa:5296+hsa:8503">
        <graphics name="PIK3R5, F730038I15Rik, FOAP-2, P101-PI3K, p101..." fgcolor="#000000" bgcolor="#BFFFBF"
             type="rectangle" x="452" y="175" width="46" height="17"/>
    </entry>
    <entry id="47" name="hsa:1029" type="gene"
        link="http://www.kegg.jp/dbget-bin/www_bget?hsa:1029">
        <graphics name="CDKN2A, ARF, CDK4I, CDKN2, CMM2, INK4, INK4A, MLM, MTS-1, MTS1, P14, P14ARF, P16, P16-INK4A, P16INK4, P16INK4A, P19, P19ARF, TP16" fgcolor="#000000" bgcolor="#BFFFBF"
             type="rectangle" x="910" y="608" width="46" height="17"/>
    </entry>
    <entry id="48" name="path:hsa05220" type="map"
        link="http://www.kegg.jp/dbget-bin/www_bget?hsa05220">
        <graphics name="TITLE:Chronic myeloid leukemia" fgcolor="#000000" bgcolor="#FFFFFF"
             type="roundrectangle" x="159" y="58" width="238" height="25"/>
    </entry>
    <entry id="49" name="path:hsa04110" type="map"
        link="http://www.kegg.jp/dbget-bin/www_bget?hsa04110">
        <graphics name="Cell cycle" fgcolor="#000000" bgcolor="#FFFFFF"
             type="roundrectangle" x="1052" y="506" width="102" height="34"/>
    </entry>
    <entry id="50" name="hsa:5594 hsa:5595" type="gene"
        link="http://www.kegg.jp/dbget-bin/www_bget?hsa:5594+hsa:5595">
        <graphics name="MAPK1, ERK, ERK2, ERT1, MAPK2, P42MAPK, PRKM1, PRKM2, p38, p40, p41, p41mapk..." fgcolor="#000000" bgcolor="#BFFFBF"
             type="rectangle" x="795" y="273" width="46" height="17"/>
    </entry>
    <entry id="51" name="hsa:5604 hsa:5605" type="gene"
        link="http://www.kegg.jp/dbget-bin/www_bget?hsa:5604+hsa:5605">
        <graphics name="MAP2K1, CFC3, MAPKK1, MEK1, MKK1, PRKMK1..." fgcolor="#000000" bgcolor="#BFFFBF"
             type="rectangle" x="716" y="273" width="46" height="17"/>
    </entry>
    <entry id="52" name="hsa:369 hsa:5894 hsa:673" type="gene"
        link="http://www.kegg.jp/dbget-bin/www_bget?hsa:369+hsa:5894+hsa:673">
        <graphics name="ARAF, A-RAF, ARAF1, PKS2, RAFA1..." fgcolor="#000000" bgcolor="#BFFFBF"
             type="rectangle" x="635" y="273" width="46" height="17"/>
    </entry>
    <entry id="53" name="hsa:3265 hsa:3845 hsa:4893" type="gene"
        link="http://www.kegg.jp/dbget-bin/www_bget?hsa:3265+hsa:3845+hsa:4893">
        <graphics name="HRAS, C-BAS/HAS, C-H-RAS, C-HA-RAS1, CTLO, H-RASIDX, HAMSV, HRAS1, K-RAS, N-RAS, RASH1..." fgcolor="#000000" bgcolor="#BFFFBF"
             type="rectangle" x="553" y="273" width="46" height="17"/>
    </entry>
    <entry id="54" name="path:hsa04151" type="map"
        link="http://www.kegg.jp/dbget-bin/www_bget?hsa04151">
        <graphics name="PI3K-Akt signaling pathway" fgcolor="#000000" bgcolor="#FFFFFF"
             type="roundrectangle" x="509" y="134" width="102" height="34"/>
    </entry>
    <entry id="55" name="undefined" type="group">
        <graphics fgcolor="#000000" bgcolor="#FFFFFF"
             type="rectangle" x="377" y="174" width="46" height="51"/>
        <component id="33"/>
        <component id="34"/>
        <component id="35"/>
    </entry>
    <entry id="56" name="undefined" type="group">
        <graphics fgcolor="#000000" bgcolor="#FFFFFF"
             type="rectangle" x="251" y="799" width="46" height="34"/>
        <component id="16"/>
        <component id="17"/>
    </entry>
    <entry id="57" name="undefined" type="group">
        <graphics fgcolor="#000000" bgcolor="#FFFFFF"
             type="rectangle" x="1024" y="755" width="46" height="34"/>
        <component id="12"/>
        <component id="13"/>
    </entry>
    <entry id="58" name="undefined" type="group">
        <graphics fgcolor="#000000" bgcolor="#FFFFFF"
             type="rectangle" x="973" y="574" width="46" height="34"/>
        <component id="42"/>
        <component id="43"/>
    </entry>
    <relation entry1="46" entry2="45" type="PPrel">
        <subtype name="compound" value="36"/>
    </relation>
    <relation entry1="55" entry2="46" type="PPrel">
        <subtype name="activation" value="--&gt;"/>
    </relation>
    <relation entry1="5" entry2="30" type="PPrel">
        <subtype name="activation" value="--&gt;"/>
    </relation>
    <relation entry1="30" entry2="32" type="PPrel">
        <subtype name="activation" value="--&gt;"/>
    </relation>
    <relation entry1="32" entry2="46" type="PPrel">
        <subtype name="activation" value="--&gt;"/>
    </relation>
    <relation entry1="32" entry2="4" type="PPrel">
        <subtype name="activation" value="--&gt;"/>
    </relation>
    <relation entry1="30" entry2="29" type="PPrel">
        <subtype name="activation" value="--&gt;"/>
    </relation>
    <relation entry1="29" entry2="53" type="PPrel">
        <subtype name="activation" value="--&gt;"/>
    </relation>
    <relation entry1="53" entry2="52" type="PPrel">
        <subtype name="activation" value="--&gt;"/>
    </relation>
    <relation entry1="11" entry2="56" type="PPrel">
        <subtype name="activation" value="--&gt;"/>
    </relation>
    <relation entry1="14" entry2="57" type="PPrel">
        <subtype name="activation" value="--&gt;"/>
    </relation>
    <relation entry1="2" entry2="57" type="PPrel">
        <subtype name="activation" value="--&gt;"/>
    </relation>
    <relation entry1="5" entry2="55" type="PPrel">
        <subtype name="activation" value="--&gt;"/>
        <subtype name="phosphorylation" value="+p"/>
    </relation>
    <relation entry1="45" entry2="24" type="PPrel">
        <subtype name="activation" value="--&gt;"/>
        <subtype name="phosphorylation" value="+p"/>
    </relation>
    <relation entry1="24" entry2="21" type="PPrel">
        <subtype name="activation" value="--&gt;"/>
        <subtype name="phosphorylation" value="+p"/>
    </relation>
    <relation entry1="45" entry2="23" type="PPrel">
        <subtype name="activation" value="--&gt;"/>
        <subtype name="phosphorylation" value="+p"/>
    </relation>
    <relation entry1="5" entry2="31" type="PPrel">
        <subtype name="activation" value="--&gt;"/>
        <subtype name="phosphorylation" value="+p"/>
    </relation>
    <relation entry1="52" entry2="51" type="PPrel">
        <subtype name="activation" value="--&gt;"/>
        <subtype name="phosphorylation" value="+p"/>
    </relation>
    <relation entry1="51" entry2="50" type="PPrel">
        <subtype name="activation" value="--&gt;"/>
        <subtype name="phosphorylation" value="+p"/>
    </relation>
    <relation entry1="58" entry2="40" type="PPrel">
        <subtype name="activation" value="--&gt;"/>
        <subtype name="phosphorylation" value="+p"/>
    </relation>
    <relation entry1="56" entry2="41" type="PPrel">
        <subtype name="activation" value="--&gt;"/>
        <subtype name="phosphorylation" value="+p"/>
    </relation>
    <relation entry1="45" entry2="26" type="PPrel">
        <subtype name="inhibition" value="--|"/>
        <subtype name="phosphorylation" value="+p"/>
    </relation>
    <relation entry1="45" entry2="22" type="PPrel">
        <subtype name="inhibition" value="--|"/>
        <subtype name="phosphorylation" value="+p"/>
    </relation>
    <relation entry1="23" entry2="6" type="PPrel">
        <subtype name="inhibition" value="--|"/>
    </relation>
    <relation entry1="37" entry2="38" type="PPrel">
        <subtype name="inhibition" value="--|"/>
    </relation>
    <relation entry1="28" entry2="58" type="PPrel">
        <subtype name="inhibition" value="--|"/>
    </relation>
    <relation entry1="19" entry2="41" type="PPrel">
        <subtype name="binding/association" value="---"/>
    </relation>
    <relation entry1="38" entry2="28" type="GErel">
        <subtype name="expression" value="--&gt;"/>
    </relation>
    <relation entry1="20" entry2="21" type="PPrel">
        <subtype name="dissociation" value="-+-"/>
    </relation>
    <relation entry1="39" entry2="40" type="PPrel">
        <subtype name="dissociation" value="-+-"/>
    </relation>
    <relation entry1="26" entry2="25" type="PPrel">
        <subtype name="inhibition" value="--|"/>
    </relation>
    <relation entry1="5" entry2="15" type="PPrel">
        <subtype name="indirect effect" value="..&gt;"/>
    </relation>
    <relation entry1="5" entry2="18" type="PPrel">
        <subtype name="activation" value="--&gt;"/>
    </relation>
    <relation entry1="18" entry2="3" type="GErel">
        <subtype name="expression" value="--&gt;"/>
    </relation>
    <relation entry1="27" entry2="37" type="PPrel">
        <subtype name="missing interaction" value="-/-"/>
    </relation>
    <relation entry1="47" entry2="58" type="PPrel">
        <subtype name="missing interaction" value="-/-"/>
    </relation>
</pathway>