<?xml version="1.0"?>
<!DOCTYPE pathway SYSTEM "http://www.kegg.jp/kegg/xml/KGML_v0.7.1_.dtd">
<!-- Creation date: May 27, 2010 12:16:15 +0900 (JST) -->
<pathway name="path:hsa03420" org="hsa" number="03420"
         title="Nucleotide excision repair"
         image="http://www.kegg.jp/kegg/pathway/hsa/hsa03420.png"
         link="http://www.kegg.jp/kegg-bin/show_pathway?hsa03420">
    <entry id="1" name="hsa:2968" type="gene"
        link="http://www.kegg.jp/dbget-bin/www_bget?hsa:2968">
        <graphics name="GTF2H4, P52, TFB2, TFIIH" fgcolor="#000000" bgcolor="#BFFFBF"
             type="rectangle" x="668" y="888" width="46" height="17"/>
    </entry>
    <entry id="2" name="hsa:2967" type="gene"
        link="http://www.kegg.jp/dbget-bin/www_bget?hsa:2967">
        <graphics name="GTF2H3, BTF2, P34, TFB4, TFIIH" fgcolor="#000000" bgcolor="#BFFFBF"
             type="rectangle" x="668" y="871" width="46" height="17"/>
    </entry>
    <entry id="3" name="hsa:2966 hsa:728340 hsa:730394" type="gene"
        link="http://www.kegg.jp/dbget-bin/www_bget?hsa:2966+hsa:728340+hsa:730394">
        <graphics name="GTF2H2, BTF2, BTF2P44, T-BTF2P44, TFIIH, p44..." fgcolor="#000000" bgcolor="#BFFFBF"
             type="rectangle" x="668" y="854" width="46" height="17"/>
    </entry>
    <entry id="4" name="hsa:2965" type="gene"
        link="http://www.kegg.jp/dbget-bin/www_bget?hsa:2965">
        <graphics name="GTF2H1, BTF2, P62, TFB1, TFIIH" fgcolor="#000000" bgcolor="#BFFFBF"
             type="rectangle" x="668" y="837" width="46" height="17"/>
    </entry>
    <entry id="5" name="hsa:2068" type="gene"
        link="http://www.kegg.jp/dbget-bin/www_bget?hsa:2068">
        <graphics name="ERCC2, COFS2, EM9, TTD, XPD" fgcolor="#000000" bgcolor="#BFFFBF"
             type="rectangle" x="622" y="854" width="46" height="17"/>
    </entry>
    <entry id="6" name="hsa:404672" type="gene"
        link="http://www.kegg.jp/dbget-bin/www_bget?hsa:404672">
        <graphics name="GTF2H5, C6orf175, TFB5, TFIIH, TGF2H5, TTD, TTD-A, TTDA, bA120J8.2" fgcolor="#000000" bgcolor="#BFFFBF"
             type="rectangle" x="622" y="871" width="46" height="17"/>
    </entry>
    <entry id="7" name="hsa:2071" type="gene"
        link="http://www.kegg.jp/dbget-bin/www_bget?hsa:2071">
        <graphics name="ERCC3, BTF2, GTF2H, RAD25, TFIIH, XPB" fgcolor="#000000" bgcolor="#BFFFBF"
             type="rectangle" x="622" y="837" width="46" height="17"/>
    </entry>
    <entry id="8" name="hsa:902" type="gene"
        link="http://www.kegg.jp/dbget-bin/www_bget?hsa:902">
        <graphics name="CCNH, CAK, p34, p37" fgcolor="#000000" bgcolor="#BFFFBF"
             type="rectangle" x="576" y="871" width="46" height="17"/>
    </entry>
    <entry id="9" name="hsa:4331" type="gene"
        link="http://www.kegg.jp/dbget-bin/www_bget?hsa:4331">
        <graphics name="MNAT1, CAP35, MAT1, RNF66, TFB3" fgcolor="#000000" bgcolor="#BFFFBF"
             type="rectangle" x="576" y="854" width="46" height="17"/>
    </entry>
    <entry id="10" name="hsa:1022" type="gene"
        link="http://www.kegg.jp/dbget-bin/www_bget?hsa:1022">
        <graphics name="CDK7, CAK1, CDKN7, HCAK, MO15, STK1, p39MO15" fgcolor="#000000" bgcolor="#BFFFBF"
             type="rectangle" x="576" y="837" width="46" height="17"/>
    </entry>
    <entry id="11" name="hsa:1642" type="gene"
        link="http://www.kegg.jp/dbget-bin/www_bget?hsa:1642">
        <graphics name="DDB1, DDBA, UV-DDB1, XAP1, XPCE, XPE, XPE-BF" fgcolor="#000000" bgcolor="#BFFFBF"
             type="rectangle" x="984" y="308" width="46" height="17"/>
    </entry>
    <entry id="12" name="hsa:8450 hsa:8451" type="gene"
        link="http://www.kegg.jp/dbget-bin/www_bget?hsa:8450+hsa:8451">
        <graphics name="CUL4B, MRXHF2, MRXS15, MRXSC, SFM2..." fgcolor="#000000" bgcolor="#BFFFBF"
             type="rectangle" x="984" y="291" width="46" height="17"/>
    </entry>
    <entry id="13" name="hsa:9978" type="gene"
        link="http://www.kegg.jp/dbget-bin/www_bget?hsa:9978">
        <graphics name="RBX1, BA554C12.1, RNF75, ROC1" fgcolor="#000000" bgcolor="#BFFFBF"
             type="rectangle" x="984" y="274" width="46" height="17"/>
    </entry>
    <entry id="14" name="path:hsa03020" type="map"
        link="http://www.kegg.jp/dbget-bin/www_bget?hsa03020">
        <graphics name="RNA polymerase" fgcolor="#000000" bgcolor="#FFFFFF"
             type="roundrectangle" x="1125" y="238" width="102" height="25"/>
    </entry>
    <entry id="15" name="path:hsa03020" type="map"
        link="http://www.kegg.jp/dbget-bin/www_bget?hsa03020">
        <graphics name="RNA polymerase" fgcolor="#000000" bgcolor="#FFFFFF"
             type="roundrectangle" x="519" y="228" width="102" height="25"/>
    </entry>
    <entry id="16" name="ko:K03702" type="ortholog"
        link="http://www.kegg.jp/dbget-bin/www_bget?K03702">
        <graphics name="K03702" fgcolor="#000000" bgcolor="#FFFFFF"
             type="rectangle" x="140" y="256" width="46" height="17"/>
    </entry>
    <entry id="17" name="ko:K03701" type="ortholog"
        link="http://www.kegg.jp/dbget-bin/www_bget?K03701">
        <graphics name="K03701" fgcolor="#000000" bgcolor="#FFFFFF"
             type="rectangle" x="140" y="239" width="46" height="17"/>
    </entry>
    <entry id="18" name="ko:K01971 ko:K01972" type="ortholog"
        link="http://www.kegg.jp/dbget-bin/www_bget?K01971+K01972">
        <graphics name="K01971..." fgcolor="#000000" bgcolor="#FFFFFF"
             type="rectangle" x="272" y="899" width="46" height="17"/>
    </entry>
    <entry id="19" name="ko:K02335" type="ortholog"
        link="http://www.kegg.jp/dbget-bin/www_bget?K02335">
        <graphics name="K02335" fgcolor="#000000" bgcolor="#FFFFFF"
             type="rectangle" x="272" y="779" width="46" height="17"/>
    </entry>
    <entry id="20" name="hsa:4331" type="gene"
        link="http://www.kegg.jp/dbget-bin/www_bget?hsa:4331">
        <graphics name="MNAT1, CAP35, MAT1, RNF66, TFB3" fgcolor="#000000" bgcolor="#BFFFBF"
             type="rectangle" x="766" y="480" width="46" height="17"/>
    </entry>
    <entry id="21" name="ko:K03701" type="ortholog"
        link="http://www.kegg.jp/dbget-bin/www_bget?K03701">
        <graphics name="K03701" fgcolor="#000000" bgcolor="#FFFFFF"
             type="rectangle" x="393" y="338" width="46" height="17"/>
    </entry>
    <entry id="22" name="hsa:3978" type="gene"
        link="http://www.kegg.jp/dbget-bin/www_bget?hsa:3978">
        <graphics name="LIG1" fgcolor="#000000" bgcolor="#BFFFBF"
             type="rectangle" x="885" y="899" width="46" height="17"/>
    </entry>
    <entry id="23" name="hsa:5981 hsa:5982 hsa:5983 hsa:5984 hsa:5985" type="gene"
        link="http://www.kegg.jp/dbget-bin/www_bget?hsa:5981+hsa:5982+hsa:5983+hsa:5984+hsa:5985">
        <graphics name="RFC1, A1, MHCBFB, PO-GA, RECC1, RFC, RFC140..." fgcolor="#000000" bgcolor="#BFFFBF"
             type="rectangle" x="853" y="779" width="46" height="17"/>
    </entry>
    <entry id="24" name="hsa:5111" type="gene"
        link="http://www.kegg.jp/dbget-bin/www_bget?hsa:5111">
        <graphics name="PCNA" fgcolor="#000000" bgcolor="#BFFFBF"
             type="rectangle" x="853" y="756" width="46" height="17"/>
    </entry>
    <entry id="25" name="ko:K03657" type="ortholog"
        link="http://www.kegg.jp/dbget-bin/www_bget?K03657">
        <graphics name="K03657" fgcolor="#000000" bgcolor="#FFFFFF"
             type="rectangle" x="272" y="756" width="46" height="17"/>
    </entry>
    <entry id="26" name="hsa:54107 hsa:5426 hsa:5427 hsa:56655" type="gene"
        link="http://www.kegg.jp/dbget-bin/www_bget?hsa:54107+hsa:5426+hsa:5427+hsa:56655">
        <graphics name="POLE3, CHARAC17, CHRAC17, YBL1, p17..." fgcolor="#000000" bgcolor="#BFFFBF"
             type="rectangle" x="798" y="779" width="46" height="17"/>
    </entry>
    <entry id="27" name="hsa:2072" type="gene"
        link="http://www.kegg.jp/dbget-bin/www_bget?hsa:2072">
        <graphics name="ERCC4, ERCC11, RAD1, XPF" fgcolor="#000000" bgcolor="#BFFFBF"
             type="rectangle" x="852" y="611" width="46" height="17"/>
    </entry>
    <entry id="28" name="hsa:100533467 hsa:2073" type="gene"
        link="http://www.kegg.jp/dbget-bin/www_bget?hsa:100533467+hsa:2073">
        <graphics name="BIVM-ERCC5..." fgcolor="#000000" bgcolor="#BFFFBF"
             type="rectangle" x="983" y="463" width="46" height="17"/>
    </entry>
    <entry id="29" name="hsa:10714 hsa:5424 hsa:5425 hsa:57804" type="gene"
        link="http://www.kegg.jp/dbget-bin/www_bget?hsa:10714+hsa:5424+hsa:5425+hsa:57804">
        <graphics name="POLD3, P66, P68..." fgcolor="#000000" bgcolor="#BFFFBF"
             type="rectangle" x="798" y="756" width="46" height="17"/>
    </entry>
    <entry id="30" name="hsa:29935 hsa:6117 hsa:6118 hsa:6119" type="gene"
        link="http://www.kegg.jp/dbget-bin/www_bget?hsa:29935+hsa:6117+hsa:6118+hsa:6119">
        <graphics name="RPA4, HSU24186..." fgcolor="#000000" bgcolor="#BFFFBF"
             type="rectangle" x="1040" y="480" width="46" height="17"/>
    </entry>
    <entry id="31" name="hsa:2968" type="gene"
        link="http://www.kegg.jp/dbget-bin/www_bget?hsa:2968">
        <graphics name="GTF2H4, P52, TFB2, TFIIH" fgcolor="#000000" bgcolor="#BFFFBF"
             type="rectangle" x="858" y="514" width="46" height="17"/>
    </entry>
    <entry id="32" name="hsa:2067" type="gene"
        link="http://www.kegg.jp/dbget-bin/www_bget?hsa:2067">
        <graphics name="ERCC1, COFS4, RAD10, UV20" fgcolor="#000000" bgcolor="#BFFFBF"
             type="rectangle" x="852" y="628" width="46" height="17"/>
    </entry>
    <entry id="33" name="hsa:7507" type="gene"
        link="http://www.kegg.jp/dbget-bin/www_bget?hsa:7507">
        <graphics name="XPA, XP1, XPAC" fgcolor="#000000" bgcolor="#BFFFBF"
             type="rectangle" x="1040" y="463" width="46" height="17"/>
    </entry>
    <entry id="34" name="hsa:2967" type="gene"
        link="http://www.kegg.jp/dbget-bin/www_bget?hsa:2967">
        <graphics name="GTF2H3, BTF2, P34, TFB4, TFIIH" fgcolor="#000000" bgcolor="#BFFFBF"
             type="rectangle" x="858" y="497" width="46" height="17"/>
    </entry>
    <entry id="35" name="hsa:2966 hsa:728340 hsa:730394" type="gene"
        link="http://www.kegg.jp/dbget-bin/www_bget?hsa:2966+hsa:728340+hsa:730394">
        <graphics name="GTF2H2, BTF2, BTF2P44, T-BTF2P44, TFIIH, p44..." fgcolor="#000000" bgcolor="#BFFFBF"
             type="rectangle" x="858" y="480" width="46" height="17"/>
    </entry>
    <entry id="36" name="hsa:404672" type="gene"
        link="http://www.kegg.jp/dbget-bin/www_bget?hsa:404672">
        <graphics name="GTF2H5, C6orf175, TFB5, TFIIH, TGF2H5, TTD, TTD-A, TTDA, bA120J8.2" fgcolor="#000000" bgcolor="#BFFFBF"
             type="rectangle" x="812" y="497" width="46" height="17"/>
    </entry>
    <entry id="37" name="ko:K03702" type="ortholog"
        link="http://www.kegg.jp/dbget-bin/www_bget?K03702">
        <graphics name="K03702" fgcolor="#000000" bgcolor="#FFFFFF"
             type="rectangle" x="393" y="355" width="46" height="17"/>
    </entry>
    <entry id="38" name="hsa:1643" type="gene"
        link="http://www.kegg.jp/dbget-bin/www_bget?hsa:1643">
        <graphics name="DDB2, DDBB, UV-DDB2" fgcolor="#000000" bgcolor="#BFFFBF"
             type="rectangle" x="744" y="322" width="46" height="17"/>
    </entry>
    <entry id="39" name="hsa:1642" type="gene"
        link="http://www.kegg.jp/dbget-bin/www_bget?hsa:1642">
        <graphics name="DDB1, DDBA, UV-DDB1, XAP1, XPCE, XPE, XPE-BF" fgcolor="#000000" bgcolor="#BFFFBF"
             type="rectangle" x="744" y="305" width="46" height="17"/>
    </entry>
    <entry id="40" name="hsa:8450 hsa:8451" type="gene"
        link="http://www.kegg.jp/dbget-bin/www_bget?hsa:8450+hsa:8451">
        <graphics name="CUL4B, MRXHF2, MRXS15, MRXSC, SFM2..." fgcolor="#000000" bgcolor="#BFFFBF"
             type="rectangle" x="744" y="288" width="46" height="17"/>
    </entry>
    <entry id="41" name="hsa:9978" type="gene"
        link="http://www.kegg.jp/dbget-bin/www_bget?hsa:9978">
        <graphics name="RBX1, BA554C12.1, RNF75, ROC1" fgcolor="#000000" bgcolor="#BFFFBF"
             type="rectangle" x="744" y="271" width="46" height="17"/>
    </entry>
    <entry id="42" name="ko:K03723" type="ortholog"
        link="http://www.kegg.jp/dbget-bin/www_bget?K03723">
        <graphics name="K03723" fgcolor="#000000" bgcolor="#FFFFFF"
             type="rectangle" x="393" y="239" width="46" height="17"/>
    </entry>
    <entry id="43" name="path:hsa04120" type="map"
        link="http://www.kegg.jp/dbget-bin/www_bget?hsa04120">
        <graphics name="Ubiquitin mediated proteolysis" fgcolor="#000000" bgcolor="#FFFFFF"
             type="roundrectangle" x="895" y="352" width="130" height="34"/>
    </entry>
    <entry id="44" name="hsa:2071" type="gene"
        link="http://www.kegg.jp/dbget-bin/www_bget?hsa:2071">
        <graphics name="ERCC3, BTF2, GTF2H, RAD25, TFIIH, XPB" fgcolor="#000000" bgcolor="#BFFFBF"
             type="rectangle" x="812" y="463" width="46" height="17"/>
    </entry>
    <entry id="45" name="hsa:1069" type="gene"
        link="http://www.kegg.jp/dbget-bin/www_bget?hsa:1069">
        <graphics name="CETN2, CALT, CEN2" fgcolor="#000000" bgcolor="#BFFFBF"
             type="rectangle" x="836" y="304" width="46" height="17"/>
    </entry>
    <entry id="46" name="hsa:2965" type="gene"
        link="http://www.kegg.jp/dbget-bin/www_bget?hsa:2965">
        <graphics name="GTF2H1, BTF2, P62, TFB1, TFIIH" fgcolor="#000000" bgcolor="#BFFFBF"
             type="rectangle" x="858" y="463" width="46" height="17"/>
    </entry>
    <entry id="47" name="hsa:5886 hsa:5887" type="gene"
        link="http://www.kegg.jp/dbget-bin/www_bget?hsa:5886+hsa:5887">
        <graphics name="RAD23A, HHR23A, HR23A..." fgcolor="#000000" bgcolor="#BFFFBF"
             type="rectangle" x="836" y="287" width="46" height="17"/>
    </entry>
    <entry id="48" name="hsa:1161" type="gene"
        link="http://www.kegg.jp/dbget-bin/www_bget?hsa:1161">
        <graphics name="ERCC8, CKN1, CSA, UVSS2" fgcolor="#000000" bgcolor="#BFFFBF"
             type="rectangle" x="984" y="325" width="46" height="17"/>
    </entry>
    <entry id="49" name="hsa:2068" type="gene"
        link="http://www.kegg.jp/dbget-bin/www_bget?hsa:2068">
        <graphics name="ERCC2, COFS2, EM9, TTD, XPD" fgcolor="#000000" bgcolor="#BFFFBF"
             type="rectangle" x="812" y="480" width="46" height="17"/>
    </entry>
    <entry id="50" name="hsa:2074" type="gene"
        link="http://www.kegg.jp/dbget-bin/www_bget?hsa:2074">
        <graphics name="ERCC6, ARMD5, CKN2, COFS, COFS1, CSB, RAD26, UVSS1" fgcolor="#000000" bgcolor="#BFFFBF"
             type="rectangle" x="1036" y="274" width="46" height="17"/>
    </entry>
    <entry id="51" name="hsa:7508" type="gene"
        link="http://www.kegg.jp/dbget-bin/www_bget?hsa:7508">
        <graphics name="XPC, RAD4, XP3, XPCC" fgcolor="#000000" bgcolor="#BFFFBF"
             type="rectangle" x="836" y="270" width="46" height="17"/>
    </entry>
    <entry id="52" name="hsa:902" type="gene"
        link="http://www.kegg.jp/dbget-bin/www_bget?hsa:902">
        <graphics name="CCNH, CAK, p34, p37" fgcolor="#000000" bgcolor="#BFFFBF"
             type="rectangle" x="766" y="497" width="46" height="17"/>
    </entry>
    <entry id="53" name="ko:K03703" type="ortholog"
        link="http://www.kegg.jp/dbget-bin/www_bget?K03703">
        <graphics name="K03703" fgcolor="#000000" bgcolor="#FFFFFF"
             type="rectangle" x="272" y="628" width="46" height="17"/>
    </entry>
    <entry id="54" name="hsa:1022" type="gene"
        link="http://www.kegg.jp/dbget-bin/www_bget?hsa:1022">
        <graphics name="CDK7, CAK1, CDKN7, HCAK, MO15, STK1, p39MO15" fgcolor="#000000" bgcolor="#BFFFBF"
             type="rectangle" x="766" y="463" width="46" height="17"/>
    </entry>
    <entry id="55" name="path:hsa03420" type="map"
        link="http://www.kegg.jp/dbget-bin/www_bget?hsa03420">
        <graphics name="TITLE:Nucleotide excision repair" fgcolor="#000000" bgcolor="#FFFFFF"
             type="roundrectangle" x="161" y="58" width="242" height="25"/>
    </entry>
</pathway>