<?xml version="1.0"?>
<!DOCTYPE pathway SYSTEM "http://www.kegg.jp/kegg/xml/KGML_v0.7.1_.dtd">
<!-- Creation date: May 29, 2012 16:29:13 +0900 (GMT+09:00) -->
<pathway name="path:hsa05410" org="hsa" number="05410"
         title="Hypertrophic cardiomyopathy (HCM)"
         image="http://www.kegg.jp/kegg/pathway/hsa/hsa05410.png"
         link="http://www.kegg.jp/kegg-bin/show_pathway?hsa05410">
    <entry id="1" name="hsa:6444" type="gene"
        link="http://www.kegg.jp/dbget-bin/www_bget?hsa:6444">
        <graphics name="SGCD, 35DAG, CMD1L, DAGD, SG-delta, SGCDP, SGD" fgcolor="#000000" bgcolor="#BFFFBF"
             type="rectangle" x="298" y="209" width="46" height="17"/>
    </entry>
    <entry id="2" name="path:hsa05410" type="map"
        link="http://www.kegg.jp/dbget-bin/www_bget?hsa05410">
        <graphics name="TITLE:Hypertrophic cardiomyopathy (HCM)" fgcolor="#000000" bgcolor="#FFFFFF"
             type="roundrectangle" x="200" y="58" width="319" height="25"/>
    </entry>
    <entry id="3" name="hsa:10368 hsa:10369 hsa:27091 hsa:27092 hsa:55799 hsa:59283 hsa:59284 hsa:59285 hsa:775 hsa:776 hsa:778 hsa:779 hsa:781 hsa:782 hsa:783 hsa:784 hsa:785 hsa:786 hsa:9254 hsa:93589" type="gene"
        link="http://www.kegg.jp/dbget-bin/www_bget?hsa:10368+hsa:10369+hsa:27091+hsa:27092+hsa:55799+hsa:59283+hsa:59284+hsa:59285+hsa:775+hsa:776+hsa:778+hsa:779+hsa:781+hsa:782+hsa:783+hsa:784+hsa:785+hsa:786+hsa:9254+hsa:93589">
        <graphics name="CACNG3..." fgcolor="#000000" bgcolor="#BFFFBF"
             type="rectangle" x="669" y="322" width="46" height="17"/>
    </entry>
    <entry id="4" name="hsa:6262" type="gene"
        link="http://www.kegg.jp/dbget-bin/www_bget?hsa:6262">
        <graphics name="RYR2, ARVC2, ARVD2, RYR-2, RyR, VTSIP" fgcolor="#000000" bgcolor="#BFFFBF"
             type="rectangle" x="744" y="323" width="46" height="17"/>
    </entry>
    <entry id="5" name="hsa:488" type="gene"
        link="http://www.kegg.jp/dbget-bin/www_bget?hsa:488">
        <graphics name="ATP2A2, ATP2B, DAR, DD, SERCA2" fgcolor="#000000" bgcolor="#BFFFBF"
             type="rectangle" x="862" y="359" width="46" height="17"/>
    </entry>
    <entry id="6" name="hsa:6546" type="gene"
        link="http://www.kegg.jp/dbget-bin/www_bget?hsa:6546">
        <graphics name="SLC8A1, NCX1" fgcolor="#000000" bgcolor="#BFFFBF"
             type="rectangle" x="836" y="209" width="46" height="17"/>
    </entry>
    <entry id="7" name="path:hsa04260" type="map"
        link="http://www.kegg.jp/dbget-bin/www_bget?hsa04260">
        <graphics name="Cardiac muscle contraction" fgcolor="#000000" bgcolor="#FFFFFF"
             type="roundrectangle" x="500" y="371" width="118" height="34"/>
    </entry>
    <entry id="8" name="hsa:22801 hsa:3655 hsa:3672 hsa:3673 hsa:3674 hsa:3675 hsa:3676 hsa:3678 hsa:3679 hsa:3680 hsa:3685 hsa:8515 hsa:8516" type="gene"
        link="http://www.kegg.jp/dbget-bin/www_bget?hsa:22801+hsa:3655+hsa:3672+hsa:3673+hsa:3674+hsa:3675+hsa:3676+hsa:3678+hsa:3679+hsa:3680+hsa:3685+hsa:8515+hsa:8516">
        <graphics name="ITGA11, HsT18964..." fgcolor="#000000" bgcolor="#BFFFBF"
             type="rectangle" x="149" y="211" width="46" height="17"/>
    </entry>
    <entry id="9" name="hsa:3688 hsa:3690 hsa:3691 hsa:3693 hsa:3694 hsa:3695 hsa:3696" type="gene"
        link="http://www.kegg.jp/dbget-bin/www_bget?hsa:3688+hsa:3690+hsa:3691+hsa:3693+hsa:3694+hsa:3695+hsa:3696">
        <graphics name="ITGB1, CD29, FNRB, GPIIA, MDF2, MSK12, VLA-BETA, VLAB..." fgcolor="#000000" bgcolor="#BFFFBF"
             type="rectangle" x="193" y="211" width="46" height="17"/>
    </entry>
    <entry id="10" name="hsa:6445" type="gene"
        link="http://www.kegg.jp/dbget-bin/www_bget?hsa:6445">
        <graphics name="SGCG, A4, DAGA4, DMDA, DMDA1, LGMD2C, MAM, SCARMD2, SCG3, TYPE" fgcolor="#000000" bgcolor="#BFFFBF"
             type="rectangle" x="344" y="209" width="46" height="17"/>
    </entry>
    <entry id="11" name="hsa:6443" type="gene"
        link="http://www.kegg.jp/dbget-bin/www_bget?hsa:6443">
        <graphics name="SGCB, A3b, LGMD2E, SGC" fgcolor="#000000" bgcolor="#BFFFBF"
             type="rectangle" x="435" y="209" width="46" height="17"/>
    </entry>
    <entry id="12" name="hsa:6442" type="gene"
        link="http://www.kegg.jp/dbget-bin/www_bget?hsa:6442">
        <graphics name="SGCA, 50-DAG, A2, ADL, DAG2, DMDA2, LGMD2D, SCARMD1, adhalin" fgcolor="#000000" bgcolor="#BFFFBF"
             type="rectangle" x="389" y="209" width="46" height="17"/>
    </entry>
    <entry id="13" name="hsa:1605" type="gene"
        link="http://www.kegg.jp/dbget-bin/www_bget?hsa:1605">
        <graphics name="DAG1, 156DAG, A3a, AGRNR, DAG, MDDGC7, MDDGC9" fgcolor="#000000" bgcolor="#BFFFBF"
             type="rectangle" x="479" y="162" width="46" height="17"/>
    </entry>
    <entry id="14" name="hsa:1605" type="gene"
        link="http://www.kegg.jp/dbget-bin/www_bget?hsa:1605">
        <graphics name="DAG1, 156DAG, A3a, AGRNR, DAG, MDDGC7, MDDGC9" fgcolor="#000000" bgcolor="#BFFFBF"
             type="rectangle" x="480" y="209" width="46" height="17"/>
    </entry>
    <entry id="15" name="hsa:3908" type="gene"
        link="http://www.kegg.jp/dbget-bin/www_bget?hsa:3908">
        <graphics name="LAMA2, LAMM" fgcolor="#000000" bgcolor="#BFFFBF"
             type="rectangle" x="480" y="123" width="46" height="17"/>
    </entry>
    <entry id="16" name="path:hsa04512" type="map"
        link="http://www.kegg.jp/dbget-bin/www_bget?hsa04512">
        <graphics name="ECM-receptor interaction" fgcolor="#000000" bgcolor="#FFFFFF"
             type="roundrectangle" x="376" y="141" width="118" height="34"/>
    </entry>
    <entry id="17" name="hsa:2010" type="gene"
        link="http://www.kegg.jp/dbget-bin/www_bget?hsa:2010">
        <graphics name="EMD, EDMD, LEMD5, STA" fgcolor="#000000" bgcolor="#BFFFBF"
             type="rectangle" x="614" y="513" width="46" height="17"/>
    </entry>
    <entry id="18" name="hsa:4000" type="gene"
        link="http://www.kegg.jp/dbget-bin/www_bget?hsa:4000">
        <graphics name="LMNA, CDCD1, CDDC, CMD1A, CMT2B1, EMD2, FPL, FPLD, FPLD2, HGPS, IDC, LDP1, LFP, LGMD1B, LMN1, LMNC, LMNL1, PRO1" fgcolor="#000000" bgcolor="#BFFFBF"
             type="rectangle" x="582" y="538" width="46" height="17"/>
    </entry>
    <entry id="19" name="hsa:7137" type="gene"
        link="http://www.kegg.jp/dbget-bin/www_bget?hsa:7137">
        <graphics name="TNNI3, CMD1FF, CMD2A, CMH7, RCM1, TNNC1, cTnI" fgcolor="#000000" bgcolor="#BFFFBF"
             type="rectangle" x="389" y="497" width="46" height="17"/>
    </entry>
    <entry id="20" name="hsa:7134" type="gene"
        link="http://www.kegg.jp/dbget-bin/www_bget?hsa:7134">
        <graphics name="TNNC1, CMD1Z, CMH13, TN-C, TNC, TNNC" fgcolor="#000000" bgcolor="#BFFFBF"
             type="rectangle" x="335" y="481" width="46" height="17"/>
    </entry>
    <entry id="21" name="hsa:7139" type="gene"
        link="http://www.kegg.jp/dbget-bin/www_bget?hsa:7139">
        <graphics name="TNNT2, CMH2, CMPD2, LVNC6, RCM3, TnTC, cTnT" fgcolor="#000000" bgcolor="#BFFFBF"
             type="rectangle" x="171" y="575" width="46" height="17"/>
    </entry>
    <entry id="22" name="hsa:7168 hsa:7169 hsa:7170 hsa:7171" type="gene"
        link="http://www.kegg.jp/dbget-bin/www_bget?hsa:7168+hsa:7169+hsa:7170+hsa:7171">
        <graphics name="TPM1, C15orf13, CMD1Y, CMH3, HTM-alpha, LVNC9, TMSA..." fgcolor="#000000" bgcolor="#BFFFBF"
             type="rectangle" x="457" y="556" width="46" height="17"/>
    </entry>
    <entry id="23" name="hsa:1756" type="gene"
        link="http://www.kegg.jp/dbget-bin/www_bget?hsa:1756">
        <graphics name="DMD, BMD, CMD3B, DXS142, DXS164, DXS206, DXS230, DXS239, DXS268, DXS269, DXS270, DXS272" fgcolor="#000000" bgcolor="#BFFFBF"
             type="rectangle" x="427" y="284" width="46" height="17"/>
    </entry>
    <entry id="24" name="hsa:70" type="gene"
        link="http://www.kegg.jp/dbget-bin/www_bget?hsa:70">
        <graphics name="ACTC1, ACTC, ASD5, CMD1R, CMH11, LVNC4" fgcolor="#000000" bgcolor="#BFFFBF"
             type="rectangle" x="437" y="526" width="46" height="17"/>
    </entry>
    <entry id="25" name="hsa:4633" type="gene"
        link="http://www.kegg.jp/dbget-bin/www_bget?hsa:4633">
        <graphics name="MYL2, CMH10, MLC2" fgcolor="#000000" bgcolor="#BFFFBF"
             type="rectangle" x="391" y="592" width="46" height="17"/>
    </entry>
    <entry id="26" name="hsa:7273" type="gene"
        link="http://www.kegg.jp/dbget-bin/www_bget?hsa:7273">
        <graphics name="TTN, CMD1G, CMH9, CMPD4, EOMFC, HMERF, LGMD2J, MYLK5, TMD" fgcolor="#000000" bgcolor="#BFFFBF"
             type="rectangle" x="186" y="478" width="46" height="17"/>
    </entry>
    <entry id="27" name="hsa:4607" type="gene"
        link="http://www.kegg.jp/dbget-bin/www_bget?hsa:4607">
        <graphics name="MYBPC3, CMD1MM, CMH4, FHC, LVNC10, MYBP-C" fgcolor="#000000" bgcolor="#BFFFBF"
             type="rectangle" x="205" y="676" width="46" height="17"/>
    </entry>
    <entry id="28" name="hsa:1674" type="gene"
        link="http://www.kegg.jp/dbget-bin/www_bget?hsa:1674">
        <graphics name="DES, CSM1, CSM2, LGMD2R" fgcolor="#000000" bgcolor="#BFFFBF"
             type="rectangle" x="130" y="302" width="46" height="17"/>
    </entry>
    <entry id="29" name="hsa:5562 hsa:5563" type="gene"
        link="http://www.kegg.jp/dbget-bin/www_bget?hsa:5562+hsa:5563">
        <graphics name="PRKAA1, AMPK, AMPKa1..." fgcolor="#000000" bgcolor="#BFFFBF"
             type="rectangle" x="986" y="456" width="46" height="17"/>
    </entry>
    <entry id="30" name="hsa:5564 hsa:5565" type="gene"
        link="http://www.kegg.jp/dbget-bin/www_bget?hsa:5564+hsa:5565">
        <graphics name="PRKAB1, AMPK, HAMPKb..." fgcolor="#000000" bgcolor="#BFFFBF"
             type="rectangle" x="986" y="473" width="46" height="17"/>
    </entry>
    <entry id="31" name="hsa:51422 hsa:53632 hsa:5571" type="gene"
        link="http://www.kegg.jp/dbget-bin/www_bget?hsa:51422+hsa:53632+hsa:5571">
        <graphics name="PRKAG2, AAKG, AAKG2, CMH6, H91620p, WPWS..." fgcolor="#000000" bgcolor="#BFFFBF"
             type="rectangle" x="986" y="490" width="46" height="17"/>
    </entry>
    <entry id="32" name="cpd:C00002" type="compound"
        link="http://www.kegg.jp/dbget-bin/www_bget?C00002">
        <graphics name="C00002" fgcolor="#000000" bgcolor="#FFFFFF"
             type="circle" x="902" y="409" width="8" height="8"/>
    </entry>
    <entry id="33" name="hsa:1636" type="gene"
        link="http://www.kegg.jp/dbget-bin/www_bget?hsa:1636">
        <graphics name="ACE, ACE1, CD143, DCP, DCP1, ICH, MVCD3" fgcolor="#000000" bgcolor="#BFFFBF"
             type="rectangle" x="880" y="628" width="46" height="17"/>
    </entry>
    <entry id="34" name="hsa:3479" type="gene"
        link="http://www.kegg.jp/dbget-bin/www_bget?hsa:3479">
        <graphics name="IGF1, IGF-I, IGF1A, IGFI" fgcolor="#000000" bgcolor="#BFFFBF"
             type="rectangle" x="933" y="628" width="46" height="17"/>
    </entry>
    <entry id="35" name="hsa:7040 hsa:7042 hsa:7043" type="gene"
        link="http://www.kegg.jp/dbget-bin/www_bget?hsa:7040+hsa:7042+hsa:7043">
        <graphics name="TGFB1, CED, DPD1, LAP, TGFB, TGFbeta..." fgcolor="#000000" bgcolor="#BFFFBF"
             type="rectangle" x="986" y="628" width="46" height="17"/>
    </entry>
    <entry id="36" name="hsa:7124" type="gene"
        link="http://www.kegg.jp/dbget-bin/www_bget?hsa:7124">
        <graphics name="TNF, DIF, TNF-alpha, TNFA, TNFSF2" fgcolor="#000000" bgcolor="#BFFFBF"
             type="rectangle" x="860" y="654" width="46" height="17"/>
    </entry>
    <entry id="37" name="hsa:3569" type="gene"
        link="http://www.kegg.jp/dbget-bin/www_bget?hsa:3569">
        <graphics name="IL6, BSF2, HGF, HSF, IFNB2, IL-6" fgcolor="#000000" bgcolor="#BFFFBF"
             type="rectangle" x="914" y="654" width="46" height="17"/>
    </entry>
    <entry id="38" name="cpd:C16010" type="compound"
        link="http://www.kegg.jp/dbget-bin/www_bget?C16010">
        <graphics name="C16010" fgcolor="#000000" bgcolor="#FFFFFF"
             type="circle" x="965" y="655" width="8" height="8"/>
    </entry>
    <entry id="39" name="cpd:C02135" type="compound"
        link="http://www.kegg.jp/dbget-bin/www_bget?C02135">
        <graphics name="C02135" fgcolor="#000000" bgcolor="#FFFFFF"
             type="circle" x="1024" y="656" width="8" height="8"/>
    </entry>
    <entry id="40" name="path:hsa04630" type="map"
        link="http://www.kegg.jp/dbget-bin/www_bget?hsa04630">
        <graphics name="Jak-STAT signaling pathway" fgcolor="#000000" bgcolor="#FFFFFF"
             type="roundrectangle" x="879" y="591" width="118" height="34"/>
    </entry>
    <entry id="41" name="path:hsa04350" type="map"
        link="http://www.kegg.jp/dbget-bin/www_bget?hsa04350">
        <graphics name="TGF-beta signaling pathway" fgcolor="#000000" bgcolor="#FFFFFF"
             type="roundrectangle" x="1009" y="592" width="118" height="34"/>
    </entry>
    <entry id="42" name="hsa:4634" type="gene"
        link="http://www.kegg.jp/dbget-bin/www_bget?hsa:4634">
        <graphics name="MYL3, CMH8, MLC1SB, MLC1V, VLC1" fgcolor="#000000" bgcolor="#BFFFBF"
             type="rectangle" x="391" y="570" width="46" height="17"/>
    </entry>
    <entry id="43" name="hsa:60 hsa:71" type="gene"
        link="http://www.kegg.jp/dbget-bin/www_bget?hsa:60+hsa:71">
        <graphics name="ACTB, BRWS1, PS1TP5BP1..." fgcolor="#000000" bgcolor="#BFFFBF"
             type="rectangle" x="393" y="330" width="46" height="17"/>
    </entry>
    <entry id="44" name="hsa:60 hsa:71" type="gene"
        link="http://www.kegg.jp/dbget-bin/www_bget?hsa:60+hsa:71">
        <graphics name="ACTB, BRWS1, PS1TP5BP1..." fgcolor="#000000" bgcolor="#BFFFBF"
             type="rectangle" x="204" y="307" width="46" height="17"/>
    </entry>
    <entry id="45" name="path:hsa04614" type="map"
        link="http://www.kegg.jp/dbget-bin/www_bget?hsa04614">
        <graphics name="Renin-angiotensin system" fgcolor="#000000" bgcolor="#FFFFFF"
             type="roundrectangle" x="943" y="550" width="118" height="34"/>
    </entry>
    <entry id="46" name="hsa:1674" type="gene"
        link="http://www.kegg.jp/dbget-bin/www_bget?hsa:1674">
        <graphics name="DES, CSM1, CSM2, LGMD2R" fgcolor="#000000" bgcolor="#BFFFBF"
             type="rectangle" x="464" y="477" width="46" height="17"/>
    </entry>
    <entry id="47" name="hsa:4624" type="gene"
        link="http://www.kegg.jp/dbget-bin/www_bget?hsa:4624">
        <graphics name="MYH6, ASD3, CMD1EE, CMH14, MYHC, MYHCA, SSS3, alpha-MHC" fgcolor="#000000" bgcolor="#BFFFBF"
             type="rectangle" x="361" y="618" width="46" height="17"/>
    </entry>
    <entry id="48" name="hsa:4625" type="gene"
        link="http://www.kegg.jp/dbget-bin/www_bget?hsa:4625">
        <graphics name="MYH7, CMD1S, CMH1, MPD1, MYHCB, SPMD, SPMM" fgcolor="#000000" bgcolor="#BFFFBF"
             type="rectangle" x="361" y="638" width="46" height="17"/>
    </entry>
    <entry id="49" name="cpd:C00076" type="compound"
        link="http://www.kegg.jp/dbget-bin/www_bget?C00076">
        <graphics name="C00076" fgcolor="#000000" bgcolor="#FFFFFF"
             type="circle" x="627" y="319" width="8" height="8"/>
    </entry>
    <entry id="50" name="cpd:C00076" type="compound"
        link="http://www.kegg.jp/dbget-bin/www_bget?C00076">
        <graphics name="C00076" fgcolor="#000000" bgcolor="#FFFFFF"
             type="circle" x="789" y="325" width="8" height="8"/>
    </entry>
    <entry id="51" name="cpd:C00076" type="compound"
        link="http://www.kegg.jp/dbget-bin/www_bget?C00076">
        <graphics name="C00076" fgcolor="#000000" bgcolor="#FFFFFF"
             type="circle" x="712" y="449" width="8" height="8"/>
    </entry>
    <entry id="52" name="cpd:C00076" type="compound"
        link="http://www.kegg.jp/dbget-bin/www_bget?C00076">
        <graphics name="C00076" fgcolor="#000000" bgcolor="#FFFFFF"
             type="circle" x="831" y="157" width="8" height="8"/>
    </entry>
    <entry id="53" name="cpd:C01330" type="compound"
        link="http://www.kegg.jp/dbget-bin/www_bget?C01330">
        <graphics name="C01330" fgcolor="#000000" bgcolor="#FFFFFF"
             type="circle" x="845" y="265" width="8" height="8"/>
    </entry>
    <entry id="54" name="cpd:C00076" type="compound"
        link="http://www.kegg.jp/dbget-bin/www_bget?C00076">
        <graphics name="C00076" fgcolor="#000000" bgcolor="#FFFFFF"
             type="circle" x="299" y="506" width="8" height="8"/>
    </entry>
    <relation entry1="15" entry2="13" type="PPrel">
        <subtype name="binding/association" value="---"/>
    </relation>
    <relation entry1="13" entry2="14" type="PPrel">
        <subtype name="binding/association" value="---"/>
    </relation>
    <relation entry1="20" entry2="19" type="PPrel">
        <subtype name="binding/association" value="---"/>
    </relation>
    <relation entry1="20" entry2="21" type="PPrel">
        <subtype name="binding/association" value="---"/>
    </relation>
    <relation entry1="21" entry2="19" type="PPrel">
        <subtype name="binding/association" value="---"/>
    </relation>
    <relation entry1="21" entry2="22" type="PPrel">
        <subtype name="binding/association" value="---"/>
    </relation>
    <relation entry1="19" entry2="24" type="PPrel">
        <subtype name="binding/association" value="---"/>
    </relation>
    <relation entry1="24" entry2="22" type="PPrel">
        <subtype name="binding/association" value="---"/>
    </relation>
    <relation entry1="24" entry2="47" type="PPrel">
        <subtype name="binding/association" value="---"/>
    </relation>
    <relation entry1="24" entry2="48" type="PPrel">
        <subtype name="binding/association" value="---"/>
    </relation>
    <relation entry1="47" entry2="42" type="PPrel">
        <subtype name="binding/association" value="---"/>
    </relation>
    <relation entry1="47" entry2="25" type="PPrel">
        <subtype name="binding/association" value="---"/>
    </relation>
    <relation entry1="48" entry2="42" type="PPrel">
        <subtype name="binding/association" value="---"/>
    </relation>
    <relation entry1="48" entry2="25" type="PPrel">
        <subtype name="binding/association" value="---"/>
    </relation>
    <relation entry1="27" entry2="47" type="PPrel">
        <subtype name="binding/association" value="---"/>
    </relation>
    <relation entry1="27" entry2="48" type="PPrel">
        <subtype name="binding/association" value="---"/>
    </relation>
    <relation entry1="14" entry2="23" type="PPrel">
        <subtype name="binding/association" value="---"/>
    </relation>
    <relation entry1="23" entry2="43" type="PPrel">
        <subtype name="binding/association" value="---"/>
    </relation>
    <relation entry1="9" entry2="44" type="PPrel">
        <subtype name="binding/association" value="---"/>
    </relation>
</pathway>