<?xml version="1.0"?>
<!DOCTYPE pathway SYSTEM "http://www.kegg.jp/kegg/xml/KGML_v0.7.1_.dtd">
<!-- Creation date: Jul 16, 2013 14:55:29 +0900 (GMT+09:00) -->
<pathway name="path:hsa05321" org="hsa" number="05321"
         title="Inflammatory bowel disease (IBD)"
         image="http://www.kegg.jp/kegg/pathway/hsa/hsa05321.png"
         link="http://www.kegg.jp/kegg-bin/show_pathway?hsa05321">
    <entry id="1" name="path:hsa05321" type="map"
        link="http://www.kegg.jp/dbget-bin/www_bget?hsa05321">
        <graphics name="TITLE:Inflammatory bowel disease (IBD)" fgcolor="#000000" bgcolor="#FFFFFF"
             type="roundrectangle" x="200" y="68" width="300" height="25"/>
    </entry>
    <entry id="2" name="hsa:7097" type="gene"
        link="http://www.kegg.jp/dbget-bin/www_bget?hsa:7097">
        <graphics name="TLR2, CD282, TIL4" fgcolor="#000000" bgcolor="#BFFFBF"
             type="rectangle" x="226" y="923" width="46" height="17"/>
    </entry>
    <entry id="3" name="hsa:4790 hsa:5970" type="gene"
        link="http://www.kegg.jp/dbget-bin/www_bget?hsa:4790+hsa:5970">
        <graphics name="NFKB1, EBP-1, KBF1, NF-kB1, NF-kappa-B, NF-kappaB, NFKB-p105, NFKB-p50, NFkappaB, p105, p50..." fgcolor="#000000" bgcolor="#BFFFBF"
             type="rectangle" x="226" y="983" width="46" height="17"/>
    </entry>
    <entry id="7" name="hsa:64127" type="gene"
        link="http://www.kegg.jp/dbget-bin/www_bget?hsa:64127">
        <graphics name="NOD2, ACUG, BLAU, CARD15, CD, CLR16.3, IBD1, NLRC2, NOD2B, PSORAS1" fgcolor="#000000" bgcolor="#BFFFBF"
             type="rectangle" x="268" y="955" width="46" height="17"/>
    </entry>
    <entry id="9" name="hsa:7100" type="gene"
        link="http://www.kegg.jp/dbget-bin/www_bget?hsa:7100">
        <graphics name="TLR5, SLEB1, TIL3" fgcolor="#000000" bgcolor="#BFFFBF"
             type="rectangle" x="458" y="261" width="46" height="17"/>
    </entry>
    <entry id="11" name="hsa:7097" type="gene"
        link="http://www.kegg.jp/dbget-bin/www_bget?hsa:7097">
        <graphics name="TLR2, CD282, TIL4" fgcolor="#000000" bgcolor="#BFFFBF"
             type="rectangle" x="508" y="261" width="46" height="17"/>
    </entry>
    <entry id="17" name="hsa:4790 hsa:5970" type="gene"
        link="http://www.kegg.jp/dbget-bin/www_bget?hsa:4790+hsa:5970">
        <graphics name="NFKB1, EBP-1, KBF1, NF-kB1, NF-kappa-B, NF-kappaB, NFKB-p105, NFKB-p50, NFkappaB, p105, p50..." fgcolor="#000000" bgcolor="#BFFFBF"
             type="rectangle" x="508" y="330" width="46" height="17"/>
    </entry>
    <entry id="19" name="hsa:7124" type="gene"
        link="http://www.kegg.jp/dbget-bin/www_bget?hsa:7124">
        <graphics name="TNF, DIF, TNF-alpha, TNFA, TNFSF2" fgcolor="#000000" bgcolor="#BFFFBF"
             type="rectangle" x="573" y="376" width="46" height="17"/>
    </entry>
    <entry id="21" name="path:hsa04620" type="map"
        link="http://www.kegg.jp/dbget-bin/www_bget?hsa04620">
        <graphics name="Toll-like receptor signaling pathway" fgcolor="#000000" bgcolor="#FFFFFF"
             type="roundrectangle" x="504" y="425" width="111" height="34"/>
    </entry>
    <entry id="24" name="hsa:51561" type="gene"
        link="http://www.kegg.jp/dbget-bin/www_bget?hsa:51561">
        <graphics name="IL23A, IL-23, IL-23A, IL23P19, P19, SGRF" fgcolor="#000000" bgcolor="#BFFFBF"
             type="rectangle" x="546" y="1081" width="46" height="17"/>
    </entry>
    <entry id="26" name="hsa:7040 hsa:7042 hsa:7043" type="gene"
        link="http://www.kegg.jp/dbget-bin/www_bget?hsa:7040+hsa:7042+hsa:7043">
        <graphics name="TGFB1, CED, DPD1, LAP, TGFB, TGFbeta..." fgcolor="#000000" bgcolor="#BFFFBF"
             type="rectangle" x="546" y="945" width="46" height="17"/>
    </entry>
    <entry id="27" name="hsa:3569" type="gene"
        link="http://www.kegg.jp/dbget-bin/www_bget?hsa:3569">
        <graphics name="IL6, BSF2, HGF, HSF, IFNB2, IL-6" fgcolor="#000000" bgcolor="#BFFFBF"
             type="rectangle" x="546" y="968" width="46" height="17"/>
    </entry>
    <entry id="29" name="hsa:100507709 hsa:100507714 hsa:100509457 hsa:101060835 hsa:3108 hsa:3109 hsa:3111 hsa:3112 hsa:3113 hsa:3115 hsa:3117 hsa:3118 hsa:3119 hsa:3122 hsa:3123 hsa:3125 hsa:3126 hsa:3127" type="gene"
        link="http://www.kegg.jp/dbget-bin/www_bget?hsa:100507709+hsa:100507714+hsa:100509457+hsa:101060835+hsa:3108+hsa:3109+hsa:3111+hsa:3112+hsa:3113+hsa:3115+hsa:3117+hsa:3118+hsa:3119+hsa:3122+hsa:3123+hsa:3125+hsa:3126+hsa:3127">
        <graphics name="100507709..." fgcolor="#000000" bgcolor="#BFFFBF"
             type="rectangle" x="299" y="1026" width="46" height="17"/>
    </entry>
    <entry id="30" name="ko:K10784 ko:K10785" type="ortholog"
        link="http://www.kegg.jp/dbget-bin/www_bget?K10784+K10785">
        <graphics name="K10784..." fgcolor="#000000" bgcolor="#FFFFFF"
             type="rectangle" x="395" y="1026" width="46" height="17"/>
    </entry>
    <entry id="32" name="hsa:3592 hsa:3593" type="gene"
        link="http://www.kegg.jp/dbget-bin/www_bget?hsa:3592+hsa:3593">
        <graphics name="IL12A, CLMF, IL-12A, NFSK, NKSF1, P35..." fgcolor="#000000" bgcolor="#BFFFBF"
             type="rectangle" x="546" y="668" width="46" height="17"/>
    </entry>
    <entry id="33" name="hsa:3458" type="gene"
        link="http://www.kegg.jp/dbget-bin/www_bget?hsa:3458">
        <graphics name="IFNG, IFG, IFI" fgcolor="#000000" bgcolor="#BFFFBF"
             type="rectangle" x="546" y="585" width="46" height="17"/>
    </entry>
    <entry id="35" name="hsa:3594" type="gene"
        link="http://www.kegg.jp/dbget-bin/www_bget?hsa:3594">
        <graphics name="IL12RB1, CD212, IL-12R-BETA1, IL12RB" fgcolor="#000000" bgcolor="#BFFFBF"
             type="rectangle" x="636" y="680" width="46" height="17"/>
    </entry>
    <entry id="38" name="hsa:6775" type="gene"
        link="http://www.kegg.jp/dbget-bin/www_bget?hsa:6775">
        <graphics name="STAT4, SLEB11" fgcolor="#000000" bgcolor="#BFFFBF"
             type="rectangle" x="813" y="668" width="46" height="17"/>
    </entry>
    <entry id="40" name="hsa:3459 hsa:3460" type="gene"
        link="http://www.kegg.jp/dbget-bin/www_bget?hsa:3459+hsa:3460">
        <graphics name="IFNGR1, CD119, IFNGR..." fgcolor="#000000" bgcolor="#BFFFBF"
             type="rectangle" x="636" y="585" width="46" height="17"/>
    </entry>
    <entry id="42" name="hsa:6772" type="gene"
        link="http://www.kegg.jp/dbget-bin/www_bget?hsa:6772">
        <graphics name="STAT1, CANDF7, ISGF-3, STAT91" fgcolor="#000000" bgcolor="#BFFFBF"
             type="rectangle" x="725" y="585" width="46" height="17"/>
    </entry>
    <entry id="44" name="hsa:30009" type="gene"
        link="http://www.kegg.jp/dbget-bin/www_bget?hsa:30009">
        <graphics name="TBX21, T-PET, T-bet, TBET, TBLYM" fgcolor="#000000" bgcolor="#BFFFBF"
             type="rectangle" x="884" y="585" width="46" height="17"/>
    </entry>
    <entry id="46" name="hsa:3458" type="gene"
        link="http://www.kegg.jp/dbget-bin/www_bget?hsa:3458">
        <graphics name="IFNG, IFG, IFI" fgcolor="#000000" bgcolor="#BFFFBF"
             type="rectangle" x="990" y="761" width="46" height="17"/>
    </entry>
    <entry id="47" name="hsa:3565" type="gene"
        link="http://www.kegg.jp/dbget-bin/www_bget?hsa:3565">
        <graphics name="IL4, BCGF-1, BCGF1, BSF-1, BSF1, IL-4" fgcolor="#000000" bgcolor="#BFFFBF"
             type="rectangle" x="546" y="1323" width="46" height="17"/>
    </entry>
    <entry id="49" name="hsa:3566" type="gene"
        link="http://www.kegg.jp/dbget-bin/www_bget?hsa:3566">
        <graphics name="IL4R, CD124, IL-4RA, IL4RA" fgcolor="#000000" bgcolor="#BFFFBF"
             type="rectangle" x="636" y="1312" width="46" height="17"/>
    </entry>
    <entry id="51" name="hsa:6778" type="gene"
        link="http://www.kegg.jp/dbget-bin/www_bget?hsa:6778">
        <graphics name="STAT6, D12S1644, IL-4-STAT, STAT6B, STAT6C" fgcolor="#000000" bgcolor="#BFFFBF"
             type="rectangle" x="725" y="1324" width="46" height="17"/>
    </entry>
    <entry id="53" name="hsa:2625" type="gene"
        link="http://www.kegg.jp/dbget-bin/www_bget?hsa:2625">
        <graphics name="GATA3, HDR, HDRS" fgcolor="#000000" bgcolor="#BFFFBF"
             type="rectangle" x="884" y="1324" width="46" height="17"/>
    </entry>
    <entry id="55" name="hsa:3565" type="gene"
        link="http://www.kegg.jp/dbget-bin/www_bget?hsa:3565">
        <graphics name="IL4, BCGF-1, BCGF1, BSF-1, BSF1, IL-4" fgcolor="#000000" bgcolor="#BFFFBF"
             type="rectangle" x="1064" y="1312" width="46" height="17"/>
    </entry>
    <entry id="56" name="hsa:4772" type="gene"
        link="http://www.kegg.jp/dbget-bin/www_bget?hsa:4772">
        <graphics name="NFATC1, NF-ATC, NFAT2, NFATc" fgcolor="#000000" bgcolor="#BFFFBF"
             type="rectangle" x="884" y="1284" width="46" height="17"/>
    </entry>
    <entry id="57" name="hsa:4094" type="gene"
        link="http://www.kegg.jp/dbget-bin/www_bget?hsa:4094">
        <graphics name="MAF, CCA4, c-MAF" fgcolor="#000000" bgcolor="#BFFFBF"
             type="rectangle" x="884" y="1259" width="46" height="17"/>
    </entry>
    <entry id="61" name="hsa:7124" type="gene"
        link="http://www.kegg.jp/dbget-bin/www_bget?hsa:7124">
        <graphics name="TNF, DIF, TNF-alpha, TNFA, TNFSF2" fgcolor="#000000" bgcolor="#BFFFBF"
             type="rectangle" x="1332" y="741" width="46" height="17"/>
    </entry>
    <entry id="63" name="hsa:3569" type="gene"
        link="http://www.kegg.jp/dbget-bin/www_bget?hsa:3569">
        <graphics name="IL6, BSF2, HGF, HSF, IFNB2, IL-6" fgcolor="#000000" bgcolor="#BFFFBF"
             type="rectangle" x="1332" y="761" width="46" height="17"/>
    </entry>
    <entry id="64" name="hsa:3552 hsa:3553" type="gene"
        link="http://www.kegg.jp/dbget-bin/www_bget?hsa:3552+hsa:3553">
        <graphics name="IL1A, IL-1A, IL1, IL1-ALPHA, IL1F1..." fgcolor="#000000" bgcolor="#BFFFBF"
             type="rectangle" x="1332" y="781" width="46" height="17"/>
    </entry>
    <entry id="68" name="hsa:3596" type="gene"
        link="http://www.kegg.jp/dbget-bin/www_bget?hsa:3596">
        <graphics name="IL13, ALRH, BHR1, IL-13, P600" fgcolor="#000000" bgcolor="#BFFFBF"
             type="rectangle" x="884" y="1497" width="46" height="17"/>
    </entry>
    <entry id="71" name="hsa:3586" type="gene"
        link="http://www.kegg.jp/dbget-bin/www_bget?hsa:3586">
        <graphics name="IL10, CSIF, GVHDS, IL-10, IL10A, TGIF" fgcolor="#000000" bgcolor="#BFFFBF"
             type="rectangle" x="884" y="1582" width="46" height="17"/>
    </entry>
    <entry id="72" name="hsa:7040 hsa:7042 hsa:7043" type="gene"
        link="http://www.kegg.jp/dbget-bin/www_bget?hsa:7040+hsa:7042+hsa:7043">
        <graphics name="TGFB1, CED, DPD1, LAP, TGFB, TGFbeta..." fgcolor="#000000" bgcolor="#BFFFBF"
             type="rectangle" x="884" y="1605" width="46" height="17"/>
    </entry>
    <entry id="74" name="hsa:3567" type="gene"
        link="http://www.kegg.jp/dbget-bin/www_bget?hsa:3567">
        <graphics name="IL5, EDF, IL-5, TRF" fgcolor="#000000" bgcolor="#BFFFBF"
             type="rectangle" x="1064" y="1336" width="46" height="17"/>
    </entry>
    <entry id="75" name="hsa:3586" type="gene"
        link="http://www.kegg.jp/dbget-bin/www_bget?hsa:3586">
        <graphics name="IL10, CSIF, GVHDS, IL-10, IL10A, TGIF" fgcolor="#000000" bgcolor="#BFFFBF"
             type="rectangle" x="1064" y="1390" width="46" height="17"/>
    </entry>
    <entry id="79" name="hsa:64127" type="gene"
        link="http://www.kegg.jp/dbget-bin/www_bget?hsa:64127">
        <graphics name="NOD2, ACUG, BLAU, CARD15, CD, CLR16.3, IBD1, NLRC2, NOD2B, PSORAS1" fgcolor="#000000" bgcolor="#BFFFBF"
             type="rectangle" x="1186" y="796" width="46" height="17"/>
    </entry>
    <entry id="80" name="hsa:7097 hsa:7099 hsa:7100" type="gene"
        link="http://www.kegg.jp/dbget-bin/www_bget?hsa:7097+hsa:7099+hsa:7100">
        <graphics name="TLR2, CD282, TIL4..." fgcolor="#000000" bgcolor="#BFFFBF"
             type="rectangle" x="1186" y="737" width="46" height="17"/>
    </entry>
    <entry id="81" name="hsa:3596" type="gene"
        link="http://www.kegg.jp/dbget-bin/www_bget?hsa:3596">
        <graphics name="IL13, ALRH, BHR1, IL-13, P600" fgcolor="#000000" bgcolor="#BFFFBF"
             type="rectangle" x="1064" y="1361" width="46" height="17"/>
    </entry>
    <entry id="83" name="hsa:3558" type="gene"
        link="http://www.kegg.jp/dbget-bin/www_bget?hsa:3558">
        <graphics name="IL2, IL-2, TCGF, lymphokine" fgcolor="#000000" bgcolor="#BFFFBF"
             type="rectangle" x="990" y="669" width="46" height="17"/>
    </entry>
    <entry id="86" name="hsa:149233" type="gene"
        link="http://www.kegg.jp/dbget-bin/www_bget?hsa:149233">
        <graphics name="IL23R" fgcolor="#000000" bgcolor="#BFFFBF"
             type="rectangle" x="636" y="1070" width="46" height="17"/>
    </entry>
    <entry id="87" name="hsa:3594" type="gene"
        link="http://www.kegg.jp/dbget-bin/www_bget?hsa:3594">
        <graphics name="IL12RB1, CD212, IL-12R-BETA1, IL12RB" fgcolor="#000000" bgcolor="#BFFFBF"
             type="rectangle" x="636" y="1093" width="46" height="17"/>
    </entry>
    <entry id="92" name="hsa:112744 hsa:3605" type="gene"
        link="http://www.kegg.jp/dbget-bin/www_bget?hsa:112744+hsa:3605">
        <graphics name="IL17F, CANDF6, IL-17F, ML-1, ML1..." fgcolor="#000000" bgcolor="#BFFFBF"
             type="rectangle" x="1064" y="1071" width="46" height="17"/>
    </entry>
    <entry id="93" name="hsa:59067" type="gene"
        link="http://www.kegg.jp/dbget-bin/www_bget?hsa:59067">
        <graphics name="IL21, IL-21, Za11" fgcolor="#000000" bgcolor="#BFFFBF"
             type="rectangle" x="990" y="958" width="46" height="17"/>
    </entry>
    <entry id="94" name="hsa:50616" type="gene"
        link="http://www.kegg.jp/dbget-bin/www_bget?hsa:50616">
        <graphics name="IL22, IL-21, IL-22, IL-D110, IL-TIF, ILTIF, TIFIL-23, TIFa, zcyto18" fgcolor="#000000" bgcolor="#BFFFBF"
             type="rectangle" x="1064" y="1094" width="46" height="17"/>
    </entry>
    <entry id="95" name="hsa:4087 hsa:4088" type="gene"
        link="http://www.kegg.jp/dbget-bin/www_bget?hsa:4087+hsa:4088">
        <graphics name="SMAD2, JV18, JV18-1, MADH2, MADR2, hMAD-2, hSMAD2..." fgcolor="#000000" bgcolor="#BFFFBF"
             type="rectangle" x="813" y="945" width="46" height="17"/>
    </entry>
    <entry id="96" name="hsa:6774" type="gene"
        link="http://www.kegg.jp/dbget-bin/www_bget?hsa:6774">
        <graphics name="STAT3, APRF, HIES" fgcolor="#000000" bgcolor="#BFFFBF"
             type="rectangle" x="813" y="969" width="46" height="17"/>
    </entry>
    <entry id="99" name="hsa:6774" type="gene"
        link="http://www.kegg.jp/dbget-bin/www_bget?hsa:6774">
        <graphics name="STAT3, APRF, HIES" fgcolor="#000000" bgcolor="#BFFFBF"
             type="rectangle" x="725" y="1083" width="46" height="17"/>
    </entry>
    <entry id="101" name="hsa:7040 hsa:7042 hsa:7043" type="gene"
        link="http://www.kegg.jp/dbget-bin/www_bget?hsa:7040+hsa:7042+hsa:7043">
        <graphics name="TGFB1, CED, DPD1, LAP, TGFB, TGFbeta..." fgcolor="#000000" bgcolor="#BFFFBF"
             type="rectangle" x="541" y="1594" width="46" height="17"/>
    </entry>
    <entry id="104" name="hsa:3606" type="gene"
        link="http://www.kegg.jp/dbget-bin/www_bget?hsa:3606">
        <graphics name="IL18, IGIF, IL-18, IL-1g, IL1F4" fgcolor="#000000" bgcolor="#BFFFBF"
             type="rectangle" x="546" y="755" width="46" height="17"/>
    </entry>
    <entry id="106" name="hsa:3725" type="gene"
        link="http://www.kegg.jp/dbget-bin/www_bget?hsa:3725">
        <graphics name="JUN, AP-1, AP1, c-Jun" fgcolor="#000000" bgcolor="#BFFFBF"
             type="rectangle" x="813" y="737" width="46" height="17"/>
    </entry>
    <entry id="107" name="hsa:4790 hsa:5970" type="gene"
        link="http://www.kegg.jp/dbget-bin/www_bget?hsa:4790+hsa:5970">
        <graphics name="NFKB1, EBP-1, KBF1, NF-kB1, NF-kappa-B, NF-kappaB, NFKB-p105, NFKB-p50, NFkappaB, p105, p50..." fgcolor="#000000" bgcolor="#BFFFBF"
             type="rectangle" x="813" y="780" width="46" height="17"/>
    </entry>
    <entry id="120" name="hsa:3595" type="gene"
        link="http://www.kegg.jp/dbget-bin/www_bget?hsa:3595">
        <graphics name="IL12RB2" fgcolor="#000000" bgcolor="#BFFFBF"
             type="rectangle" x="636" y="654" width="46" height="17"/>
    </entry>
    <entry id="122" name="hsa:3565" type="gene"
        link="http://www.kegg.jp/dbget-bin/www_bget?hsa:3565">
        <graphics name="IL4, BCGF-1, BCGF1, BSF-1, BSF1, IL-4" fgcolor="#000000" bgcolor="#BFFFBF"
             type="rectangle" x="990" y="573" width="46" height="17"/>
    </entry>
    <entry id="123" name="hsa:3567" type="gene"
        link="http://www.kegg.jp/dbget-bin/www_bget?hsa:3567">
        <graphics name="IL5, EDF, IL-5, TRF" fgcolor="#000000" bgcolor="#BFFFBF"
             type="rectangle" x="990" y="597" width="46" height="17"/>
    </entry>
    <entry id="124" name="hsa:3561" type="gene"
        link="http://www.kegg.jp/dbget-bin/www_bget?hsa:3561">
        <graphics name="IL2RG, CD132, CIDX, IL-2RG, IMD4, P64, SCIDX, SCIDX1" fgcolor="#000000" bgcolor="#BFFFBF"
             type="rectangle" x="636" y="1337" width="46" height="17"/>
    </entry>
    <entry id="125" name="path:hsa04621" type="map"
        link="http://www.kegg.jp/dbget-bin/www_bget?hsa04621">
        <graphics name="NOD-like receptor signaling pathway" fgcolor="#000000" bgcolor="#FFFFFF"
             type="roundrectangle" x="325" y="540" width="105" height="34"/>
    </entry>
    <entry id="128" name="hsa:8807 hsa:8809" type="gene"
        link="http://www.kegg.jp/dbget-bin/www_bget?hsa:8807+hsa:8809">
        <graphics name="IL18RAP, ACPL, CD218b, CDw218b, IL18RB..." fgcolor="#000000" bgcolor="#BFFFBF"
             type="rectangle" x="636" y="756" width="46" height="17"/>
    </entry>
    <entry id="131" name="hsa:6097" type="gene"
        link="http://www.kegg.jp/dbget-bin/www_bget?hsa:6097">
        <graphics name="RORC, NR1F3, RORG, RZR-GAMMA, RZRG, TOR" fgcolor="#000000" bgcolor="#BFFFBF"
             type="rectangle" x="884" y="1069" width="46" height="17"/>
    </entry>
    <entry id="138" name="hsa:3458" type="gene"
        link="http://www.kegg.jp/dbget-bin/www_bget?hsa:3458">
        <graphics name="IFNG, IFG, IFI" fgcolor="#000000" bgcolor="#BFFFBF"
             type="rectangle" x="884" y="1371" width="46" height="17"/>
    </entry>
    <entry id="143" name="hsa:50615" type="gene"
        link="http://www.kegg.jp/dbget-bin/www_bget?hsa:50615">
        <graphics name="IL21R, CD360, NILR" fgcolor="#000000" bgcolor="#BFFFBF"
             type="rectangle" x="636" y="1021" width="46" height="17"/>
    </entry>
    <entry id="145" name="hsa:6774" type="gene"
        link="http://www.kegg.jp/dbget-bin/www_bget?hsa:6774">
        <graphics name="STAT3, APRF, HIES" fgcolor="#000000" bgcolor="#BFFFBF"
             type="rectangle" x="725" y="1022" width="46" height="17"/>
    </entry>
    <entry id="149" name="path:hsa04612" type="map"
        link="http://www.kegg.jp/dbget-bin/www_bget?hsa04612">
        <graphics name="Antigen processing and presentation" fgcolor="#000000" bgcolor="#FFFFFF"
             type="roundrectangle" x="113" y="1074" width="116" height="34"/>
    </entry>
    <entry id="150" name="hsa:6095" type="gene"
        link="http://www.kegg.jp/dbget-bin/www_bget?hsa:6095">
        <graphics name="RORA, NR1F1, ROR1, ROR2, ROR3, RZR-ALPHA, RZRA" fgcolor="#000000" bgcolor="#BFFFBF"
             type="rectangle" x="884" y="1096" width="46" height="17"/>
    </entry>
    <entry id="151" name="hsa:50943" type="gene"
        link="http://www.kegg.jp/dbget-bin/www_bget?hsa:50943">
        <graphics name="FOXP3, AIID, DIETER, IPEX, PIDX, XPID" fgcolor="#000000" bgcolor="#BFFFBF"
             type="rectangle" x="884" y="1024" width="46" height="17"/>
    </entry>
    <entry id="152" name="hsa:50943" type="gene"
        link="http://www.kegg.jp/dbget-bin/www_bget?hsa:50943">
        <graphics name="FOXP3, AIID, DIETER, IPEX, PIDX, XPID" fgcolor="#000000" bgcolor="#BFFFBF"
             type="rectangle" x="748" y="1594" width="46" height="17"/>
    </entry>
    <entry id="154" name="hsa:7099" type="gene"
        link="http://www.kegg.jp/dbget-bin/www_bget?hsa:7099">
        <graphics name="TLR4, ARMD10, CD284, TLR-4, TOLL" fgcolor="#000000" bgcolor="#BFFFBF"
             type="rectangle" x="578" y="260" width="46" height="17"/>
    </entry>
    <entry id="159" name="path:hsa04060" type="map"
        link="http://www.kegg.jp/dbget-bin/www_bget?hsa04060">
        <graphics name="Cytokine-cytokine receptor interaction" fgcolor="#000000" bgcolor="#FFFFFF"
             type="roundrectangle" x="555" y="535" width="104" height="34"/>
    </entry>
    <entry id="160" name="path:hsa04660" type="map"
        link="http://www.kegg.jp/dbget-bin/www_bget?hsa04660">
        <graphics name="T cell receptor signaling pathway" fgcolor="#000000" bgcolor="#FFFFFF"
             type="roundrectangle" x="356" y="1098" width="98" height="34"/>
    </entry>
    <entry id="161" name="path:hsa04630" type="map"
        link="http://www.kegg.jp/dbget-bin/www_bget?hsa04630">
        <graphics name="Jak-STAT signaling pathway" fgcolor="#000000" bgcolor="#FFFFFF"
             type="roundrectangle" x="726" y="641" width="102" height="34"/>
    </entry>
    <entry id="162" name="path:hsa04630" type="map"
        link="http://www.kegg.jp/dbget-bin/www_bget?hsa04630">
        <graphics name="Jak-STAT signaling pathway" fgcolor="#000000" bgcolor="#FFFFFF"
             type="roundrectangle" x="744" y="1113" width="102" height="34"/>
    </entry>
    <entry id="163" name="path:hsa04630" type="map"
        link="http://www.kegg.jp/dbget-bin/www_bget?hsa04630">
        <graphics name="Jak-STAT signaling pathway" fgcolor="#000000" bgcolor="#FFFFFF"
             type="roundrectangle" x="737" y="1281" width="102" height="34"/>
    </entry>
    <relation entry1="2" entry2="3" type="PPrel">
        <subtype name="activation" value="--&gt;"/>
    </relation>
    <relation entry1="3" entry2="32" type="GErel">
        <subtype name="expression" value="--&gt;"/>
    </relation>
    <relation entry1="33" entry2="40" type="PPrel">
        <subtype name="activation" value="--&gt;"/>
    </relation>
    <relation entry1="40" entry2="42" type="PPrel">
        <subtype name="activation" value="--&gt;"/>
    </relation>
    <relation entry1="42" entry2="44" type="GErel">
        <subtype name="expression" value="--&gt;"/>
    </relation>
    <relation entry1="44" entry2="122" type="GErel">
        <subtype name="inhibition" value="--|"/>
        <subtype name="expression" value="--&gt;"/>
    </relation>
    <relation entry1="44" entry2="123" type="GErel">
        <subtype name="inhibition" value="--|"/>
        <subtype name="expression" value="--&gt;"/>
    </relation>
    <relation entry1="44" entry2="120" type="GErel">
        <subtype name="expression" value="--&gt;"/>
    </relation>
    <relation entry1="32" entry2="120" type="PPrel">
        <subtype name="activation" value="--&gt;"/>
    </relation>
    <relation entry1="32" entry2="35" type="PPrel">
        <subtype name="activation" value="--&gt;"/>
    </relation>
    <relation entry1="120" entry2="38" type="PPrel">
        <subtype name="activation" value="--&gt;"/>
    </relation>
    <relation entry1="35" entry2="38" type="PPrel">
        <subtype name="activation" value="--&gt;"/>
    </relation>
    <relation entry1="38" entry2="83" type="GErel">
        <subtype name="expression" value="--&gt;"/>
    </relation>
    <relation entry1="120" entry2="128" type="GErel">
        <subtype name="expression" value="--&gt;"/>
        <subtype name="indirect effect" value="..&gt;"/>
    </relation>
    <relation entry1="35" entry2="128" type="GErel">
        <subtype name="expression" value="--&gt;"/>
        <subtype name="indirect effect" value="..&gt;"/>
    </relation>
    <relation entry1="104" entry2="128" type="PPrel">
        <subtype name="activation" value="--&gt;"/>
    </relation>
    <relation entry1="128" entry2="106" type="PPrel">
        <subtype name="activation" value="--&gt;"/>
        <subtype name="indirect effect" value="..&gt;"/>
    </relation>
    <relation entry1="128" entry2="107" type="PPrel">
        <subtype name="activation" value="--&gt;"/>
        <subtype name="indirect effect" value="..&gt;"/>
    </relation>
    <relation entry1="106" entry2="46" type="GErel">
        <subtype name="expression" value="--&gt;"/>
    </relation>
    <relation entry1="107" entry2="46" type="GErel">
        <subtype name="expression" value="--&gt;"/>
    </relation>
    <relation entry1="26" entry2="95" type="PPrel">
        <subtype name="activation" value="--&gt;"/>
        <subtype name="indirect effect" value="..&gt;"/>
    </relation>
    <relation entry1="27" entry2="96" type="PPrel">
        <subtype name="activation" value="--&gt;"/>
        <subtype name="indirect effect" value="..&gt;"/>
    </relation>
    <relation entry1="96" entry2="93" type="GErel">
        <subtype name="expression" value="--&gt;"/>
    </relation>
    <relation entry1="93" entry2="143" type="PPrel">
        <subtype name="activation" value="--&gt;"/>
    </relation>
    <relation entry1="143" entry2="145" type="PPrel">
        <subtype name="activation" value="--&gt;"/>
    </relation>
    <relation entry1="145" entry2="86" type="PPrel">
        <subtype name="activation" value="--&gt;"/>
        <subtype name="indirect effect" value="..&gt;"/>
    </relation>
    <relation entry1="24" entry2="86" type="PPrel">
        <subtype name="activation" value="--&gt;"/>
    </relation>
    <relation entry1="24" entry2="87" type="PPrel">
        <subtype name="activation" value="--&gt;"/>
    </relation>
    <relation entry1="86" entry2="99" type="PPrel">
        <subtype name="activation" value="--&gt;"/>
    </relation>
    <relation entry1="87" entry2="99" type="PPrel">
        <subtype name="activation" value="--&gt;"/>
    </relation>
    <relation entry1="99" entry2="131" type="GErel">
        <subtype name="expression" value="--&gt;"/>
    </relation>
    <relation entry1="99" entry2="150" type="GErel">
        <subtype name="expression" value="--&gt;"/>
    </relation>
    <relation entry1="131" entry2="92" type="GErel">
        <subtype name="expression" value="--&gt;"/>
    </relation>
    <relation entry1="131" entry2="94" type="GErel">
        <subtype name="expression" value="--&gt;"/>
    </relation>
    <relation entry1="150" entry2="92" type="GErel">
        <subtype name="expression" value="--&gt;"/>
    </relation>
    <relation entry1="150" entry2="94" type="GErel">
        <subtype name="expression" value="--&gt;"/>
    </relation>
    <relation entry1="151" entry2="131" type="PPrel">
        <subtype name="inhibition" value="--|"/>
    </relation>
    <relation entry1="47" entry2="49" type="PPrel">
        <subtype name="activation" value="--&gt;"/>
    </relation>
    <relation entry1="47" entry2="124" type="PPrel">
        <subtype name="activation" value="--&gt;"/>
    </relation>
    <relation entry1="49" entry2="51" type="PPrel">
        <subtype name="activation" value="--&gt;"/>
    </relation>
    <relation entry1="124" entry2="51" type="PPrel">
        <subtype name="activation" value="--&gt;"/>
    </relation>
    <relation entry1="51" entry2="53" type="GErel">
        <subtype name="expression" value="--&gt;"/>
    </relation>
    <relation entry1="53" entry2="55" type="GErel">
        <subtype name="expression" value="--&gt;"/>
        <subtype name="indirect effect" value="..&gt;"/>
    </relation>
    <relation entry1="53" entry2="74" type="GErel">
        <subtype name="expression" value="--&gt;"/>
    </relation>
    <relation entry1="53" entry2="81" type="GErel">
        <subtype name="expression" value="--&gt;"/>
    </relation>
    <relation entry1="57" entry2="55" type="GErel">
        <subtype name="expression" value="--&gt;"/>
    </relation>
    <relation entry1="56" entry2="55" type="GErel">
        <subtype name="expression" value="--&gt;"/>
    </relation>
    <relation entry1="51" entry2="75" type="GErel">
        <subtype name="expression" value="--&gt;"/>
    </relation>
    <relation entry1="101" entry2="152" type="PPrel">
        <subtype name="activation" value="--&gt;"/>
        <subtype name="indirect effect" value="..&gt;"/>
    </relation>
    <relation entry1="9" entry2="17" type="PPrel">
        <subtype name="activation" value="--&gt;"/>
    </relation>
    <relation entry1="11" entry2="17" type="PPrel">
        <subtype name="activation" value="--&gt;"/>
    </relation>
    <relation entry1="154" entry2="17" type="PPrel">
        <subtype name="activation" value="--&gt;"/>
    </relation>
    <relation entry1="17" entry2="19" type="GErel">
        <subtype name="expression" value="--&gt;"/>
    </relation>
    <relation entry1="53" entry2="138" type="PPrel">
        <subtype name="inhibition" value="--|"/>
        <subtype name="indirect effect" value="..&gt;"/>
    </relation>
</pathway>