<?xml version="1.0"?>
<!DOCTYPE pathway SYSTEM "http://www.kegg.jp/kegg/xml/KGML_v0.7.1_.dtd">
<!-- Creation date: Oct 2, 2012 11:48:00 +0900 (GMT+09:00) -->
<pathway name="path:hsa04210" org="hsa" number="04210"
         title="Apoptosis"
         image="http://www.kegg.jp/kegg/pathway/hsa/hsa04210.png"
         link="http://www.kegg.jp/kegg-bin/show_pathway?hsa04210">
    <entry id="1" name="path:hsa04115" type="map"
        link="http://www.kegg.jp/dbget-bin/www_bget?hsa04115">
        <graphics name="p53 signaling pathway" fgcolor="#000000" bgcolor="#FFFFFF"
             type="roundrectangle" x="1049" y="572" width="95" height="39"/>
    </entry>
    <entry id="2" name="path:hsa04060" type="map"
        link="http://www.kegg.jp/dbget-bin/www_bget?hsa04060">
        <graphics name="Cytokine-cytokine receptor interaction" fgcolor="#000000" bgcolor="#FFFFFF"
             type="roundrectangle" x="111" y="427" width="124" height="39"/>
    </entry>
    <entry id="3" name="hsa:5530 hsa:5532 hsa:5533 hsa:5534 hsa:5535" type="gene"
        link="http://www.kegg.jp/dbget-bin/www_bget?hsa:5530+hsa:5532+hsa:5533+hsa:5534+hsa:5535">
        <graphics name="PPP3CA, CALN, CALNA, CALNA1, CCN1, CNA1, PPP2B..." fgcolor="#000000" bgcolor="#BFFFBF"
             type="rectangle" x="430" y="733" width="46" height="17"/>
    </entry>
    <entry id="4" name="hsa:581" type="gene"
        link="http://www.kegg.jp/dbget-bin/www_bget?hsa:581">
        <graphics name="BAX, BCL2L4" fgcolor="#000000" bgcolor="#BFFFBF"
             type="rectangle" x="776" y="673" width="46" height="17"/>
    </entry>
    <entry id="5" name="hsa:598" type="gene"
        link="http://www.kegg.jp/dbget-bin/www_bget?hsa:598">
        <graphics name="BCL2L1, BCL-XL/S, BCL2L, BCLX, BCLXL, BCLXS, Bcl-X, PPP1R52, bcl-xL, bcl-xS" fgcolor="#000000" bgcolor="#BFFFBF"
             type="rectangle" x="776" y="553" width="46" height="17"/>
    </entry>
    <entry id="6" name="hsa:1676" type="gene"
        link="http://www.kegg.jp/dbget-bin/www_bget?hsa:1676">
        <graphics name="DFFA, DFF-45, DFF1, ICAD" fgcolor="#000000" bgcolor="#BFFFBF"
             type="rectangle" x="776" y="192" width="46" height="17"/>
    </entry>
    <entry id="7" name="hsa:596" type="gene"
        link="http://www.kegg.jp/dbget-bin/www_bget?hsa:596">
        <graphics name="BCL2, Bcl-2, PPP1R50" fgcolor="#000000" bgcolor="#BFFFBF"
             type="rectangle" x="1059" y="615" width="46" height="17"/>
    </entry>
    <entry id="8" name="hsa:472" type="gene"
        link="http://www.kegg.jp/dbget-bin/www_bget?hsa:472">
        <graphics name="ATM, AT1, ATA, ATC, ATD, ATDC, ATE, TEL1, TELO1" fgcolor="#000000" bgcolor="#BFFFBF"
             type="rectangle" x="991" y="661" width="46" height="17"/>
    </entry>
    <entry id="9" name="hsa:7157" type="gene"
        link="http://www.kegg.jp/dbget-bin/www_bget?hsa:7157">
        <graphics name="TP53, BCC7, LFS1, P53, TRP53" fgcolor="#000000" bgcolor="#BFFFBF"
             type="rectangle" x="991" y="615" width="46" height="17"/>
    </entry>
    <entry id="10" name="hsa:2021" type="gene"
        link="http://www.kegg.jp/dbget-bin/www_bget?hsa:2021">
        <graphics name="ENDOG" fgcolor="#000000" bgcolor="#BFFFBF"
             type="rectangle" x="907" y="335" width="46" height="17"/>
    </entry>
    <entry id="11" name="hsa:9131" type="gene"
        link="http://www.kegg.jp/dbget-bin/www_bget?hsa:9131">
        <graphics name="AIFM1, AIF, CMTX4, COWCK, COXPD6, PDCD8" fgcolor="#000000" bgcolor="#BFFFBF"
             type="rectangle" x="854" y="335" width="46" height="17"/>
    </entry>
    <entry id="12" name="hsa:836" type="gene"
        link="http://www.kegg.jp/dbget-bin/www_bget?hsa:836">
        <graphics name="CASP3, CPP32, CPP32B, SCA-1" fgcolor="#000000" bgcolor="#BFFFBF"
             type="rectangle" x="776" y="767" width="46" height="17"/>
    </entry>
    <entry id="13" name="hsa:596" type="gene"
        link="http://www.kegg.jp/dbget-bin/www_bget?hsa:596">
        <graphics name="BCL2, Bcl-2, PPP1R50" fgcolor="#000000" bgcolor="#BFFFBF"
             type="rectangle" x="776" y="575" width="46" height="17"/>
    </entry>
    <entry id="14" name="hsa:112401 hsa:329 hsa:330 hsa:331 hsa:79444" type="gene"
        link="http://www.kegg.jp/dbget-bin/www_bget?hsa:112401+hsa:329+hsa:330+hsa:331+hsa:79444">
        <graphics name="BIRC8, ILP-2, ILP2, hILP2..." fgcolor="#000000" bgcolor="#BFFFBF"
             type="rectangle" x="776" y="531" width="46" height="17"/>
    </entry>
    <entry id="15" name="hsa:1677" type="gene"
        link="http://www.kegg.jp/dbget-bin/www_bget?hsa:1677">
        <graphics name="DFFB, CAD, CPAN, DFF-40, DFF2, DFF40" fgcolor="#000000" bgcolor="#BFFFBF"
             type="rectangle" x="776" y="224" width="46" height="17"/>
    </entry>
    <entry id="16" name="hsa:100506742" type="gene"
        link="http://www.kegg.jp/dbget-bin/www_bget?hsa:100506742">
        <graphics name="CASP12, CASP-12, CASP12P1" fgcolor="#000000" bgcolor="#BFFFBF"
             type="rectangle" x="683" y="767" width="46" height="17"/>
    </entry>
    <entry id="17" name="hsa:842" type="gene"
        link="http://www.kegg.jp/dbget-bin/www_bget?hsa:842">
        <graphics name="CASP9, APAF-3, APAF3, ICE-LAP6, MCH6, PPP1R56" fgcolor="#000000" bgcolor="#BFFFBF"
             type="rectangle" x="634" y="432" width="46" height="17"/>
    </entry>
    <entry id="18" name="hsa:840" type="gene"
        link="http://www.kegg.jp/dbget-bin/www_bget?hsa:840">
        <graphics name="CASP7, CASP-7, CMH-1, ICE-LAP3, LICE2, MCH3" fgcolor="#000000" bgcolor="#BFFFBF"
             type="rectangle" x="634" y="241" width="46" height="17"/>
    </entry>
    <entry id="19" name="hsa:836" type="gene"
        link="http://www.kegg.jp/dbget-bin/www_bget?hsa:836">
        <graphics name="CASP3, CPP32, CPP32B, SCA-1" fgcolor="#000000" bgcolor="#BFFFBF"
             type="rectangle" x="634" y="192" width="46" height="17"/>
    </entry>
    <entry id="20" name="hsa:572" type="gene"
        link="http://www.kegg.jp/dbget-bin/www_bget?hsa:572">
        <graphics name="BAD, BBC2, BCL2L8" fgcolor="#000000" bgcolor="#BFFFBF"
             type="rectangle" x="594" y="733" width="46" height="17"/>
    </entry>
    <entry id="21" name="hsa:572" type="gene"
        link="http://www.kegg.jp/dbget-bin/www_bget?hsa:572">
        <graphics name="BAD, BBC2, BCL2L8" fgcolor="#000000" bgcolor="#BFFFBF"
             type="rectangle" x="594" y="617" width="46" height="17"/>
    </entry>
    <entry id="22" name="hsa:4790 hsa:5970" type="gene"
        link="http://www.kegg.jp/dbget-bin/www_bget?hsa:4790+hsa:5970">
        <graphics name="NFKB1, EBP-1, KBF1, NF-kB1, NF-kappa-B, NF-kappaB, NFKB-p105, NFKB-p50, NFkappaB, p105, p50..." fgcolor="#000000" bgcolor="#BFFFBF"
             type="rectangle" x="520" y="553" width="46" height="17"/>
    </entry>
    <entry id="23" name="hsa:112401 hsa:329 hsa:330 hsa:331 hsa:79444" type="gene"
        link="http://www.kegg.jp/dbget-bin/www_bget?hsa:112401+hsa:329+hsa:330+hsa:331+hsa:79444">
        <graphics name="BIRC8, ILP-2, ILP2, hILP2..." fgcolor="#000000" bgcolor="#BFFFBF"
             type="rectangle" x="667" y="314" width="46" height="17"/>
    </entry>
    <entry id="24" name="hsa:839" type="gene"
        link="http://www.kegg.jp/dbget-bin/www_bget?hsa:839">
        <graphics name="CASP6, MCH2" fgcolor="#000000" bgcolor="#BFFFBF"
             type="rectangle" x="634" y="99" width="46" height="17"/>
    </entry>
    <entry id="25" name="hsa:112401 hsa:329 hsa:330 hsa:331 hsa:79444" type="gene"
        link="http://www.kegg.jp/dbget-bin/www_bget?hsa:112401+hsa:329+hsa:330+hsa:331+hsa:79444">
        <graphics name="BIRC8, ILP-2, ILP2, hILP2..." fgcolor="#000000" bgcolor="#BFFFBF"
             type="rectangle" x="559" y="127" width="46" height="17"/>
    </entry>
    <entry id="26" name="hsa:5566 hsa:5567 hsa:5568 hsa:5573 hsa:5575 hsa:5576 hsa:5577 hsa:5613" type="gene"
        link="http://www.kegg.jp/dbget-bin/www_bget?hsa:5566+hsa:5567+hsa:5568+hsa:5573+hsa:5575+hsa:5576+hsa:5577+hsa:5613">
        <graphics name="PRKACA, PKACA..." fgcolor="#000000" bgcolor="#BFFFBF"
             type="rectangle" x="431" y="634" width="46" height="17"/>
    </entry>
    <entry id="27" name="hsa:4792" type="gene"
        link="http://www.kegg.jp/dbget-bin/www_bget?hsa:4792">
        <graphics name="NFKBIA, IKBA, MAD-3, NFKBI" fgcolor="#000000" bgcolor="#BFFFBF"
             type="rectangle" x="520" y="521" width="46" height="17"/>
    </entry>
    <entry id="28" name="hsa:317" type="gene"
        link="http://www.kegg.jp/dbget-bin/www_bget?hsa:317">
        <graphics name="APAF1, APAF-1, CED4" fgcolor="#000000" bgcolor="#BFFFBF"
             type="rectangle" x="520" y="449" width="46" height="17"/>
    </entry>
    <entry id="29" name="hsa:54205" type="gene"
        link="http://www.kegg.jp/dbget-bin/www_bget?hsa:54205">
        <graphics name="CYCS, CYC, HCS, THC4" fgcolor="#000000" bgcolor="#BFFFBF"
             type="rectangle" x="520" y="416" width="46" height="17"/>
    </entry>
    <entry id="30" name="hsa:596 hsa:598" type="gene"
        link="http://www.kegg.jp/dbget-bin/www_bget?hsa:596+hsa:598">
        <graphics name="BCL2, Bcl-2, PPP1R50..." fgcolor="#000000" bgcolor="#BFFFBF"
             type="rectangle" x="468" y="381" width="46" height="17"/>
    </entry>
    <entry id="31" name="hsa:637" type="gene"
        link="http://www.kegg.jp/dbget-bin/www_bget?hsa:637">
        <graphics name="BID, FP497" fgcolor="#000000" bgcolor="#BFFFBF"
             type="rectangle" x="520" y="303" width="46" height="17"/>
    </entry>
    <entry id="32" name="hsa:841" type="gene"
        link="http://www.kegg.jp/dbget-bin/www_bget?hsa:841">
        <graphics name="CASP8, ALPS2B, CAP4, Casp-8, FLICE, MACH, MCH5" fgcolor="#000000" bgcolor="#BFFFBF"
             type="rectangle" x="520" y="241" width="46" height="17"/>
    </entry>
    <entry id="33" name="hsa:843" type="gene"
        link="http://www.kegg.jp/dbget-bin/www_bget?hsa:843">
        <graphics name="CASP10, ALPS2, FLICE2, MCH4" fgcolor="#000000" bgcolor="#BFFFBF"
             type="rectangle" x="520" y="192" width="46" height="17"/>
    </entry>
    <entry id="34" name="hsa:823 hsa:824" type="gene"
        link="http://www.kegg.jp/dbget-bin/www_bget?hsa:823+hsa:824">
        <graphics name="CAPN1, CANP, CANP1, CANPL1, muCANP, muCL..." fgcolor="#000000" bgcolor="#BFFFBF"
             type="rectangle" x="430" y="767" width="46" height="17"/>
    </entry>
    <entry id="35" name="hsa:10000 hsa:207 hsa:208" type="gene"
        link="http://www.kegg.jp/dbget-bin/www_bget?hsa:10000+hsa:207+hsa:208">
        <graphics name="AKT3, MPPH, PKB-GAMMA, PKBG, PRKBG, RAC-PK-gamma, RAC-gamma, STK-2..." fgcolor="#000000" bgcolor="#BFFFBF"
             type="rectangle" x="430" y="601" width="46" height="17"/>
    </entry>
    <entry id="36" name="hsa:9020" type="gene"
        link="http://www.kegg.jp/dbget-bin/www_bget?hsa:9020">
        <graphics name="MAP3K14, FTDCR1B, HS, HSNIK, NIK" fgcolor="#000000" bgcolor="#BFFFBF"
             type="rectangle" x="341" y="478" width="46" height="17"/>
    </entry>
    <entry id="37" name="hsa:1147 hsa:3551 hsa:8517" type="gene"
        link="http://www.kegg.jp/dbget-bin/www_bget?hsa:1147+hsa:3551+hsa:8517">
        <graphics name="CHUK, IKBKA, IKK-alpha, IKK1, IKKA, NFKBIKA, TCF16..." fgcolor="#000000" bgcolor="#BFFFBF"
             type="rectangle" x="430" y="521" width="46" height="17"/>
    </entry>
    <entry id="38" name="hsa:8837" type="gene"
        link="http://www.kegg.jp/dbget-bin/www_bget?hsa:8837">
        <graphics name="CFLAR, CASH, CASP8AP1, CLARP, Casper, FLAME, FLAME-1, FLAME1, FLIP, I-FLICE, MRIT, c-FLIP, c-FLIPL, c-FLIPR, c-FLIPS" fgcolor="#000000" bgcolor="#BFFFBF"
             type="rectangle" x="414" y="397" width="46" height="17"/>
    </entry>
    <entry id="39" name="hsa:23533 hsa:5290 hsa:5291 hsa:5293 hsa:5294 hsa:5295 hsa:5296 hsa:8503" type="gene"
        link="http://www.kegg.jp/dbget-bin/www_bget?hsa:23533+hsa:5290+hsa:5291+hsa:5293+hsa:5294+hsa:5295+hsa:5296+hsa:8503">
        <graphics name="PIK3R5, F730038I15Rik, FOAP-2, P101-PI3K, p101..." fgcolor="#000000" bgcolor="#BFFFBF"
             type="rectangle" x="289" y="601" width="46" height="17"/>
    </entry>
    <entry id="40" name="hsa:11213 hsa:3654 hsa:3656 hsa:51135" type="gene"
        link="http://www.kegg.jp/dbget-bin/www_bget?hsa:11213+hsa:3654+hsa:3656+hsa:51135">
        <graphics name="IRAK3, ASRT5, IRAKM..." fgcolor="#000000" bgcolor="#BFFFBF"
             type="rectangle" x="289" y="401" width="46" height="17"/>
    </entry>
    <entry id="41" name="hsa:4615" type="gene"
        link="http://www.kegg.jp/dbget-bin/www_bget?hsa:4615">
        <graphics name="MYD88, MYD88D" fgcolor="#000000" bgcolor="#BFFFBF"
             type="rectangle" x="289" y="384" width="46" height="17"/>
    </entry>
    <entry id="42" name="hsa:8772" type="gene"
        link="http://www.kegg.jp/dbget-bin/www_bget?hsa:8772">
        <graphics name="FADD, MORT1" fgcolor="#000000" bgcolor="#BFFFBF"
             type="rectangle" x="289" y="358" width="46" height="17"/>
    </entry>
    <entry id="43" name="hsa:8717" type="gene"
        link="http://www.kegg.jp/dbget-bin/www_bget?hsa:8717">
        <graphics name="TRADD, Hs.89862" fgcolor="#000000" bgcolor="#BFFFBF"
             type="rectangle" x="289" y="341" width="46" height="17"/>
    </entry>
    <entry id="44" name="hsa:7186" type="gene"
        link="http://www.kegg.jp/dbget-bin/www_bget?hsa:7186">
        <graphics name="TRAF2, MGC:45012, TRAP, TRAP3" fgcolor="#000000" bgcolor="#BFFFBF"
             type="rectangle" x="289" y="301" width="46" height="17"/>
    </entry>
    <entry id="45" name="hsa:8737" type="gene"
        link="http://www.kegg.jp/dbget-bin/www_bget?hsa:8737">
        <graphics name="RIPK1, RIP, RIP1" fgcolor="#000000" bgcolor="#BFFFBF"
             type="rectangle" x="289" y="284" width="46" height="17"/>
    </entry>
    <entry id="46" name="hsa:8717" type="gene"
        link="http://www.kegg.jp/dbget-bin/www_bget?hsa:8717">
        <graphics name="TRADD, Hs.89862" fgcolor="#000000" bgcolor="#BFFFBF"
             type="rectangle" x="289" y="267" width="46" height="17"/>
    </entry>
    <entry id="47" name="hsa:8772" type="gene"
        link="http://www.kegg.jp/dbget-bin/www_bget?hsa:8772">
        <graphics name="FADD, MORT1" fgcolor="#000000" bgcolor="#BFFFBF"
             type="rectangle" x="289" y="241" width="46" height="17"/>
    </entry>
    <entry id="48" name="hsa:8717" type="gene"
        link="http://www.kegg.jp/dbget-bin/www_bget?hsa:8717">
        <graphics name="TRADD, Hs.89862" fgcolor="#000000" bgcolor="#BFFFBF"
             type="rectangle" x="289" y="224" width="46" height="17"/>
    </entry>
    <entry id="49" name="hsa:8772" type="gene"
        link="http://www.kegg.jp/dbget-bin/www_bget?hsa:8772">
        <graphics name="FADD, MORT1" fgcolor="#000000" bgcolor="#BFFFBF"
             type="rectangle" x="289" y="170" width="46" height="17"/>
    </entry>
    <entry id="50" name="hsa:1439 hsa:3563" type="gene"
        link="http://www.kegg.jp/dbget-bin/www_bget?hsa:1439+hsa:3563">
        <graphics name="CSF2RB, CD131, CDw131, IL3RB, IL5RB, SMDP5..." fgcolor="#000000" bgcolor="#BFFFBF"
             type="rectangle" x="201" y="673" width="46" height="17"/>
    </entry>
    <entry id="51" name="hsa:1439 hsa:3563" type="gene"
        link="http://www.kegg.jp/dbget-bin/www_bget?hsa:1439+hsa:3563">
        <graphics name="CSF2RB, CD131, CDw131, IL3RB, IL5RB, SMDP5..." fgcolor="#000000" bgcolor="#BFFFBF"
             type="rectangle" x="201" y="612" width="46" height="17"/>
    </entry>
    <entry id="52" name="hsa:4914" type="gene"
        link="http://www.kegg.jp/dbget-bin/www_bget?hsa:4914">
        <graphics name="NTRK1, MTC, TRK, TRK1, TRKA, Trk-A, p140-TrkA" fgcolor="#000000" bgcolor="#BFFFBF"
             type="rectangle" x="201" y="583" width="46" height="17"/>
    </entry>
    <entry id="53" name="hsa:3554 hsa:3556" type="gene"
        link="http://www.kegg.jp/dbget-bin/www_bget?hsa:3554+hsa:3556">
        <graphics name="IL1R1, CD121A, D2S1473, IL-1R-alpha, IL1R, IL1RA, P80..." fgcolor="#000000" bgcolor="#BFFFBF"
             type="rectangle" x="201" y="362" width="46" height="17"/>
    </entry>
    <entry id="54" name="hsa:7132" type="gene"
        link="http://www.kegg.jp/dbget-bin/www_bget?hsa:7132">
        <graphics name="TNFRSF1A, CD120a, FPF, MS5, TBP1, TNF-R, TNF-R-I, TNF-R55, TNFAR, TNFR1, TNFR1-d2, TNFR55, TNFR60, p55, p55-R, p60" fgcolor="#000000" bgcolor="#BFFFBF"
             type="rectangle" x="201" y="244" width="46" height="17"/>
    </entry>
    <entry id="55" name="hsa:8793 hsa:8794 hsa:8795 hsa:8797" type="gene"
        link="http://www.kegg.jp/dbget-bin/www_bget?hsa:8793+hsa:8794+hsa:8795+hsa:8797">
        <graphics name="TNFRSF10D, CD264, DCR2, TRAIL-R4, TRAILR4, TRUNDD..." fgcolor="#000000" bgcolor="#BFFFBF"
             type="rectangle" x="201" y="184" width="46" height="17"/>
    </entry>
    <entry id="56" name="hsa:355" type="gene"
        link="http://www.kegg.jp/dbget-bin/www_bget?hsa:355">
        <graphics name="FAS, ALPS1A, APO-1, APT1, CD95, FAS1, FASTM, TNFRSF6" fgcolor="#000000" bgcolor="#BFFFBF"
             type="rectangle" x="201" y="157" width="46" height="17"/>
    </entry>
    <entry id="57" name="hsa:3562" type="gene"
        link="http://www.kegg.jp/dbget-bin/www_bget?hsa:3562">
        <graphics name="IL3, IL-3, MCGF, MULTI-CSF" fgcolor="#000000" bgcolor="#BFFFBF"
             type="rectangle" x="114" y="635" width="46" height="17"/>
    </entry>
    <entry id="58" name="hsa:4803" type="gene"
        link="http://www.kegg.jp/dbget-bin/www_bget?hsa:4803">
        <graphics name="NGF, Beta-NGF, HSAN5, NGFB" fgcolor="#000000" bgcolor="#BFFFBF"
             type="rectangle" x="114" y="583" width="46" height="17"/>
    </entry>
    <entry id="59" name="hsa:3552 hsa:3553" type="gene"
        link="http://www.kegg.jp/dbget-bin/www_bget?hsa:3552+hsa:3553">
        <graphics name="IL1A, IL-1A, IL1, IL1-ALPHA, IL1F1..." fgcolor="#000000" bgcolor="#BFFFBF"
             type="rectangle" x="114" y="362" width="46" height="17"/>
    </entry>
    <entry id="60" name="hsa:7124" type="gene"
        link="http://www.kegg.jp/dbget-bin/www_bget?hsa:7124">
        <graphics name="TNF, DIF, TNF-alpha, TNFA, TNFSF2" fgcolor="#000000" bgcolor="#BFFFBF"
             type="rectangle" x="114" y="245" width="46" height="17"/>
    </entry>
    <entry id="61" name="path:hsa04110" type="map"
        link="http://www.kegg.jp/dbget-bin/www_bget?hsa04110">
        <graphics name="Cell cycle" fgcolor="#000000" bgcolor="#FFFFFF"
             type="roundrectangle" x="992" y="761" width="95" height="39"/>
    </entry>
    <entry id="62" name="path:hsa04210" type="map"
        link="http://www.kegg.jp/dbget-bin/www_bget?hsa04210">
        <graphics name="TITLE:Apoptosis" fgcolor="#000000" bgcolor="#FFFFFF"
             type="roundrectangle" x="90" y="58" width="100" height="25"/>
    </entry>
    <entry id="63" name="hsa:8743" type="gene"
        link="http://www.kegg.jp/dbget-bin/www_bget?hsa:8743">
        <graphics name="TNFSF10, APO2L, Apo-2L, CD253, TL2, TRAIL" fgcolor="#000000" bgcolor="#BFFFBF"
             type="rectangle" x="114" y="185" width="46" height="17"/>
    </entry>
    <entry id="64" name="hsa:356" type="gene"
        link="http://www.kegg.jp/dbget-bin/www_bget?hsa:356">
        <graphics name="FASLG, ALPS1B, APT1LG1, APTL, CD178, CD95-L, CD95L, FASL, TNFSF6" fgcolor="#000000" bgcolor="#BFFFBF"
             type="rectangle" x="114" y="157" width="46" height="17"/>
    </entry>
    <entry id="65" name="path:hsa04064" type="map"
        link="http://www.kegg.jp/dbget-bin/www_bget?hsa04064">
        <graphics name="NF-kappa B signaling pathway" fgcolor="#000000" bgcolor="#FFFFFF"
             type="roundrectangle" x="474" y="485" width="125" height="34"/>
    </entry>
    <entry id="66" name="path:hsa04151" type="map"
        link="http://www.kegg.jp/dbget-bin/www_bget?hsa04151">
        <graphics name="PI3K-Akt signaling pathway" fgcolor="#000000" bgcolor="#FFFFFF"
             type="roundrectangle" x="336" y="566" width="126" height="34"/>
    </entry>
    <entry id="67" name="undefined" type="group">
        <graphics fgcolor="#000000" bgcolor="#FFFFFF"
             type="rectangle" x="289" y="232" width="46" height="34"/>
        <component id="47"/>
        <component id="48"/>
    </entry>
    <entry id="68" name="undefined" type="group">
        <graphics fgcolor="#000000" bgcolor="#FFFFFF"
             type="rectangle" x="289" y="284" width="46" height="51"/>
        <component id="44"/>
        <component id="45"/>
        <component id="46"/>
    </entry>
    <entry id="69" name="undefined" type="group">
        <graphics fgcolor="#000000" bgcolor="#FFFFFF"
             type="rectangle" x="289" y="349" width="46" height="34"/>
        <component id="42"/>
        <component id="43"/>
    </entry>
    <entry id="70" name="undefined" type="group">
        <graphics fgcolor="#000000" bgcolor="#FFFFFF"
             type="rectangle" x="289" y="392" width="46" height="34"/>
        <component id="40"/>
        <component id="41"/>
    </entry>
    <relation entry1="64" entry2="56" type="PPrel">
        <subtype name="activation" value="--&gt;"/>
    </relation>
    <relation entry1="63" entry2="55" type="PPrel">
        <subtype name="activation" value="--&gt;"/>
    </relation>
    <relation entry1="60" entry2="54" type="PPrel">
        <subtype name="activation" value="--&gt;"/>
    </relation>
    <relation entry1="59" entry2="53" type="PPrel">
        <subtype name="activation" value="--&gt;"/>
    </relation>
    <relation entry1="58" entry2="52" type="PPrel">
        <subtype name="activation" value="--&gt;"/>
    </relation>
    <relation entry1="57" entry2="51" type="PPrel">
        <subtype name="activation" value="--&gt;"/>
    </relation>
    <relation entry1="56" entry2="49" type="PPrel">
        <subtype name="activation" value="--&gt;"/>
    </relation>
    <relation entry1="55" entry2="49" type="PPrel">
        <subtype name="activation" value="--&gt;"/>
    </relation>
    <relation entry1="54" entry2="67" type="PPrel">
        <subtype name="activation" value="--&gt;"/>
    </relation>
    <relation entry1="54" entry2="68" type="PPrel">
        <subtype name="activation" value="--&gt;"/>
    </relation>
    <relation entry1="53" entry2="69" type="PPrel">
        <subtype name="activation" value="--&gt;"/>
    </relation>
    <relation entry1="53" entry2="70" type="PPrel">
        <subtype name="activation" value="--&gt;"/>
    </relation>
    <relation entry1="49" entry2="33" type="PPrel">
        <subtype name="activation" value="--&gt;"/>
    </relation>
    <relation entry1="49" entry2="32" type="PPrel">
        <subtype name="activation" value="--&gt;"/>
    </relation>
    <relation entry1="33" entry2="19" type="PPrel">
        <subtype name="activation" value="--&gt;"/>
    </relation>
    <relation entry1="32" entry2="19" type="PPrel">
        <subtype name="activation" value="--&gt;"/>
    </relation>
    <relation entry1="32" entry2="18" type="PPrel">
        <subtype name="activation" value="--&gt;"/>
    </relation>
    <relation entry1="47" entry2="33" type="PPrel">
        <subtype name="activation" value="--&gt;"/>
    </relation>
    <relation entry1="47" entry2="32" type="PPrel">
        <subtype name="activation" value="--&gt;"/>
    </relation>
    <relation entry1="45" entry2="36" type="PPrel">
        <subtype name="activation" value="--&gt;"/>
    </relation>
    <relation entry1="44" entry2="36" type="PPrel">
        <subtype name="activation" value="--&gt;"/>
    </relation>
    <relation entry1="42" entry2="33" type="PPrel">
        <subtype name="activation" value="--&gt;"/>
    </relation>
    <relation entry1="42" entry2="32" type="PPrel">
        <subtype name="activation" value="--&gt;"/>
    </relation>
    <relation entry1="17" entry2="18" type="PPrel">
        <subtype name="activation" value="--&gt;"/>
    </relation>
    <relation entry1="17" entry2="19" type="PPrel">
        <subtype name="activation" value="--&gt;"/>
    </relation>
    <relation entry1="29" entry2="17" type="PPrel">
        <subtype name="activation" value="--&gt;"/>
    </relation>
    <relation entry1="28" entry2="17" type="PPrel">
        <subtype name="activation" value="--&gt;"/>
    </relation>
    <relation entry1="19" entry2="24" type="PPrel">
        <subtype name="activation" value="--&gt;"/>
    </relation>
    <relation entry1="19" entry2="6" type="PPrel">
        <subtype name="activation" value="--&gt;"/>
    </relation>
    <relation entry1="18" entry2="6" type="PPrel">
        <subtype name="activation" value="--&gt;"/>
    </relation>
    <relation entry1="36" entry2="37" type="PPrel">
        <subtype name="activation" value="--&gt;"/>
        <subtype name="phosphorylation" value="+p"/>
    </relation>
    <relation entry1="37" entry2="27" type="PPrel">
        <subtype name="activation" value="--&gt;"/>
        <subtype name="phosphorylation" value="+p"/>
    </relation>
    <relation entry1="35" entry2="37" type="PPrel">
        <subtype name="activation" value="--&gt;"/>
        <subtype name="phosphorylation" value="+p"/>
    </relation>
    <relation entry1="35" entry2="21" type="PPrel">
        <subtype name="inhibition" value="--|"/>
        <subtype name="phosphorylation" value="+p"/>
    </relation>
    <relation entry1="26" entry2="21" type="PPrel">
        <subtype name="inhibition" value="--|"/>
        <subtype name="phosphorylation" value="+p"/>
    </relation>
    <relation entry1="3" entry2="20" type="PPrel">
        <subtype name="activation" value="--&gt;"/>
        <subtype name="dephosphorylation" value="-p"/>
    </relation>
    <relation entry1="16" entry2="12" type="PPrel">
        <subtype name="activation" value="--&gt;"/>
    </relation>
    <relation entry1="22" entry2="14" type="GErel">
        <subtype name="expression" value="--&gt;"/>
    </relation>
    <relation entry1="22" entry2="5" type="GErel">
        <subtype name="expression" value="--&gt;"/>
    </relation>
    <relation entry1="22" entry2="13" type="GErel">
        <subtype name="expression" value="--&gt;"/>
    </relation>
    <relation entry1="22" entry2="27" type="PPrel">
        <subtype name="dissociation" value="-+-"/>
    </relation>
    <relation entry1="6" entry2="15" type="PPrel">
        <subtype name="dissociation" value="-+-"/>
    </relation>
    <relation entry1="52" entry2="39" type="PPrel">
        <subtype name="indirect effect" value="..&gt;"/>
    </relation>
    <relation entry1="51" entry2="39" type="PPrel">
        <subtype name="indirect effect" value="..&gt;"/>
    </relation>
    <relation entry1="39" entry2="35" type="PPrel">
        <subtype name="indirect effect" value="..&gt;"/>
    </relation>
    <relation entry1="40" entry2="36" type="PPrel">
        <subtype name="indirect effect" value="..&gt;"/>
    </relation>
    <relation entry1="31" entry2="29" type="PPrel">
        <subtype name="indirect effect" value="..&gt;"/>
    </relation>
    <relation entry1="25" entry2="24" type="PPrel">
        <subtype name="inhibition" value="--|"/>
    </relation>
    <relation entry1="25" entry2="19" type="PPrel">
        <subtype name="inhibition" value="--|"/>
    </relation>
    <relation entry1="7" entry2="9" type="PPrel">
        <subtype name="inhibition" value="--|"/>
    </relation>
    <relation entry1="34" entry2="16" type="PPrel">
        <subtype name="indirect effect" value="..&gt;"/>
    </relation>
    <relation entry1="50" entry2="4" type="PPrel">
        <subtype name="indirect effect" value="..&gt;"/>
    </relation>
    <relation entry1="38" entry2="49" type="PPrel">
        <subtype name="inhibition" value="--|"/>
    </relation>
    <relation entry1="38" entry2="67" type="PPrel">
        <subtype name="inhibition" value="--|"/>
    </relation>
    <relation entry1="8" entry2="9" type="PPrel">
        <subtype name="activation" value="--&gt;"/>
        <subtype name="phosphorylation" value="+p"/>
    </relation>
    <relation entry1="23" entry2="18" type="PPrel">
        <subtype name="inhibition" value="--|"/>
    </relation>
    <relation entry1="23" entry2="17" type="PPrel">
        <subtype name="inhibition" value="--|"/>
    </relation>
    <relation entry1="32" entry2="31" type="PPrel">
        <subtype name="activation" value="--&gt;"/>
    </relation>
</pathway>