<?xml version="1.0"?>
<!DOCTYPE pathway SYSTEM "http://www.kegg.jp/kegg/xml/KGML_v0.7.1_.dtd">
<!-- Creation date: Feb 7, 2013 16:49:32 +0900 (GMT+09:00) -->
<pathway name="path:hsa05217" org="hsa" number="05217"
         title="Basal cell carcinoma"
         image="http://www.kegg.jp/kegg/pathway/hsa/hsa05217.png"
         link="http://www.kegg.jp/kegg-bin/show_pathway?hsa05217">
    <entry id="1" name="ko:K06227" type="ortholog"
        link="http://www.kegg.jp/dbget-bin/www_bget?K06227">
        <graphics name="K06227" fgcolor="#000000" bgcolor="#FFFFFF"
             type="rectangle" x="419" y="339" width="46" height="17"/>
    </entry>
    <entry id="2" name="cpd:C00187" type="compound"
        link="http://www.kegg.jp/dbget-bin/www_bget?C00187">
        <graphics name="C00187" fgcolor="#000000" bgcolor="#FFFFFF"
             type="circle" x="132" y="308" width="8" height="8"/>
    </entry>
    <entry id="3" name="hsa:2735" type="gene"
        link="http://www.kegg.jp/dbget-bin/www_bget?hsa:2735">
        <graphics name="GLI1, GLI" fgcolor="#000000" bgcolor="#BFFFBF"
             type="rectangle" x="678" y="340" width="46" height="17"/>
    </entry>
    <entry id="4" name="hsa:5727 hsa:8643" type="gene"
        link="http://www.kegg.jp/dbget-bin/www_bget?hsa:5727+hsa:8643">
        <graphics name="PTCH1, BCNS, HPE7, NBCCS, PTC, PTC1, PTCH, PTCH11..." fgcolor="#000000" bgcolor="#BFFFBF"
             type="rectangle" x="678" y="366" width="46" height="17"/>
    </entry>
    <entry id="5" name="hsa:650 hsa:652" type="gene"
        link="http://www.kegg.jp/dbget-bin/www_bget?hsa:650+hsa:652">
        <graphics name="BMP2, BDA2, BMP2A..." fgcolor="#000000" bgcolor="#BFFFBF"
             type="rectangle" x="678" y="287" width="46" height="17"/>
    </entry>
    <entry id="6" name="hsa:7157" type="gene"
        link="http://www.kegg.jp/dbget-bin/www_bget?hsa:7157">
        <graphics name="TP53, BCC7, LFS1, P53, TRP53" fgcolor="#000000" bgcolor="#BFFFBF"
             type="rectangle" x="678" y="195" width="46" height="17"/>
    </entry>
    <entry id="7" name="hsa:51384 hsa:54361 hsa:7471 hsa:7472 hsa:7473 hsa:7474 hsa:7475 hsa:7476 hsa:7477 hsa:7478 hsa:7479 hsa:7480 hsa:7481 hsa:7482 hsa:7483 hsa:7484 hsa:80326 hsa:81029 hsa:89780" type="gene"
        link="http://www.kegg.jp/dbget-bin/www_bget?hsa:51384+hsa:54361+hsa:7471+hsa:7472+hsa:7473+hsa:7474+hsa:7475+hsa:7476+hsa:7477+hsa:7478+hsa:7479+hsa:7480+hsa:7481+hsa:7482+hsa:7483+hsa:7484+hsa:80326+hsa:81029+hsa:89780">
        <graphics name="WNT16..." fgcolor="#000000" bgcolor="#BFFFBF"
             type="rectangle" x="678" y="393" width="46" height="17"/>
    </entry>
    <entry id="8" name="hsa:6469" type="gene"
        link="http://www.kegg.jp/dbget-bin/www_bget?hsa:6469">
        <graphics name="SHH, HHG1, HLP3, HPE3, MCOPCB5, SMMCI, TPT, TPTPS" fgcolor="#000000" bgcolor="#BFFFBF"
             type="rectangle" x="132" y="279" width="46" height="17"/>
    </entry>
    <entry id="9" name="hsa:10297 hsa:324" type="gene"
        link="http://www.kegg.jp/dbget-bin/www_bget?hsa:10297+hsa:324">
        <graphics name="APC2, APCL..." fgcolor="#000000" bgcolor="#BFFFBF"
             type="rectangle" x="480" y="477" width="46" height="17"/>
    </entry>
    <entry id="10" name="hsa:5727" type="gene"
        link="http://www.kegg.jp/dbget-bin/www_bget?hsa:5727">
        <graphics name="PTCH1, BCNS, HPE7, NBCCS, PTC, PTC1, PTCH, PTCH11" fgcolor="#000000" bgcolor="#BFFFBF"
             type="rectangle" x="211" y="279" width="46" height="17"/>
    </entry>
    <entry id="11" name="hsa:51684" type="gene"
        link="http://www.kegg.jp/dbget-bin/www_bget?hsa:51684">
        <graphics name="SUFU, PRO1280, SUFUH, SUFUXL" fgcolor="#000000" bgcolor="#BFFFBF"
             type="rectangle" x="441" y="356" width="46" height="17"/>
    </entry>
    <entry id="12" name="hsa:8312 hsa:8313" type="gene"
        link="http://www.kegg.jp/dbget-bin/www_bget?hsa:8312+hsa:8313">
        <graphics name="AXIN1, AXIN, PPP1R49..." fgcolor="#000000" bgcolor="#BFFFBF"
             type="rectangle" x="435" y="477" width="46" height="17"/>
    </entry>
    <entry id="13" name="hsa:1855 hsa:1856 hsa:1857" type="gene"
        link="http://www.kegg.jp/dbget-bin/www_bget?hsa:1855+hsa:1856+hsa:1857">
        <graphics name="DVL1, DVL, DVL1L1..." fgcolor="#000000" bgcolor="#BFFFBF"
             type="rectangle" x="304" y="494" width="46" height="17"/>
    </entry>
    <entry id="14" name="hsa:11211 hsa:2535 hsa:7855 hsa:7976 hsa:8321 hsa:8322 hsa:8323 hsa:8324 hsa:8325 hsa:8326" type="gene"
        link="http://www.kegg.jp/dbget-bin/www_bget?hsa:11211+hsa:2535+hsa:7855+hsa:7976+hsa:8321+hsa:8322+hsa:8323+hsa:8324+hsa:8325+hsa:8326">
        <graphics name="FZD10, CD350, FZ-10, Fz10, FzE7, hFz10..." fgcolor="#000000" bgcolor="#BFFFBF"
             type="rectangle" x="211" y="493" width="46" height="17"/>
    </entry>
    <entry id="15" name="path:hsa05217" type="map"
        link="http://www.kegg.jp/dbget-bin/www_bget?hsa05217">
        <graphics name="TITLE:Basal cell carcinoma" fgcolor="#000000" bgcolor="#FFFFFF"
             type="roundrectangle" x="141" y="58" width="202" height="25"/>
    </entry>
    <entry id="16" name="hsa:2735 hsa:2736 hsa:2737" type="gene"
        link="http://www.kegg.jp/dbget-bin/www_bget?hsa:2735+hsa:2736+hsa:2737">
        <graphics name="GLI1, GLI..." fgcolor="#000000" bgcolor="#BFFFBF"
             type="rectangle" x="501" y="339" width="46" height="17"/>
    </entry>
    <entry id="17" name="hsa:27148" type="gene"
        link="http://www.kegg.jp/dbget-bin/www_bget?hsa:27148">
        <graphics name="STK36, FU" fgcolor="#000000" bgcolor="#BFFFBF"
             type="rectangle" x="395" y="356" width="46" height="17"/>
    </entry>
    <entry id="18" name="hsa:6608" type="gene"
        link="http://www.kegg.jp/dbget-bin/www_bget?hsa:6608">
        <graphics name="SMO, FZD11, Gx, SMOH" fgcolor="#000000" bgcolor="#BFFFBF"
             type="rectangle" x="210" y="339" width="46" height="17"/>
    </entry>
    <entry id="19" name="hsa:64399" type="gene"
        link="http://www.kegg.jp/dbget-bin/www_bget?hsa:64399">
        <graphics name="HHIP, HIP" fgcolor="#000000" bgcolor="#BFFFBF"
             type="rectangle" x="678" y="314" width="46" height="17"/>
    </entry>
    <entry id="20" name="hsa:1499" type="gene"
        link="http://www.kegg.jp/dbget-bin/www_bget?hsa:1499">
        <graphics name="CTNNB1, CTNNB" fgcolor="#000000" bgcolor="#BFFFBF"
             type="rectangle" x="477" y="494" width="46" height="17"/>
    </entry>
    <entry id="21" name="hsa:2932" type="gene"
        link="http://www.kegg.jp/dbget-bin/www_bget?hsa:2932">
        <graphics name="GSK3B" fgcolor="#000000" bgcolor="#BFFFBF"
             type="rectangle" x="394" y="494" width="46" height="17"/>
    </entry>
    <entry id="22" name="hsa:51176 hsa:6932 hsa:6934 hsa:83439" type="gene"
        link="http://www.kegg.jp/dbget-bin/www_bget?hsa:51176+hsa:6932+hsa:6934+hsa:83439">
        <graphics name="LEF1, LEF-1, TCF10, TCF1ALPHA, TCF7L3..." fgcolor="#000000" bgcolor="#BFFFBF"
             type="rectangle" x="626" y="495" width="46" height="17"/>
    </entry>
    <entry id="23" name="path:hsa04340" type="map"
        link="http://www.kegg.jp/dbget-bin/www_bget?hsa04340">
        <graphics name="Hedgehog signaling pathway" fgcolor="#000000" bgcolor="#FFFFFF"
             type="roundrectangle" x="306" y="370" width="102" height="34"/>
    </entry>
    <entry id="24" name="path:hsa04310" type="map"
        link="http://www.kegg.jp/dbget-bin/www_bget?hsa04310">
        <graphics name="Wnt signaling pathway" fgcolor="#000000" bgcolor="#FFFFFF"
             type="roundrectangle" x="306" y="534" width="102" height="34"/>
    </entry>
    <entry id="25" name="path:hsa04115" type="map"
        link="http://www.kegg.jp/dbget-bin/www_bget?hsa04115">
        <graphics name="p53 signaling pathway" fgcolor="#000000" bgcolor="#FFFFFF"
             type="roundrectangle" x="694" y="147" width="102" height="34"/>
    </entry>
    <entry id="26" name="path:hsa04110" type="map"
        link="http://www.kegg.jp/dbget-bin/www_bget?hsa04110">
        <graphics name="Cell cycle" fgcolor="#000000" bgcolor="#FFFFFF"
             type="roundrectangle" x="831" y="147" width="102" height="34"/>
    </entry>
    <entry id="27" name="path:hsa04350" type="map"
        link="http://www.kegg.jp/dbget-bin/www_bget?hsa04350">
        <graphics name="TGF-beta signaling pathway" fgcolor="#000000" bgcolor="#FFFFFF"
             type="roundrectangle" x="767" y="288" width="102" height="34"/>
    </entry>
    <relation entry1="7" entry2="14" type="PPrel">
        <subtype name="activation" value="--&gt;"/>
    </relation>
    <relation entry1="14" entry2="13" type="PPrel">
        <subtype name="activation" value="--&gt;"/>
    </relation>
    <relation entry1="8" entry2="10" type="PPrel">
        <subtype name="inhibition" value="--|"/>
    </relation>
    <relation entry1="13" entry2="21" type="PPrel">
        <subtype name="inhibition" value="--|"/>
    </relation>
    <relation entry1="21" entry2="20" type="PPrel">
        <subtype name="inhibition" value="--|"/>
    </relation>
    <relation entry1="20" entry2="22" type="PPrel">
        <subtype name="activation" value="--&gt;"/>
    </relation>
    <relation entry1="16" entry2="5" type="GErel">
        <subtype name="expression" value="--&gt;"/>
    </relation>
    <relation entry1="16" entry2="19" type="GErel">
        <subtype name="expression" value="--&gt;"/>
    </relation>
    <relation entry1="16" entry2="3" type="GErel">
        <subtype name="expression" value="--&gt;"/>
    </relation>
    <relation entry1="16" entry2="4" type="GErel">
        <subtype name="expression" value="--&gt;"/>
    </relation>
    <relation entry1="16" entry2="7" type="GErel">
        <subtype name="expression" value="--&gt;"/>
    </relation>
</pathway>