<?xml version="1.0"?>
<!DOCTYPE pathway SYSTEM "http://www.kegg.jp/kegg/xml/KGML_v0.7.1_.dtd">
<!-- Creation date: May 30, 2013 11:27:50 +0900 (GMT+09:00) -->
<pathway name="path:hsa05143" org="hsa" number="05143"
         title="African trypanosomiasis"
         image="http://www.kegg.jp/kegg/pathway/hsa/hsa05143.png"
         link="http://www.kegg.jp/kegg-bin/show_pathway?hsa05143">
    <entry id="1" name="path:hsa05143" type="map"
        link="http://www.kegg.jp/dbget-bin/www_bget?hsa05143">
        <graphics name="TITLE:African trypanosomiasis" fgcolor="#000000" bgcolor="#FFFFFF"
             type="roundrectangle" x="158" y="58" width="236" height="25"/>
    </entry>
    <entry id="2" name="hsa:54106" type="gene"
        link="http://www.kegg.jp/dbget-bin/www_bget?hsa:54106">
        <graphics name="TLR9, CD289" fgcolor="#000000" bgcolor="#BFFFBF"
             type="rectangle" x="546" y="317" width="46" height="17"/>
    </entry>
    <entry id="3" name="hsa:4615" type="gene"
        link="http://www.kegg.jp/dbget-bin/www_bget?hsa:4615">
        <graphics name="MYD88, MYD88D" fgcolor="#000000" bgcolor="#BFFFBF"
             type="rectangle" x="611" y="317" width="46" height="17"/>
    </entry>
    <entry id="4" name="hsa:3592 hsa:3593" type="gene"
        link="http://www.kegg.jp/dbget-bin/www_bget?hsa:3592+hsa:3593">
        <graphics name="IL12A, CLMF, IL-12A, NFSK, NKSF1, P35..." fgcolor="#000000" bgcolor="#BFFFBF"
             type="rectangle" x="655" y="372" width="46" height="17"/>
    </entry>
    <entry id="5" name="hsa:3606" type="gene"
        link="http://www.kegg.jp/dbget-bin/www_bget?hsa:3606">
        <graphics name="IL18, IGIF, IL-18, IL-1g, IL1F4" fgcolor="#000000" bgcolor="#BFFFBF"
             type="rectangle" x="655" y="392" width="46" height="17"/>
    </entry>
    <entry id="6" name="hsa:3458" type="gene"
        link="http://www.kegg.jp/dbget-bin/www_bget?hsa:3458">
        <graphics name="IFNG, IFG, IFI" fgcolor="#000000" bgcolor="#BFFFBF"
             type="rectangle" x="790" y="457" width="46" height="17"/>
    </entry>
    <entry id="7" name="hsa:7124" type="gene"
        link="http://www.kegg.jp/dbget-bin/www_bget?hsa:7124">
        <graphics name="TNF, DIF, TNF-alpha, TNFA, TNFSF2" fgcolor="#000000" bgcolor="#BFFFBF"
             type="rectangle" x="790" y="210" width="46" height="17"/>
    </entry>
    <entry id="8" name="ko:K14473" type="ortholog"
        link="http://www.kegg.jp/dbget-bin/www_bget?K14473">
        <graphics name="K14473" fgcolor="#000000" bgcolor="#FFFFFF"
             type="rectangle" x="372" y="290" width="46" height="17"/>
    </entry>
    <entry id="9" name="hsa:8542" type="gene"
        link="http://www.kegg.jp/dbget-bin/www_bget?hsa:8542">
        <graphics name="APOL1, APO-L, APOL, APOL-I, FSGS4" fgcolor="#000000" bgcolor="#BFFFBF"
             type="rectangle" x="205" y="533" width="46" height="17"/>
    </entry>
    <entry id="10" name="ko:K14474" type="ortholog"
        link="http://www.kegg.jp/dbget-bin/www_bget?K14474">
        <graphics name="K14474" fgcolor="#000000" bgcolor="#FFFFFF"
             type="rectangle" x="464" y="358" width="46" height="17"/>
    </entry>
    <entry id="11" name="hsa:6401" type="gene"
        link="http://www.kegg.jp/dbget-bin/www_bget?hsa:6401">
        <graphics name="SELE, CD62E, ELAM, ELAM1, ESEL, LECAM2" fgcolor="#000000" bgcolor="#BFFFBF"
             type="rectangle" x="982" y="268" width="46" height="17"/>
    </entry>
    <entry id="12" name="hsa:7412" type="gene"
        link="http://www.kegg.jp/dbget-bin/www_bget?hsa:7412">
        <graphics name="VCAM1, CD106, INCAM-100" fgcolor="#000000" bgcolor="#BFFFBF"
             type="rectangle" x="982" y="248" width="46" height="17"/>
    </entry>
    <entry id="13" name="hsa:3910" type="gene"
        link="http://www.kegg.jp/dbget-bin/www_bget?hsa:3910">
        <graphics name="LAMA4, LAMA3, LAMA4*-1" fgcolor="#000000" bgcolor="#BFFFBF"
             type="rectangle" x="1065" y="248" width="46" height="17"/>
    </entry>
    <entry id="14" name="hsa:3553" type="gene"
        link="http://www.kegg.jp/dbget-bin/www_bget?hsa:3553">
        <graphics name="IL1B, IL-1, IL1-BETA, IL1F2" fgcolor="#000000" bgcolor="#BFFFBF"
             type="rectangle" x="790" y="230" width="46" height="17"/>
    </entry>
    <entry id="15" name="cpd:C00584" type="compound"
        link="http://www.kegg.jp/dbget-bin/www_bget?C00584">
        <graphics name="C00584" fgcolor="#000000" bgcolor="#FFFFFF"
             type="circle" x="1230" y="435" width="8" height="8"/>
    </entry>
    <entry id="16" name="cpd:C00696" type="compound"
        link="http://www.kegg.jp/dbget-bin/www_bget?C00696">
        <graphics name="C00696" fgcolor="#000000" bgcolor="#FFFFFF"
             type="circle" x="1215" y="419" width="8" height="8"/>
    </entry>
    <entry id="17" name="ko:K06856" type="ortholog"
        link="http://www.kegg.jp/dbget-bin/www_bget?K06856">
        <graphics name="K06856" fgcolor="#000000" bgcolor="#FFFFFF"
             type="rectangle" x="482" y="242" width="46" height="17"/>
    </entry>
    <entry id="18" name="ko:K06856" type="ortholog"
        link="http://www.kegg.jp/dbget-bin/www_bget?K06856">
        <graphics name="K06856" fgcolor="#000000" bgcolor="#FFFFFF"
             type="rectangle" x="482" y="262" width="46" height="17"/>
    </entry>
    <entry id="19" name="hsa:3586" type="gene"
        link="http://www.kegg.jp/dbget-bin/www_bget?hsa:3586">
        <graphics name="IL10, CSIF, GVHDS, IL-10, IL10A, TGIF" fgcolor="#000000" bgcolor="#BFFFBF"
             type="rectangle" x="574" y="141" width="46" height="17"/>
    </entry>
    <entry id="20" name="ko:K01404" type="ortholog"
        link="http://www.kegg.jp/dbget-bin/www_bget?K01404">
        <graphics name="K01404" fgcolor="#000000" bgcolor="#FFFFFF"
             type="rectangle" x="347" y="393" width="46" height="17"/>
    </entry>
    <entry id="21" name="hsa:3569" type="gene"
        link="http://www.kegg.jp/dbget-bin/www_bget?hsa:3569">
        <graphics name="IL6, BSF2, HGF, HSF, IFNB2, IL-6" fgcolor="#000000" bgcolor="#BFFFBF"
             type="rectangle" x="790" y="250" width="46" height="17"/>
    </entry>
    <entry id="22" name="hsa:3383" type="gene"
        link="http://www.kegg.jp/dbget-bin/www_bget?hsa:3383">
        <graphics name="ICAM1, BB2, CD54, P3.58" fgcolor="#000000" bgcolor="#BFFFBF"
             type="rectangle" x="982" y="289" width="46" height="17"/>
    </entry>
    <entry id="23" name="path:hsa04610" type="map"
        link="http://www.kegg.jp/dbget-bin/www_bget?hsa04610">
        <graphics name="Complement and coagulation cascades" fgcolor="#000000" bgcolor="#FFFFFF"
             type="roundrectangle" x="475" y="418" width="113" height="25"/>
    </entry>
    <entry id="24" name="hsa:7064" type="gene"
        link="http://www.kegg.jp/dbget-bin/www_bget?hsa:7064">
        <graphics name="THOP1, EP24.15, MEPD_HUMAN, MP78, TOP" fgcolor="#000000" bgcolor="#BFFFBF"
             type="rectangle" x="399" y="472" width="46" height="17"/>
    </entry>
    <entry id="25" name="ko:K01354" type="ortholog"
        link="http://www.kegg.jp/dbget-bin/www_bget?K01354">
        <graphics name="K01354" fgcolor="#000000" bgcolor="#FFFFFF"
             type="rectangle" x="399" y="506" width="46" height="17"/>
    </entry>
    <entry id="26" name="cpd:C00306" type="compound"
        link="http://www.kegg.jp/dbget-bin/www_bget?C00306">
        <graphics name="C00306" fgcolor="#000000" bgcolor="#FFFFFF"
             type="circle" x="462" y="472" width="8" height="8"/>
    </entry>
    <entry id="27" name="cpd:C16003" type="compound"
        link="http://www.kegg.jp/dbget-bin/www_bget?C16003">
        <graphics name="C16003" fgcolor="#000000" bgcolor="#FFFFFF"
             type="circle" x="462" y="505" width="8" height="8"/>
    </entry>
    <entry id="28" name="ko:K14475" type="ortholog"
        link="http://www.kegg.jp/dbget-bin/www_bget?K14475">
        <graphics name="K14475" fgcolor="#000000" bgcolor="#FFFFFF"
             type="rectangle" x="409" y="564" width="46" height="17"/>
    </entry>
    <entry id="29" name="ko:K13537" type="ortholog"
        link="http://www.kegg.jp/dbget-bin/www_bget?K13537">
        <graphics name="K13537" fgcolor="#000000" bgcolor="#FFFFFF"
             type="rectangle" x="409" y="605" width="46" height="17"/>
    </entry>
    <entry id="30" name="ko:K14478" type="ortholog"
        link="http://www.kegg.jp/dbget-bin/www_bget?K14478">
        <graphics name="K14478" fgcolor="#000000" bgcolor="#FFFFFF"
             type="rectangle" x="296" y="423" width="46" height="17"/>
    </entry>
    <entry id="32" name="hsa:3250" type="gene"
        link="http://www.kegg.jp/dbget-bin/www_bget?hsa:3250">
        <graphics name="HPR, A-259H10.2, HP" fgcolor="#000000" bgcolor="#BFFFBF"
             type="rectangle" x="205" y="499" width="46" height="17"/>
    </entry>
    <entry id="33" name="hsa:335" type="gene"
        link="http://www.kegg.jp/dbget-bin/www_bget?hsa:335">
        <graphics name="APOA1" fgcolor="#000000" bgcolor="#BFFFBF"
             type="rectangle" x="205" y="516" width="46" height="17"/>
    </entry>
    <entry id="34" name="hsa:3039 hsa:3040 hsa:3043" type="gene"
        link="http://www.kegg.jp/dbget-bin/www_bget?hsa:3039+hsa:3040+hsa:3043">
        <graphics name="HBA1, CD31, HBH..." fgcolor="#000000" bgcolor="#BFFFBF"
             type="rectangle" x="180" y="450" width="46" height="17"/>
    </entry>
    <entry id="35" name="hsa:169355 hsa:3620" type="gene"
        link="http://www.kegg.jp/dbget-bin/www_bget?hsa:169355+hsa:3620">
        <graphics name="IDO2, INDOL1..." fgcolor="#000000" bgcolor="#BFFFBF"
             type="rectangle" x="1173" y="515" width="46" height="17"/>
    </entry>
    <entry id="36" name="ko:K13537" type="ortholog"
        link="http://www.kegg.jp/dbget-bin/www_bget?K13537">
        <graphics name="K13537" fgcolor="#000000" bgcolor="#FFFFFF"
             type="rectangle" x="810" y="685" width="46" height="17"/>
    </entry>
    <entry id="37" name="cpd:C00328" type="compound"
        link="http://www.kegg.jp/dbget-bin/www_bget?C00328">
        <graphics name="C00328" fgcolor="#000000" bgcolor="#FFFFFF"
             type="circle" x="1243" y="530" width="8" height="8"/>
    </entry>
    <entry id="38" name="cpd:C00078" type="compound"
        link="http://www.kegg.jp/dbget-bin/www_bget?C00078">
        <graphics name="C00078" fgcolor="#000000" bgcolor="#FFFFFF"
             type="circle" x="1243" y="498" width="8" height="8"/>
    </entry>
    <entry id="39" name="hsa:355" type="gene"
        link="http://www.kegg.jp/dbget-bin/www_bget?hsa:355">
        <graphics name="FAS, ALPS1A, APO-1, APT1, CD95, FAS1, FASTM, TNFRSF6" fgcolor="#000000" bgcolor="#BFFFBF"
             type="rectangle" x="982" y="156" width="46" height="17"/>
    </entry>
    <entry id="40" name="ko:K14479" type="ortholog"
        link="http://www.kegg.jp/dbget-bin/www_bget?K14479">
        <graphics name="K14479" fgcolor="#000000" bgcolor="#FFFFFF"
             type="rectangle" x="840" y="174" width="46" height="17"/>
    </entry>
    <entry id="41" name="hsa:356" type="gene"
        link="http://www.kegg.jp/dbget-bin/www_bget?hsa:356">
        <graphics name="FASLG, ALPS1B, APT1LG1, APTL, CD178, CD95-L, CD95L, FASL, TNFSF6" fgcolor="#000000" bgcolor="#BFFFBF"
             type="rectangle" x="923" y="156" width="46" height="17"/>
    </entry>
    <entry id="42" name="path:hsa04210" type="map"
        link="http://www.kegg.jp/dbget-bin/www_bget?hsa04210">
        <graphics name="Apoptosis" fgcolor="#000000" bgcolor="#FFFFFF"
             type="roundrectangle" x="1388" y="154" width="92" height="25"/>
    </entry>
    <entry id="43" name="hsa:2150" type="gene"
        link="http://www.kegg.jp/dbget-bin/www_bget?hsa:2150">
        <graphics name="F2RL1, GPR11, PAR2" fgcolor="#000000" bgcolor="#BFFFBF"
             type="rectangle" x="884" y="685" width="46" height="17"/>
    </entry>
    <entry id="44" name="path:hsa00380" type="map"
        link="http://www.kegg.jp/dbget-bin/www_bget?hsa00380">
        <graphics name="Tryptophan metabolism" fgcolor="#000000" bgcolor="#FFFFFF"
             type="roundrectangle" x="1180" y="566" width="127" height="25"/>
    </entry>
    <entry id="45" name="hsa:2776" type="gene"
        link="http://www.kegg.jp/dbget-bin/www_bget?hsa:2776">
        <graphics name="GNAQ, G-ALPHA-q, GAQ" fgcolor="#000000" bgcolor="#BFFFBF"
             type="rectangle" x="946" y="685" width="46" height="17"/>
    </entry>
    <entry id="46" name="hsa:23236 hsa:5330 hsa:5331 hsa:5332" type="gene"
        link="http://www.kegg.jp/dbget-bin/www_bget?hsa:23236+hsa:5330+hsa:5331+hsa:5332">
        <graphics name="PLCB1, EIEE12, PI-PLC, PLC-154, PLC-I, PLC154, PLCB1A, PLCB1B..." fgcolor="#000000" bgcolor="#BFFFBF"
             type="rectangle" x="1043" y="685" width="46" height="17"/>
    </entry>
    <entry id="47" name="cpd:C01245" type="compound"
        link="http://www.kegg.jp/dbget-bin/www_bget?C01245">
        <graphics name="C01245" fgcolor="#000000" bgcolor="#FFFFFF"
             type="circle" x="1109" y="685" width="8" height="8"/>
    </entry>
    <entry id="48" name="cpd:C00076" type="compound"
        link="http://www.kegg.jp/dbget-bin/www_bget?C00076">
        <graphics name="C00076" fgcolor="#000000" bgcolor="#FFFFFF"
             type="circle" x="1164" y="685" width="8" height="8"/>
    </entry>
    <entry id="49" name="cpd:C00165" type="compound"
        link="http://www.kegg.jp/dbget-bin/www_bget?C00165">
        <graphics name="C00165" fgcolor="#000000" bgcolor="#FFFFFF"
             type="circle" x="1109" y="730" width="8" height="8"/>
    </entry>
    <entry id="50" name="hsa:5578 hsa:5579 hsa:5582" type="gene"
        link="http://www.kegg.jp/dbget-bin/www_bget?hsa:5578+hsa:5579+hsa:5582">
        <graphics name="PRKCA, AAG6, PKC-alpha, PKCA, PRKACA..." fgcolor="#000000" bgcolor="#BFFFBF"
             type="rectangle" x="1230" y="685" width="46" height="17"/>
    </entry>
    <entry id="51" name="cpd:C00533" type="compound"
        link="http://www.kegg.jp/dbget-bin/www_bget?C00533">
        <graphics name="C00533" fgcolor="#000000" bgcolor="#FFFFFF"
             type="circle" x="1217" y="175" width="8" height="8"/>
    </entry>
    <entry id="52" name="path:hsa04710" type="map"
        link="http://www.kegg.jp/dbget-bin/www_bget?hsa04710">
        <graphics name="Circadian rhythm" fgcolor="#000000" bgcolor="#FFFFFF"
             type="roundrectangle" x="1411" y="450" width="92" height="25"/>
    </entry>
    <entry id="53" name="path:hsa04620" type="map"
        link="http://www.kegg.jp/dbget-bin/www_bget?hsa04620">
        <graphics name="Toll-like receptor signaling pathway" fgcolor="#000000" bgcolor="#FFFFFF"
             type="roundrectangle" x="704" y="305" width="100" height="34"/>
    </entry>
    <relation entry1="34" entry2="32" type="PPrel">
        <subtype name="binding/association" value="---"/>
    </relation>
    <relation entry1="24" entry2="26" type="PCrel">
        <subtype name="inhibition" value="--|"/>
    </relation>
    <relation entry1="2" entry2="3" type="PPrel">
        <subtype name="activation" value="--&gt;"/>
    </relation>
    <relation entry1="41" entry2="39" type="PPrel">
        <subtype name="activation" value="--&gt;"/>
        <subtype name="binding/association" value="---"/>
    </relation>
    <relation entry1="7" entry2="12" type="GErel">
        <subtype name="expression" value="--&gt;"/>
    </relation>
    <relation entry1="7" entry2="11" type="GErel">
        <subtype name="expression" value="--&gt;"/>
    </relation>
    <relation entry1="7" entry2="22" type="GErel">
        <subtype name="expression" value="--&gt;"/>
    </relation>
    <relation entry1="6" entry2="22" type="GErel">
        <subtype name="expression" value="--&gt;"/>
    </relation>
    <relation entry1="6" entry2="35" type="GErel">
        <subtype name="expression" value="--&gt;"/>
    </relation>
    <relation entry1="43" entry2="45" type="PPrel">
        <subtype name="activation" value="--&gt;"/>
    </relation>
    <relation entry1="45" entry2="46" type="PPrel">
        <subtype name="activation" value="--&gt;"/>
        <subtype name="indirect effect" value="..&gt;"/>
    </relation>
    <relation entry1="46" entry2="50" type="PPrel">
        <subtype name="compound" value="48"/>
        <subtype name="activation" value="--&gt;"/>
        <subtype name="indirect effect" value="..&gt;"/>
    </relation>
    <relation entry1="46" entry2="50" type="PPrel">
        <subtype name="compound" value="49"/>
        <subtype name="activation" value="--&gt;"/>
        <subtype name="indirect effect" value="..&gt;"/>
    </relation>
</pathway>