<?xml version="1.0"?>
<!DOCTYPE pathway SYSTEM "http://www.kegg.jp/kegg/xml/KGML_v0.7.1_.dtd">
<!-- Creation date: Feb 21, 2014 15:40:04 +0900 (GMT+09:00) -->
<pathway name="path:hsa05162" org="hsa" number="05162"
         title="Measles"
         image="http://www.kegg.jp/kegg/pathway/hsa/hsa05162.png"
         link="http://www.kegg.jp/kegg-bin/show_pathway?hsa05162">
    <entry id="1" name="path:hsa05162" type="map"
        link="http://www.kegg.jp/dbget-bin/www_bget?hsa05162">
        <graphics name="TITLE:Measles" fgcolor="#000000" bgcolor="#FFFFFF"
             type="roundrectangle" x="86" y="58" width="92" height="25"/>
    </entry>
    <entry id="10" name="hsa:51284 hsa:54106" type="gene"
        link="http://www.kegg.jp/dbget-bin/www_bget?hsa:51284+hsa:54106">
        <graphics name="TLR7, TLR7-like..." fgcolor="#000000" bgcolor="#BFFFBF"
             type="rectangle" x="420" y="571" width="46" height="17"/>
    </entry>
    <entry id="11" name="hsa:4615" type="gene"
        link="http://www.kegg.jp/dbget-bin/www_bget?hsa:4615">
        <graphics name="MYD88, MYD88D" fgcolor="#000000" bgcolor="#BFFFBF"
             type="rectangle" x="486" y="571" width="46" height="17"/>
    </entry>
    <entry id="12" name="hsa:3654 hsa:51135" type="gene"
        link="http://www.kegg.jp/dbget-bin/www_bget?hsa:3654+hsa:51135">
        <graphics name="IRAK1, IRAK, pelle..." fgcolor="#000000" bgcolor="#BFFFBF"
             type="rectangle" x="552" y="571" width="46" height="17"/>
    </entry>
    <entry id="13" name="hsa:3665" type="gene"
        link="http://www.kegg.jp/dbget-bin/www_bget?hsa:3665">
        <graphics name="IRF7, IRF-7H, IRF7A, IRF7B, IRF7C, IRF7H" fgcolor="#000000" bgcolor="#BFFFBF"
             type="rectangle" x="708" y="571" width="46" height="17"/>
    </entry>
    <entry id="14" name="hsa:3439 hsa:3440 hsa:3441 hsa:3442 hsa:3443 hsa:3444 hsa:3445 hsa:3446 hsa:3447 hsa:3448 hsa:3449 hsa:3451 hsa:3452" type="gene"
        link="http://www.kegg.jp/dbget-bin/www_bget?hsa:3439+hsa:3440+hsa:3441+hsa:3442+hsa:3443+hsa:3444+hsa:3445+hsa:3446+hsa:3447+hsa:3448+hsa:3449+hsa:3451+hsa:3452">
        <graphics name="IFNA1, IFL, IFN, IFN-ALPHA, IFN-alphaD, IFNA13, IFNA@..." fgcolor="#000000" bgcolor="#BFFFBF"
             type="rectangle" x="965" y="562" width="46" height="17"/>
    </entry>
    <entry id="15" name="hsa:7097 hsa:7099" type="gene"
        link="http://www.kegg.jp/dbget-bin/www_bget?hsa:7097+hsa:7099">
        <graphics name="TLR2, CD282, TIL4..." fgcolor="#000000" bgcolor="#BFFFBF"
             type="rectangle" x="221" y="654" width="46" height="17"/>
    </entry>
    <entry id="16" name="hsa:23586" type="gene"
        link="http://www.kegg.jp/dbget-bin/www_bget?hsa:23586">
        <graphics name="DDX58, RIG-I, RIGI, RLR-1" fgcolor="#000000" bgcolor="#BFFFBF"
             type="rectangle" x="420" y="463" width="46" height="17"/>
    </entry>
    <entry id="17" name="hsa:4615" type="gene"
        link="http://www.kegg.jp/dbget-bin/www_bget?hsa:4615">
        <graphics name="MYD88, MYD88D" fgcolor="#000000" bgcolor="#BFFFBF"
             type="rectangle" x="419" y="654" width="46" height="17"/>
    </entry>
    <entry id="18" name="hsa:3654 hsa:51135" type="gene"
        link="http://www.kegg.jp/dbget-bin/www_bget?hsa:3654+hsa:51135">
        <graphics name="IRAK1, IRAK, pelle..." fgcolor="#000000" bgcolor="#BFFFBF"
             type="rectangle" x="484" y="654" width="46" height="17"/>
    </entry>
    <entry id="19" name="hsa:4792 hsa:4793" type="gene"
        link="http://www.kegg.jp/dbget-bin/www_bget?hsa:4792+hsa:4793">
        <graphics name="NFKBIA, IKBA, MAD-3, NFKBI..." fgcolor="#000000" bgcolor="#BFFFBF"
             type="rectangle" x="708" y="654" width="46" height="17"/>
    </entry>
    <entry id="20" name="hsa:4790 hsa:5970" type="gene"
        link="http://www.kegg.jp/dbget-bin/www_bget?hsa:4790+hsa:5970">
        <graphics name="NFKB1, EBP-1, KBF1, NF-kB1, NF-kappa-B, NF-kappaB, NFKB-p105, NFKB-p50, NFkappaB, p105, p50..." fgcolor="#000000" bgcolor="#BFFFBF"
             type="rectangle" x="708" y="610" width="46" height="17"/>
    </entry>
    <entry id="21" name="hsa:64135" type="gene"
        link="http://www.kegg.jp/dbget-bin/www_bget?hsa:64135">
        <graphics name="IFIH1, Hlcd, IDDM19, MDA-5, MDA5, RLR-2" fgcolor="#000000" bgcolor="#BFFFBF"
             type="rectangle" x="420" y="498" width="46" height="17"/>
    </entry>
    <entry id="22" name="hsa:57506" type="gene"
        link="http://www.kegg.jp/dbget-bin/www_bget?hsa:57506">
        <graphics name="MAVS, CARDIF, IPS-1, IPS1, VISA" fgcolor="#000000" bgcolor="#BFFFBF"
             type="rectangle" x="542" y="480" width="46" height="17"/>
    </entry>
    <entry id="23" name="hsa:3661" type="gene"
        link="http://www.kegg.jp/dbget-bin/www_bget?hsa:3661">
        <graphics name="IRF3" fgcolor="#000000" bgcolor="#BFFFBF"
             type="rectangle" x="708" y="480" width="46" height="17"/>
    </entry>
    <entry id="24" name="hsa:3456" type="gene"
        link="http://www.kegg.jp/dbget-bin/www_bget?hsa:3456">
        <graphics name="IFNB1, IFB, IFF, IFNB" fgcolor="#000000" bgcolor="#BFFFBF"
             type="rectangle" x="965" y="582" width="46" height="17"/>
    </entry>
    <entry id="25" name="hsa:3454 hsa:3455" type="gene"
        link="http://www.kegg.jp/dbget-bin/www_bget?hsa:3454+hsa:3455">
        <graphics name="IFNAR1, AVP, IFN-alpha-REC, IFNAR, IFNBR, IFRC..." fgcolor="#000000" bgcolor="#BFFFBF"
             type="rectangle" x="219" y="844" width="46" height="17"/>
    </entry>
    <entry id="26" name="hsa:3716 hsa:7297" type="gene"
        link="http://www.kegg.jp/dbget-bin/www_bget?hsa:3716+hsa:7297">
        <graphics name="JAK1, JAK1A, JAK1B, JTK3..." fgcolor="#000000" bgcolor="#BFFFBF"
             type="rectangle" x="319" y="844" width="46" height="17"/>
    </entry>
    <entry id="27" name="hsa:6772 hsa:6773" type="gene"
        link="http://www.kegg.jp/dbget-bin/www_bget?hsa:6772+hsa:6773">
        <graphics name="STAT1, CANDF7, ISGF-3, STAT91..." fgcolor="#000000" bgcolor="#BFFFBF"
             type="rectangle" x="434" y="844" width="46" height="17"/>
    </entry>
    <entry id="28" name="hsa:10379" type="gene"
        link="http://www.kegg.jp/dbget-bin/www_bget?hsa:10379">
        <graphics name="IRF9, IRF-9, ISGF3, ISGF3G, p48" fgcolor="#000000" bgcolor="#BFFFBF"
             type="rectangle" x="676" y="844" width="46" height="17"/>
    </entry>
    <entry id="29" name="hsa:4938 hsa:4939 hsa:4940" type="gene"
        link="http://www.kegg.jp/dbget-bin/www_bget?hsa:4938+hsa:4939+hsa:4940">
        <graphics name="OAS1, IFI-4, OIAS, OIASI..." fgcolor="#000000" bgcolor="#BFFFBF"
             type="rectangle" x="963" y="826" width="46" height="17"/>
    </entry>
    <entry id="30" name="hsa:3439 hsa:3440 hsa:3441 hsa:3442 hsa:3443 hsa:3444 hsa:3445 hsa:3446 hsa:3447 hsa:3448 hsa:3449 hsa:3451 hsa:3452 hsa:3456" type="gene"
        link="http://www.kegg.jp/dbget-bin/www_bget?hsa:3439+hsa:3440+hsa:3441+hsa:3442+hsa:3443+hsa:3444+hsa:3445+hsa:3446+hsa:3447+hsa:3448+hsa:3449+hsa:3451+hsa:3452+hsa:3456">
        <graphics name="IFNA1, IFL, IFN, IFN-ALPHA, IFN-alphaD, IFNA13, IFNA@..." fgcolor="#000000" bgcolor="#BFFFBF"
             type="rectangle" x="149" y="844" width="46" height="17"/>
    </entry>
    <entry id="31" name="hsa:3458" type="gene"
        link="http://www.kegg.jp/dbget-bin/www_bget?hsa:3458">
        <graphics name="IFNG, IFG, IFI" fgcolor="#000000" bgcolor="#BFFFBF"
             type="rectangle" x="149" y="944" width="46" height="17"/>
    </entry>
    <entry id="32" name="hsa:3459 hsa:3460" type="gene"
        link="http://www.kegg.jp/dbget-bin/www_bget?hsa:3459+hsa:3460">
        <graphics name="IFNGR1, CD119, IFNGR..." fgcolor="#000000" bgcolor="#BFFFBF"
             type="rectangle" x="219" y="944" width="46" height="17"/>
    </entry>
    <entry id="33" name="hsa:3716 hsa:3717" type="gene"
        link="http://www.kegg.jp/dbget-bin/www_bget?hsa:3716+hsa:3717">
        <graphics name="JAK1, JAK1A, JAK1B, JTK3..." fgcolor="#000000" bgcolor="#BFFFBF"
             type="rectangle" x="319" y="944" width="46" height="17"/>
    </entry>
    <entry id="34" name="hsa:6772" type="gene"
        link="http://www.kegg.jp/dbget-bin/www_bget?hsa:6772">
        <graphics name="STAT1, CANDF7, ISGF-3, STAT91" fgcolor="#000000" bgcolor="#BFFFBF"
             type="rectangle" x="434" y="944" width="46" height="17"/>
    </entry>
    <entry id="35" name="hsa:4478" type="gene"
        link="http://www.kegg.jp/dbget-bin/www_bget?hsa:4478">
        <graphics name="MSN" fgcolor="#000000" bgcolor="#BFFFBF"
             type="rectangle" x="267" y="138" width="46" height="17"/>
    </entry>
    <entry id="36" name="hsa:10332 hsa:30835" type="gene"
        link="http://www.kegg.jp/dbget-bin/www_bget?hsa:10332+hsa:30835">
        <graphics name="CLEC4M, CD209L, CD299, DC-SIGN2, DC-SIGNR, DCSIGNR, HP10347, L-SIGN, LSIGN..." fgcolor="#000000" bgcolor="#BFFFBF"
             type="rectangle" x="221" y="155" width="46" height="17"/>
    </entry>
    <entry id="37" name="hsa:6869" type="gene"
        link="http://www.kegg.jp/dbget-bin/www_bget?hsa:6869">
        <graphics name="TACR1, NK1R, NKIR, SPR, TAC1R" fgcolor="#000000" bgcolor="#BFFFBF"
             type="rectangle" x="221" y="174" width="46" height="17"/>
    </entry>
    <entry id="38" name="hsa:4179" type="gene"
        link="http://www.kegg.jp/dbget-bin/www_bget?hsa:4179">
        <graphics name="CD46, AHUS2, MCP, MIC10, TLX, TRA2.10" fgcolor="#000000" bgcolor="#BFFFBF"
             type="rectangle" x="221" y="206" width="46" height="17"/>
    </entry>
    <entry id="39" name="hsa:6504" type="gene"
        link="http://www.kegg.jp/dbget-bin/www_bget?hsa:6504">
        <graphics name="SLAMF1, CD150, CDw150, SLAM" fgcolor="#000000" bgcolor="#BFFFBF"
             type="rectangle" x="221" y="227" width="46" height="17"/>
    </entry>
    <entry id="41" name="hsa:4068" type="gene"
        link="http://www.kegg.jp/dbget-bin/www_bget?hsa:4068">
        <graphics name="SH2D1A, DSHP, EBVS, IMD5, LYP, MTCP1, SAP, SAP/SH2D1A, XLP, XLPD, XLPD1" fgcolor="#000000" bgcolor="#BFFFBF"
             type="rectangle" x="340" y="183" width="46" height="17"/>
    </entry>
    <entry id="42" name="hsa:2534" type="gene"
        link="http://www.kegg.jp/dbget-bin/www_bget?hsa:2534">
        <graphics name="FYN, SLK, SYN, p59-FYN" fgcolor="#000000" bgcolor="#BFFFBF"
             type="rectangle" x="340" y="205" width="46" height="17"/>
    </entry>
    <entry id="43" name="hsa:1796" type="gene"
        link="http://www.kegg.jp/dbget-bin/www_bget?hsa:1796">
        <graphics name="DOK1, P62DOK" fgcolor="#000000" bgcolor="#BFFFBF"
             type="rectangle" x="340" y="227" width="46" height="17"/>
    </entry>
    <entry id="44" name="hsa:5588" type="gene"
        link="http://www.kegg.jp/dbget-bin/www_bget?hsa:5588">
        <graphics name="PRKCQ, PRKCT, nPKC-theta" fgcolor="#000000" bgcolor="#BFFFBF"
             type="rectangle" x="468" y="227" width="46" height="17"/>
    </entry>
    <entry id="45" name="hsa:3559 hsa:3560 hsa:3561" type="gene"
        link="http://www.kegg.jp/dbget-bin/www_bget?hsa:3559+hsa:3560+hsa:3561">
        <graphics name="IL2RA, CD25, IDDM10, IL2R, TCGFR..." fgcolor="#000000" bgcolor="#BFFFBF"
             type="rectangle" x="221" y="379" width="46" height="17"/>
    </entry>
    <entry id="46" name="hsa:3558" type="gene"
        link="http://www.kegg.jp/dbget-bin/www_bget?hsa:3558">
        <graphics name="IL2, IL-2, TCGF, lymphokine" fgcolor="#000000" bgcolor="#BFFFBF"
             type="rectangle" x="162" y="379" width="46" height="17"/>
    </entry>
    <entry id="47" name="hsa:915 hsa:916 hsa:917" type="gene"
        link="http://www.kegg.jp/dbget-bin/www_bget?hsa:915+hsa:916+hsa:917">
        <graphics name="CD3D, CD3-DELTA, T3D..." fgcolor="#000000" bgcolor="#BFFFBF"
             type="rectangle" x="221" y="340" width="46" height="17"/>
    </entry>
    <entry id="48" name="hsa:940" type="gene"
        link="http://www.kegg.jp/dbget-bin/www_bget?hsa:940">
        <graphics name="CD28, Tp44" fgcolor="#000000" bgcolor="#BFFFBF"
             type="rectangle" x="221" y="359" width="46" height="17"/>
    </entry>
    <entry id="49" name="ko:K10784 ko:K10785" type="ortholog"
        link="http://www.kegg.jp/dbget-bin/www_bget?K10784+K10785">
        <graphics name="K10784..." fgcolor="#000000" bgcolor="#FFFFFF"
             type="rectangle" x="221" y="261" width="46" height="17"/>
    </entry>
    <entry id="50" name="hsa:23533 hsa:5290 hsa:5291 hsa:5293 hsa:5294 hsa:5295 hsa:5296 hsa:8503" type="gene"
        link="http://www.kegg.jp/dbget-bin/www_bget?hsa:23533+hsa:5290+hsa:5291+hsa:5293+hsa:5294+hsa:5295+hsa:5296+hsa:8503">
        <graphics name="PIK3R5, F730038I15Rik, FOAP-2, P101-PI3K, p101..." fgcolor="#000000" bgcolor="#BFFFBF"
             type="rectangle" x="328" y="360" width="46" height="17"/>
    </entry>
    <entry id="51" name="hsa:10000 hsa:207 hsa:208" type="gene"
        link="http://www.kegg.jp/dbget-bin/www_bget?hsa:10000+hsa:207+hsa:208">
        <graphics name="AKT3, MPPH, PKB-GAMMA, PKBG, PRKBG, RAC-PK-gamma, RAC-gamma, STK-2..." fgcolor="#000000" bgcolor="#BFFFBF"
             type="rectangle" x="426" y="360" width="46" height="17"/>
    </entry>
    <entry id="52" name="cpd:C18997" type="compound"
        link="http://www.kegg.jp/dbget-bin/www_bget?C18997">
        <graphics name="C18997" fgcolor="#000000" bgcolor="#FFFFFF"
             type="circle" x="244" y="890" width="8" height="8"/>
    </entry>
    <entry id="53" name="cpd:C18991" type="compound"
        link="http://www.kegg.jp/dbget-bin/www_bget?C18991">
        <graphics name="C18991" fgcolor="#000000" bgcolor="#FFFFFF"
             type="circle" x="414" y="890" width="8" height="8"/>
    </entry>
    <entry id="54" name="cpd:C18998" type="compound"
        link="http://www.kegg.jp/dbget-bin/www_bget?C18998">
        <graphics name="C18998" fgcolor="#000000" bgcolor="#FFFFFF"
             type="circle" x="322" y="890" width="8" height="8"/>
    </entry>
    <entry id="55" name="hsa:3303 hsa:3304 hsa:3305 hsa:3306 hsa:3310 hsa:3312" type="gene"
        link="http://www.kegg.jp/dbget-bin/www_bget?hsa:3303+hsa:3304+hsa:3305+hsa:3306+hsa:3310+hsa:3312">
        <graphics name="HSPA1A, HSP70-1, HSP70-1A, HSP70I, HSP72, HSPA1..." fgcolor="#000000" bgcolor="#BFFFBF"
             type="rectangle" x="672" y="1029" width="46" height="17"/>
    </entry>
    <entry id="56" name="hsa:8667" type="gene"
        link="http://www.kegg.jp/dbget-bin/www_bget?hsa:8667">
        <graphics name="EIF3H, EIF3S3, eIF3-gamma, eIF3-p40" fgcolor="#000000" bgcolor="#BFFFBF"
             type="rectangle" x="689" y="1101" width="46" height="17"/>
    </entry>
    <entry id="57" name="hsa:3716 hsa:3718" type="gene"
        link="http://www.kegg.jp/dbget-bin/www_bget?hsa:3716+hsa:3718">
        <graphics name="JAK1, JAK1A, JAK1B, JTK3..." fgcolor="#000000" bgcolor="#BFFFBF"
             type="rectangle" x="328" y="395" width="46" height="17"/>
    </entry>
    <entry id="58" name="hsa:6774 hsa:6776 hsa:6777" type="gene"
        link="http://www.kegg.jp/dbget-bin/www_bget?hsa:6774+hsa:6776+hsa:6777">
        <graphics name="STAT3, APRF, HIES..." fgcolor="#000000" bgcolor="#BFFFBF"
             type="rectangle" x="407" y="395" width="46" height="17"/>
    </entry>
    <entry id="59" name="hsa:6504" type="gene"
        link="http://www.kegg.jp/dbget-bin/www_bget?hsa:6504">
        <graphics name="SLAMF1, CD150, CDw150, SLAM" fgcolor="#000000" bgcolor="#BFFFBF"
             type="rectangle" x="965" y="625" width="46" height="17"/>
    </entry>
    <entry id="60" name="hsa:3552 hsa:3553" type="gene"
        link="http://www.kegg.jp/dbget-bin/www_bget?hsa:3552+hsa:3553">
        <graphics name="IL1A, IL-1A, IL1, IL1-ALPHA, IL1F1..." fgcolor="#000000" bgcolor="#BFFFBF"
             type="rectangle" x="965" y="645" width="46" height="17"/>
    </entry>
    <entry id="61" name="hsa:3569" type="gene"
        link="http://www.kegg.jp/dbget-bin/www_bget?hsa:3569">
        <graphics name="IL6, BSF2, HGF, HSF, IFNB2, IL-6" fgcolor="#000000" bgcolor="#BFFFBF"
             type="rectangle" x="965" y="665" width="46" height="17"/>
    </entry>
    <entry id="62" name="hsa:3592 hsa:3593" type="gene"
        link="http://www.kegg.jp/dbget-bin/www_bget?hsa:3592+hsa:3593">
        <graphics name="IL12A, CLMF, IL-12A, NFSK, NKSF1, P35..." fgcolor="#000000" bgcolor="#BFFFBF"
             type="rectangle" x="965" y="693" width="46" height="17"/>
    </entry>
    <entry id="63" name="path:hsa04660" type="map"
        link="http://www.kegg.jp/dbget-bin/www_bget?hsa04660">
        <graphics name="T cell receptor signaling pathway" fgcolor="#000000" bgcolor="#FFFFFF"
             type="roundrectangle" x="301" y="257" width="92" height="34"/>
    </entry>
    <entry id="64" name="path:hsa04622" type="map"
        link="http://www.kegg.jp/dbget-bin/www_bget?hsa04622">
        <graphics name="RIG-I-like receptor signaling pathway" fgcolor="#000000" bgcolor="#FFFFFF"
             type="roundrectangle" x="514" y="446" width="101" height="34"/>
    </entry>
    <entry id="65" name="path:hsa04620" type="map"
        link="http://www.kegg.jp/dbget-bin/www_bget?hsa04620">
        <graphics name="Toll-like receptor signaling pathway" fgcolor="#000000" bgcolor="#FFFFFF"
             type="roundrectangle" x="314" y="624" width="97" height="34"/>
    </entry>
    <entry id="66" name="hsa:3565" type="gene"
        link="http://www.kegg.jp/dbget-bin/www_bget?hsa:3565">
        <graphics name="IL4, BCGF-1, BCGF1, BSF-1, BSF1, IL-4" fgcolor="#000000" bgcolor="#BFFFBF"
             type="rectangle" x="965" y="237" width="46" height="17"/>
    </entry>
    <entry id="67" name="hsa:3596" type="gene"
        link="http://www.kegg.jp/dbget-bin/www_bget?hsa:3596">
        <graphics name="IL13, IL-13, P600" fgcolor="#000000" bgcolor="#BFFFBF"
             type="rectangle" x="965" y="217" width="46" height="17"/>
    </entry>
    <entry id="68" name="path:hsa04630" type="map"
        link="http://www.kegg.jp/dbget-bin/www_bget?hsa04630">
        <graphics name="Jak-STAT signaling pathway" fgcolor="#000000" bgcolor="#FFFFFF"
             type="roundrectangle" x="528" y="859" width="110" height="25"/>
    </entry>
    <entry id="69" name="hsa:4599" type="gene"
        link="http://www.kegg.jp/dbget-bin/www_bget?hsa:4599">
        <graphics name="MX1, IFI-78K, IFI78, MX, MxA" fgcolor="#000000" bgcolor="#BFFFBF"
             type="rectangle" x="963" y="866" width="46" height="17"/>
    </entry>
    <entry id="70" name="hsa:10399" type="gene"
        link="http://www.kegg.jp/dbget-bin/www_bget?hsa:10399">
        <graphics name="GNB2L1, Gnb2-rs1, H12.3, HLC-7, PIG21, RACK1" fgcolor="#000000" bgcolor="#BFFFBF"
             type="rectangle" x="261" y="827" width="46" height="17"/>
    </entry>
    <entry id="71" name="hsa:868" type="gene"
        link="http://www.kegg.jp/dbget-bin/www_bget?hsa:868">
        <graphics name="CBLB, Cbl-b, RNF56" fgcolor="#000000" bgcolor="#BFFFBF"
             type="rectangle" x="328" y="323" width="46" height="17"/>
    </entry>
    <entry id="72" name="path:hsa04120" type="map"
        link="http://www.kegg.jp/dbget-bin/www_bget?hsa04120">
        <graphics name="Ubiquitin mediated proteolysis" fgcolor="#000000" bgcolor="#FFFFFF"
             type="roundrectangle" x="452" y="321" width="103" height="34"/>
    </entry>
    <entry id="73" name="hsa:27102 hsa:440275 hsa:5610 hsa:9451" type="gene"
        link="http://www.kegg.jp/dbget-bin/www_bget?hsa:27102+hsa:440275+hsa:5610+hsa:9451">
        <graphics name="EIF2AK1, HCR, HRI..." fgcolor="#000000" bgcolor="#BFFFBF"
             type="rectangle" x="566" y="1123" width="46" height="17"/>
    </entry>
    <entry id="74" name="hsa:1965" type="gene"
        link="http://www.kegg.jp/dbget-bin/www_bget?hsa:1965">
        <graphics name="EIF2S1, EIF-2, EIF-2A, EIF-2alpha, EIF2, EIF2A" fgcolor="#000000" bgcolor="#BFFFBF"
             type="rectangle" x="689" y="1123" width="46" height="17"/>
    </entry>
    <entry id="75" name="cpd:C18997" type="compound"
        link="http://www.kegg.jp/dbget-bin/www_bget?C18997">
        <graphics name="C18997" fgcolor="#000000" bgcolor="#FFFFFF"
             type="circle" x="564" y="1157" width="8" height="8"/>
    </entry>
    <entry id="76" name="hsa:1147" type="gene"
        link="http://www.kegg.jp/dbget-bin/www_bget?hsa:1147">
        <graphics name="CHUK, IKBKA, IKK-alpha, IKK1, IKKA, NFKBIKA, TCF16" fgcolor="#000000" bgcolor="#BFFFBF"
             type="rectangle" x="552" y="530" width="46" height="17"/>
    </entry>
    <entry id="77" name="cpd:C18991" type="compound"
        link="http://www.kegg.jp/dbget-bin/www_bget?C18991">
        <graphics name="C18991" fgcolor="#000000" bgcolor="#FFFFFF"
             type="circle" x="724" y="1063" width="8" height="8"/>
    </entry>
    <entry id="78" name="hsa:355" type="gene"
        link="http://www.kegg.jp/dbget-bin/www_bget?hsa:355">
        <graphics name="FAS, ALPS1A, APO-1, APT1, CD95, FAS1, FASTM, TNFRSF6" fgcolor="#000000" bgcolor="#BFFFBF"
             type="rectangle" x="219" y="1200" width="46" height="17"/>
    </entry>
    <entry id="79" name="hsa:356" type="gene"
        link="http://www.kegg.jp/dbget-bin/www_bget?hsa:356">
        <graphics name="FASLG, ALPS1B, APT1LG1, APTL, CD178, CD95-L, CD95L, FASL, TNFSF6" fgcolor="#000000" bgcolor="#BFFFBF"
             type="rectangle" x="149" y="1200" width="46" height="17"/>
    </entry>
    <entry id="80" name="hsa:8743" type="gene"
        link="http://www.kegg.jp/dbget-bin/www_bget?hsa:8743">
        <graphics name="TNFSF10, APO2L, Apo-2L, CD253, TL2, TRAIL" fgcolor="#000000" bgcolor="#BFFFBF"
             type="rectangle" x="149" y="1221" width="46" height="17"/>
    </entry>
    <entry id="81" name="hsa:8793 hsa:8794 hsa:8795 hsa:8797" type="gene"
        link="http://www.kegg.jp/dbget-bin/www_bget?hsa:8793+hsa:8794+hsa:8795+hsa:8797">
        <graphics name="TNFRSF10D, CD264, DCR2, TRAIL-R4, TRAILR4, TRUNDD..." fgcolor="#000000" bgcolor="#BFFFBF"
             type="rectangle" x="219" y="1221" width="46" height="17"/>
    </entry>
    <entry id="82" name="path:hsa04210" type="map"
        link="http://www.kegg.jp/dbget-bin/www_bget?hsa04210">
        <graphics name="Apoptosis" fgcolor="#000000" bgcolor="#FFFFFF"
             type="roundrectangle" x="287" y="1211" width="62" height="25"/>
    </entry>
    <entry id="83" name="hsa:7189" type="gene"
        link="http://www.kegg.jp/dbget-bin/www_bget?hsa:7189">
        <graphics name="TRAF6, MGC:3310, RNF85" fgcolor="#000000" bgcolor="#BFFFBF"
             type="rectangle" x="550" y="654" width="46" height="17"/>
    </entry>
    <entry id="84" name="hsa:7128" type="gene"
        link="http://www.kegg.jp/dbget-bin/www_bget?hsa:7128">
        <graphics name="TNFAIP3, A20, OTUD7C, TNFA1P2" fgcolor="#000000" bgcolor="#BFFFBF"
             type="rectangle" x="550" y="699" width="46" height="17"/>
    </entry>
    <entry id="85" name="cpd:C18991" type="compound"
        link="http://www.kegg.jp/dbget-bin/www_bget?C18991">
        <graphics name="C18991" fgcolor="#000000" bgcolor="#FFFFFF"
             type="circle" x="471" y="699" width="8" height="8"/>
    </entry>
    <entry id="86" name="hsa:2213" type="gene"
        link="http://www.kegg.jp/dbget-bin/www_bget?hsa:2213">
        <graphics name="FCGR2B, CD32, CD32B, FCG2, FCGR2, IGFR2" fgcolor="#000000" bgcolor="#BFFFBF"
             type="rectangle" x="221" y="743" width="46" height="17"/>
    </entry>
    <entry id="87" name="path:hsa04662" type="map"
        link="http://www.kegg.jp/dbget-bin/www_bget?hsa04662">
        <graphics name="B cell receptor signaling pathway" fgcolor="#000000" bgcolor="#FFFFFF"
             type="roundrectangle" x="301" y="720" width="92" height="34"/>
    </entry>
    <entry id="88" name="ko:K06856" type="ortholog"
        link="http://www.kegg.jp/dbget-bin/www_bget?K06856">
        <graphics name="K06856" fgcolor="#000000" bgcolor="#FFFFFF"
             type="rectangle" x="221" y="723" width="46" height="17"/>
    </entry>
    <entry id="90" name="ko:K06856" type="ortholog"
        link="http://www.kegg.jp/dbget-bin/www_bget?K06856">
        <graphics name="K06856" fgcolor="#000000" bgcolor="#FFFFFF"
             type="rectangle" x="149" y="787" width="46" height="17"/>
    </entry>
    <entry id="91" name="hsa:1457 hsa:1459 hsa:1460" type="gene"
        link="http://www.kegg.jp/dbget-bin/www_bget?hsa:1457+hsa:1459+hsa:1460">
        <graphics name="CSNK2A1, CK2A1, CKII, CSNK2A3..." fgcolor="#000000" bgcolor="#BFFFBF"
             type="rectangle" x="397" y="699" width="46" height="17"/>
    </entry>
    <entry id="92" name="hsa:25898" type="gene"
        link="http://www.kegg.jp/dbget-bin/www_bget?hsa:25898">
        <graphics name="RCHY1, ARNIP, CHIMP, PIRH2, PRO1996, RNF199, ZNF363" fgcolor="#000000" bgcolor="#BFFFBF"
             type="rectangle" x="450" y="1195" width="46" height="17"/>
    </entry>
    <entry id="93" name="hsa:7157" type="gene"
        link="http://www.kegg.jp/dbget-bin/www_bget?hsa:7157">
        <graphics name="TP53, BCC7, LFS1, P53, TRP53" fgcolor="#000000" bgcolor="#BFFFBF"
             type="rectangle" x="573" y="1195" width="46" height="17"/>
    </entry>
    <entry id="94" name="cpd:C18991" type="compound"
        link="http://www.kegg.jp/dbget-bin/www_bget?C18991">
        <graphics name="C18991" fgcolor="#000000" bgcolor="#FFFFFF"
             type="circle" x="448" y="1226" width="8" height="8"/>
    </entry>
    <entry id="95" name="hsa:7161" type="gene"
        link="http://www.kegg.jp/dbget-bin/www_bget?hsa:7161">
        <graphics name="TP73, P73" fgcolor="#000000" bgcolor="#BFFFBF"
             type="rectangle" x="573" y="1218" width="46" height="17"/>
    </entry>
    <entry id="96" name="hsa:27113" type="gene"
        link="http://www.kegg.jp/dbget-bin/www_bget?hsa:27113">
        <graphics name="BBC3, JFY-1, JFY1, PUMA" fgcolor="#000000" bgcolor="#BFFFBF"
             type="rectangle" x="963" y="1218" width="46" height="17"/>
    </entry>
    <entry id="97" name="cpd:C18998" type="compound"
        link="http://www.kegg.jp/dbget-bin/www_bget?C18998">
        <graphics name="C18998" fgcolor="#000000" bgcolor="#FFFFFF"
             type="circle" x="572" y="1250" width="8" height="8"/>
    </entry>
    <entry id="98" name="hsa:51209 hsa:9367" type="gene"
        link="http://www.kegg.jp/dbget-bin/www_bget?hsa:51209+hsa:9367">
        <graphics name="RAB9B, RAB9L, Rab-9L..." fgcolor="#000000" bgcolor="#BFFFBF"
             type="rectangle" x="272" y="1105" width="46" height="17"/>
    </entry>
    <entry id="99" name="hsa:595 hsa:894 hsa:896 hsa:898 hsa:9134" type="gene"
        link="http://www.kegg.jp/dbget-bin/www_bget?hsa:595+hsa:894+hsa:896+hsa:898+hsa:9134">
        <graphics name="CCND1, BCL1, D11S287E, PRAD1, U21B31..." fgcolor="#000000" bgcolor="#BFFFBF"
             type="rectangle" x="676" y="977" width="46" height="17"/>
    </entry>
    <entry id="100" name="hsa:1017 hsa:1019 hsa:1021" type="gene"
        link="http://www.kegg.jp/dbget-bin/www_bget?hsa:1017+hsa:1019+hsa:1021">
        <graphics name="CDK2, p33(CDK2)..." fgcolor="#000000" bgcolor="#BFFFBF"
             type="rectangle" x="676" y="994" width="46" height="17"/>
    </entry>
    <entry id="101" name="hsa:1027" type="gene"
        link="http://www.kegg.jp/dbget-bin/www_bget?hsa:1027">
        <graphics name="CDKN1B, CDKN4, KIP1, MEN1B, MEN4, P27KIP1" fgcolor="#000000" bgcolor="#BFFFBF"
             type="rectangle" x="676" y="936" width="46" height="17"/>
    </entry>
    <entry id="102" name="path:hsa04110" type="map"
        link="http://www.kegg.jp/dbget-bin/www_bget?hsa04110">
        <graphics name="Cell cycle" fgcolor="#000000" bgcolor="#FFFFFF"
             type="roundrectangle" x="764" y="938" width="92" height="25"/>
    </entry>
    <entry id="103" name="path:hsa04115" type="map"
        link="http://www.kegg.jp/dbget-bin/www_bget?hsa04115">
        <graphics name="p53 signaling pathway" fgcolor="#000000" bgcolor="#FFFFFF"
             type="roundrectangle" x="668" y="1192" width="129" height="25"/>
    </entry>
    <entry id="104" name="cpd:C05981" type="compound"
        link="http://www.kegg.jp/dbget-bin/www_bget?C05981">
        <graphics name="C05981" fgcolor="#000000" bgcolor="#FFFFFF"
             type="circle" x="377" y="359" width="8" height="8"/>
    </entry>
    <entry id="105" name="hsa:2932" type="gene"
        link="http://www.kegg.jp/dbget-bin/www_bget?hsa:2932">
        <graphics name="GSK3B" fgcolor="#000000" bgcolor="#BFFFBF"
             type="rectangle" x="517" y="360" width="46" height="17"/>
    </entry>
    <entry id="106" name="hsa:103" type="gene"
        link="http://www.kegg.jp/dbget-bin/www_bget?hsa:103">
        <graphics name="ADAR, ADAR1, AGS6, DRADA, DSH, DSRAD, G1P1, IFI-4, IFI4, K88DSRBP, P136" fgcolor="#000000" bgcolor="#BFFFBF"
             type="rectangle" x="963" y="846" width="46" height="17"/>
    </entry>
    <entry id="107" name="hsa:6885" type="gene"
        link="http://www.kegg.jp/dbget-bin/www_bget?hsa:6885">
        <graphics name="MAP3K7, MEKK7, TAK1, TGF1a" fgcolor="#000000" bgcolor="#BFFFBF"
             type="rectangle" x="616" y="646" width="46" height="17"/>
    </entry>
    <entry id="108" name="hsa:23118" type="gene"
        link="http://www.kegg.jp/dbget-bin/www_bget?hsa:23118">
        <graphics name="TAB2, CHTD2, MAP3K7IP2" fgcolor="#000000" bgcolor="#BFFFBF"
             type="rectangle" x="616" y="663" width="46" height="17"/>
    </entry>
    <entry id="109" name="hsa:9641" type="gene"
        link="http://www.kegg.jp/dbget-bin/www_bget?hsa:9641">
        <graphics name="IKBKE, IKK-E, IKK-i, IKKE, IKKI" fgcolor="#000000" bgcolor="#BFFFBF"
             type="rectangle" x="631" y="472" width="46" height="17"/>
    </entry>
    <entry id="110" name="hsa:29110" type="gene"
        link="http://www.kegg.jp/dbget-bin/www_bget?hsa:29110">
        <graphics name="TBK1, NAK, T2K" fgcolor="#000000" bgcolor="#BFFFBF"
             type="rectangle" x="631" y="489" width="46" height="17"/>
    </entry>
    <entry id="119" name="cpd:C18991" type="compound"
        link="http://www.kegg.jp/dbget-bin/www_bget?C18991">
        <graphics name="C18991" fgcolor="#000000" bgcolor="#FFFFFF"
             type="circle" x="373" y="1045" width="8" height="8"/>
    </entry>
    <entry id="120" name="cpd:C18998" type="compound"
        link="http://www.kegg.jp/dbget-bin/www_bget?C18998">
        <graphics name="C18998" fgcolor="#000000" bgcolor="#FFFFFF"
             type="circle" x="419" y="530" width="8" height="8"/>
    </entry>
    <entry id="121" name="undefined" type="group">
        <graphics fgcolor="#000000" bgcolor="#FFFFFF"
             type="rectangle" x="631" y="480" width="46" height="34"/>
        <component id="109"/>
        <component id="110"/>
    </entry>
    <entry id="122" name="undefined" type="group">
        <graphics fgcolor="#000000" bgcolor="#FFFFFF"
             type="rectangle" x="616" y="654" width="46" height="34"/>
        <component id="107"/>
        <component id="108"/>
    </entry>
    <relation entry1="39" entry2="41" type="PPrel">
        <subtype name="binding/association" value="---"/>
    </relation>
    <relation entry1="41" entry2="42" type="PPrel">
        <subtype name="binding/association" value="---"/>
    </relation>
    <relation entry1="42" entry2="39" type="PPrel">
        <subtype name="activation" value="--&gt;"/>
        <subtype name="phosphorylation" value="+p"/>
    </relation>
    <relation entry1="39" entry2="43" type="PPrel">
        <subtype name="binding/association" value="---"/>
    </relation>
    <relation entry1="43" entry2="44" type="PPrel">
        <subtype name="activation" value="--&gt;"/>
        <subtype name="indirect effect" value="..&gt;"/>
    </relation>
    <relation entry1="47" entry2="50" type="PPrel">
        <subtype name="activation" value="--&gt;"/>
        <subtype name="indirect effect" value="..&gt;"/>
    </relation>
    <relation entry1="48" entry2="50" type="PPrel">
        <subtype name="activation" value="--&gt;"/>
        <subtype name="indirect effect" value="..&gt;"/>
    </relation>
    <relation entry1="45" entry2="50" type="PPrel">
        <subtype name="activation" value="--&gt;"/>
        <subtype name="indirect effect" value="..&gt;"/>
    </relation>
    <relation entry1="50" entry2="51" type="PPrel">
        <subtype name="compound" value="104"/>
        <subtype name="activation" value="--&gt;"/>
    </relation>
    <relation entry1="51" entry2="105" type="PPrel">
        <subtype name="inhibition" value="--|"/>
        <subtype name="phosphorylation" value="+p"/>
    </relation>
    <relation entry1="46" entry2="45" type="PPrel">
        <subtype name="activation" value="--&gt;"/>
        <subtype name="binding/association" value="---"/>
    </relation>
    <relation entry1="45" entry2="57" type="PPrel">
        <subtype name="binding/association" value="---"/>
    </relation>
    <relation entry1="57" entry2="58" type="PPrel">
        <subtype name="activation" value="--&gt;"/>
        <subtype name="phosphorylation" value="+p"/>
    </relation>
    <relation entry1="16" entry2="22" type="PPrel">
        <subtype name="activation" value="--&gt;"/>
    </relation>
    <relation entry1="21" entry2="22" type="PPrel">
        <subtype name="activation" value="--&gt;"/>
    </relation>
    <relation entry1="22" entry2="121" type="PPrel">
        <subtype name="activation" value="--&gt;"/>
        <subtype name="indirect effect" value="..&gt;"/>
    </relation>
    <relation entry1="121" entry2="23" type="PPrel">
        <subtype name="activation" value="--&gt;"/>
        <subtype name="phosphorylation" value="+p"/>
    </relation>
    <relation entry1="76" entry2="13" type="PPrel">
        <subtype name="activation" value="--&gt;"/>
        <subtype name="phosphorylation" value="+p"/>
    </relation>
    <relation entry1="10" entry2="11" type="PPrel">
        <subtype name="activation" value="--&gt;"/>
    </relation>
    <relation entry1="11" entry2="12" type="PPrel">
        <subtype name="activation" value="--&gt;"/>
    </relation>
    <relation entry1="12" entry2="13" type="PPrel">
        <subtype name="activation" value="--&gt;"/>
        <subtype name="indirect effect" value="..&gt;"/>
    </relation>
    <relation entry1="22" entry2="13" type="PPrel">
        <subtype name="activation" value="--&gt;"/>
        <subtype name="indirect effect" value="..&gt;"/>
    </relation>
    <relation entry1="22" entry2="20" type="PPrel">
        <subtype name="activation" value="--&gt;"/>
        <subtype name="indirect effect" value="..&gt;"/>
    </relation>
    <relation entry1="15" entry2="17" type="PPrel">
        <subtype name="activation" value="--&gt;"/>
    </relation>
    <relation entry1="17" entry2="18" type="PPrel">
        <subtype name="activation" value="--&gt;"/>
    </relation>
    <relation entry1="18" entry2="83" type="PPrel">
        <subtype name="activation" value="--&gt;"/>
    </relation>
    <relation entry1="83" entry2="122" type="PPrel">
        <subtype name="activation" value="--&gt;"/>
    </relation>
    <relation entry1="122" entry2="19" type="PPrel">
        <subtype name="activation" value="--&gt;"/>
        <subtype name="phosphorylation" value="+p"/>
        <subtype name="indirect effect" value="..&gt;"/>
    </relation>
    <relation entry1="19" entry2="20" type="PPrel">
        <subtype name="dissociation" value="-+-"/>
    </relation>
    <relation entry1="86" entry2="62" type="PPrel">
        <subtype name="inhibition" value="--|"/>
        <subtype name="indirect effect" value="..&gt;"/>
    </relation>
    <relation entry1="30" entry2="25" type="PPrel">
        <subtype name="activation" value="--&gt;"/>
    </relation>
    <relation entry1="25" entry2="70" type="PPrel">
        <subtype name="binding/association" value="---"/>
    </relation>
    <relation entry1="70" entry2="27" type="PPrel">
        <subtype name="binding/association" value="---"/>
    </relation>
    <relation entry1="25" entry2="26" type="PPrel">
        <subtype name="binding/association" value="---"/>
    </relation>
    <relation entry1="26" entry2="27" type="PPrel">
        <subtype name="activation" value="--&gt;"/>
        <subtype name="phosphorylation" value="+p"/>
    </relation>
    <relation entry1="27" entry2="28" type="PPrel">
        <subtype name="binding/association" value="---"/>
    </relation>
    <relation entry1="31" entry2="32" type="PPrel">
        <subtype name="activation" value="--&gt;"/>
    </relation>
    <relation entry1="32" entry2="33" type="PPrel">
        <subtype name="binding/association" value="---"/>
    </relation>
    <relation entry1="33" entry2="34" type="PPrel">
        <subtype name="activation" value="--&gt;"/>
        <subtype name="phosphorylation" value="+p"/>
    </relation>
    <relation entry1="34" entry2="28" type="PPrel">
        <subtype name="binding/association" value="---"/>
    </relation>
    <relation entry1="99" entry2="101" type="PPrel">
        <subtype name="inhibition" value="--|"/>
    </relation>
    <relation entry1="79" entry2="78" type="PPrel">
        <subtype name="activation" value="--&gt;"/>
    </relation>
    <relation entry1="80" entry2="81" type="PPrel">
        <subtype name="activation" value="--&gt;"/>
    </relation>
    <relation entry1="73" entry2="74" type="PPrel">
        <subtype name="activation" value="--&gt;"/>
        <subtype name="phosphorylation" value="+p"/>
    </relation>
    <relation entry1="92" entry2="93" type="PPrel">
        <subtype name="inhibition" value="--|"/>
        <subtype name="ubiquitination" value="+u"/>
    </relation>
    <relation entry1="71" entry2="50" type="PPrel">
        <subtype name="inhibition" value="--|"/>
        <subtype name="ubiquitination" value="+u"/>
    </relation>
    <relation entry1="84" entry2="83" type="PCrel">
        <subtype name="inhibition" value="--|"/>
    </relation>
</pathway>