<?xml version="1.0"?>
<!DOCTYPE pathway SYSTEM "http://www.kegg.jp/kegg/xml/KGML_v0.7.1_.dtd">
<!-- Creation date: Oct 2, 2012 13:47:47 +0900 (GMT+09:00) -->
<pathway name="path:hsa05221" org="hsa" number="05221"
         title="Acute myeloid leukemia"
         image="http://www.kegg.jp/kegg/pathway/hsa/hsa05221.png"
         link="http://www.kegg.jp/kegg-bin/show_pathway?hsa05221">
    <entry id="1" name="hsa:5914 hsa:7704" type="gene"
        link="http://www.kegg.jp/dbget-bin/www_bget?hsa:5914+hsa:7704">
        <graphics name="RARA, NR1B1, RAR..." fgcolor="#000000" bgcolor="#BFFFBF"
             type="rectangle" x="940" y="650" width="46" height="17"/>
    </entry>
    <entry id="2" name="hsa:3845" type="gene"
        link="http://www.kegg.jp/dbget-bin/www_bget?hsa:3845">
        <graphics name="KRAS, C-K-RAS, K-RAS2A, K-RAS2B, K-RAS4A, K-RAS4B, KI-RAS, KRAS1, KRAS2, NS, NS3, RASK2" fgcolor="#000000" bgcolor="#BFFFBF"
             type="rectangle" x="498" y="290" width="46" height="17"/>
    </entry>
    <entry id="3" name="hsa:4893" type="gene"
        link="http://www.kegg.jp/dbget-bin/www_bget?hsa:4893">
        <graphics name="NRAS, ALPS4, N-ras, NRAS1, NS6" fgcolor="#000000" bgcolor="#BFFFBF"
             type="rectangle" x="497" y="241" width="46" height="17"/>
    </entry>
    <entry id="4" name="hsa:2322" type="gene"
        link="http://www.kegg.jp/dbget-bin/www_bget?hsa:2322">
        <graphics name="FLT3, CD135, FLK-2, FLK2, STK1" fgcolor="#000000" bgcolor="#BFFFBF"
             type="rectangle" x="275" y="281" width="46" height="17"/>
    </entry>
    <entry id="5" name="hsa:6688" type="gene"
        link="http://www.kegg.jp/dbget-bin/www_bget?hsa:6688">
        <graphics name="SPI1, OF, PU.1, SFPI1, SPI-1, SPI-A" fgcolor="#000000" bgcolor="#BFFFBF"
             type="rectangle" x="1033" y="563" width="46" height="17"/>
    </entry>
    <entry id="6" name="hsa:1050" type="gene"
        link="http://www.kegg.jp/dbget-bin/www_bget?hsa:1050">
        <graphics name="CEBPA, C/EBP-alpha, CEBP" fgcolor="#000000" bgcolor="#BFFFBF"
             type="rectangle" x="1033" y="492" width="46" height="17"/>
    </entry>
    <entry id="7" name="hsa:861 hsa:862" type="gene"
        link="http://www.kegg.jp/dbget-bin/www_bget?hsa:861+hsa:862">
        <graphics name="RUNX1, AML1, AML1-EVI-1, AMLCR1, CBFA2, EVI-1, PEBP2aB..." fgcolor="#000000" bgcolor="#BFFFBF"
             type="rectangle" x="940" y="560" width="46" height="17"/>
    </entry>
    <entry id="8" name="path:hsa04630" type="map"
        link="http://www.kegg.jp/dbget-bin/www_bget?hsa04630">
        <graphics name="Jak-STAT signaling pathway" fgcolor="#000000" bgcolor="#FFFFFF"
             type="roundrectangle" x="642" y="367" width="111" height="34"/>
    </entry>
    <entry id="9" name="path:hsa04150" type="map"
        link="http://www.kegg.jp/dbget-bin/www_bget?hsa04150">
        <graphics name="mTOR signaling pathway" fgcolor="#000000" bgcolor="#FFFFFF"
             type="roundrectangle" x="1002" y="211" width="111" height="34"/>
    </entry>
    <entry id="10" name="path:hsa04640" type="map"
        link="http://www.kegg.jp/dbget-bin/www_bget?hsa04640">
        <graphics name="Hematopoietic cell lineage" fgcolor="#000000" bgcolor="#FFFFFF"
             type="roundrectangle" x="106" y="288" width="111" height="34"/>
    </entry>
    <entry id="11" name="hsa:5467" type="gene"
        link="http://www.kegg.jp/dbget-bin/www_bget?hsa:5467">
        <graphics name="PPARD, FAAR, NR1C2, NUC1, NUCI, NUCII, PPARB" fgcolor="#000000" bgcolor="#BFFFBF"
             type="rectangle" x="1111" y="796" width="46" height="17"/>
    </entry>
    <entry id="12" name="hsa:4609" type="gene"
        link="http://www.kegg.jp/dbget-bin/www_bget?hsa:4609">
        <graphics name="MYC, MRTL, bHLHe39, c-Myc" fgcolor="#000000" bgcolor="#BFFFBF"
             type="rectangle" x="1111" y="774" width="46" height="17"/>
    </entry>
    <entry id="13" name="hsa:4790 hsa:5970" type="gene"
        link="http://www.kegg.jp/dbget-bin/www_bget?hsa:4790+hsa:5970">
        <graphics name="NFKB1, EBP-1, KBF1, NF-kB1, NF-kappa-B, NF-kappaB, NFKB-p105, NFKB-p50, NFkappaB, p105, p50..." fgcolor="#000000" bgcolor="#BFFFBF"
             type="rectangle" x="840" y="116" width="46" height="17"/>
    </entry>
    <entry id="14" name="hsa:6774 hsa:6776 hsa:6777" type="gene"
        link="http://www.kegg.jp/dbget-bin/www_bget?hsa:6774+hsa:6776+hsa:6777">
        <graphics name="STAT3, APRF, HIES..." fgcolor="#000000" bgcolor="#BFFFBF"
             type="rectangle" x="484" y="340" width="46" height="17"/>
    </entry>
    <entry id="15" name="hsa:3728" type="gene"
        link="http://www.kegg.jp/dbget-bin/www_bget?hsa:3728">
        <graphics name="JUP, ARVD12, CTNNG, DP3, DPIII, PDGB, PKGB" fgcolor="#000000" bgcolor="#BFFFBF"
             type="rectangle" x="774" y="775" width="46" height="17"/>
    </entry>
    <entry id="16" name="hsa:8900" type="gene"
        link="http://www.kegg.jp/dbget-bin/www_bget?hsa:8900">
        <graphics name="CCNA1" fgcolor="#000000" bgcolor="#BFFFBF"
             type="rectangle" x="1111" y="650" width="46" height="17"/>
    </entry>
    <entry id="17" name="hsa:595" type="gene"
        link="http://www.kegg.jp/dbget-bin/www_bget?hsa:595">
        <graphics name="CCND1, BCL1, D11S287E, PRAD1, U21B31" fgcolor="#000000" bgcolor="#BFFFBF"
             type="rectangle" x="1111" y="752" width="46" height="17"/>
    </entry>
    <entry id="18" name="hsa:51176 hsa:6932 hsa:6934 hsa:83439" type="gene"
        link="http://www.kegg.jp/dbget-bin/www_bget?hsa:51176+hsa:6932+hsa:6934+hsa:83439">
        <graphics name="LEF1, LEF-1, TCF10, TCF1ALPHA, TCF7L3..." fgcolor="#000000" bgcolor="#BFFFBF"
             type="rectangle" x="842" y="810" width="46" height="17"/>
    </entry>
    <entry id="19" name="hsa:5371 hsa:5914" type="gene"
        link="http://www.kegg.jp/dbget-bin/www_bget?hsa:5371+hsa:5914">
        <graphics name="PML, MYL, PP8675, RNF71, TRIM19..." fgcolor="#000000" bgcolor="#BFFFBF"
             type="rectangle" x="940" y="605" width="46" height="17"/>
    </entry>
    <entry id="20" name="hsa:6688" type="gene"
        link="http://www.kegg.jp/dbget-bin/www_bget?hsa:6688">
        <graphics name="SPI1, OF, PU.1, SFPI1, SPI-1, SPI-A" fgcolor="#000000" bgcolor="#BFFFBF"
             type="rectangle" x="1033" y="537" width="46" height="17"/>
    </entry>
    <entry id="21" name="hsa:5292" type="gene"
        link="http://www.kegg.jp/dbget-bin/www_bget?hsa:5292">
        <graphics name="PIM1, PIM" fgcolor="#000000" bgcolor="#BFFFBF"
             type="rectangle" x="1056" y="328" width="46" height="17"/>
    </entry>
    <entry id="22" name="hsa:3265 hsa:3845 hsa:4893" type="gene"
        link="http://www.kegg.jp/dbget-bin/www_bget?hsa:3265+hsa:3845+hsa:4893">
        <graphics name="HRAS, C-BAS/HAS, C-H-RAS, C-HA-RAS1, CTLO, H-RASIDX, HAMSV, HRAS1, K-RAS, N-RAS, RASH1..." fgcolor="#000000" bgcolor="#BFFFBF"
             type="rectangle" x="497" y="265" width="46" height="17"/>
    </entry>
    <entry id="23" name="hsa:861" type="gene"
        link="http://www.kegg.jp/dbget-bin/www_bget?hsa:861">
        <graphics name="RUNX1, AML1, AML1-EVI-1, AMLCR1, CBFA2, EVI-1, PEBP2aB" fgcolor="#000000" bgcolor="#BFFFBF"
             type="rectangle" x="1033" y="398" width="46" height="17"/>
    </entry>
    <entry id="24" name="path:hsa04210" type="map"
        link="http://www.kegg.jp/dbget-bin/www_bget?hsa04210">
        <graphics name="Apoptosis" fgcolor="#000000" bgcolor="#FFFFFF"
             type="roundrectangle" x="1001" y="163" width="111" height="34"/>
    </entry>
    <entry id="25" name="hsa:1147 hsa:3551 hsa:8517" type="gene"
        link="http://www.kegg.jp/dbget-bin/www_bget?hsa:1147+hsa:3551+hsa:8517">
        <graphics name="CHUK, IKBKA, IKK-alpha, IKK1, IKKA, NFKBIKA, TCF16..." fgcolor="#000000" bgcolor="#BFFFBF"
             type="rectangle" x="740" y="117" width="46" height="17"/>
    </entry>
    <entry id="26" name="hsa:572" type="gene"
        link="http://www.kegg.jp/dbget-bin/www_bget?hsa:572">
        <graphics name="BAD, BBC2, BCL2L8" fgcolor="#000000" bgcolor="#BFFFBF"
             type="rectangle" x="740" y="160" width="46" height="17"/>
    </entry>
    <entry id="27" name="hsa:11040" type="gene"
        link="http://www.kegg.jp/dbget-bin/www_bget?hsa:11040">
        <graphics name="PIM2" fgcolor="#000000" bgcolor="#BFFFBF"
             type="rectangle" x="1056" y="352" width="46" height="17"/>
    </entry>
    <entry id="28" name="hsa:1050" type="gene"
        link="http://www.kegg.jp/dbget-bin/www_bget?hsa:1050">
        <graphics name="CEBPA, C/EBP-alpha, CEBP" fgcolor="#000000" bgcolor="#BFFFBF"
             type="rectangle" x="1033" y="467" width="46" height="17"/>
    </entry>
    <entry id="29" name="hsa:6198 hsa:6199" type="gene"
        link="http://www.kegg.jp/dbget-bin/www_bget?hsa:6198+hsa:6199">
        <graphics name="RPS6KB1, PS6K, S6K, S6K1, STK14A, p70(S6K)-alpha, p70-S6K, p70-alpha..." fgcolor="#000000" bgcolor="#BFFFBF"
             type="rectangle" x="781" y="221" width="46" height="17"/>
    </entry>
    <entry id="30" name="hsa:6654 hsa:6655" type="gene"
        link="http://www.kegg.jp/dbget-bin/www_bget?hsa:6654+hsa:6655">
        <graphics name="SOS1, GF1, GGF1, GINGF, HGF, NS4..." fgcolor="#000000" bgcolor="#BFFFBF"
             type="rectangle" x="429" y="265" width="46" height="17"/>
    </entry>
    <entry id="31" name="hsa:2885" type="gene"
        link="http://www.kegg.jp/dbget-bin/www_bget?hsa:2885">
        <graphics name="GRB2, ASH, EGFRBP-GRB2, Grb3-3, MST084, MSTP084, NCKAP2" fgcolor="#000000" bgcolor="#BFFFBF"
             type="rectangle" x="360" y="265" width="46" height="17"/>
    </entry>
    <entry id="32" name="cpd:C05981" type="compound"
        link="http://www.kegg.jp/dbget-bin/www_bget?C05981">
        <graphics name="C05981" fgcolor="#000000" bgcolor="#FFFFFF"
             type="circle" x="581" y="158" width="8" height="8"/>
    </entry>
    <entry id="33" name="hsa:3815" type="gene"
        link="http://www.kegg.jp/dbget-bin/www_bget?hsa:3815">
        <graphics name="KIT, C-Kit, CD117, PBT, SCFR" fgcolor="#000000" bgcolor="#BFFFBF"
             type="rectangle" x="275" y="255" width="46" height="17"/>
    </entry>
    <entry id="34" name="hsa:2475" type="gene"
        link="http://www.kegg.jp/dbget-bin/www_bget?hsa:2475">
        <graphics name="MTOR, FRAP, FRAP1, FRAP2, RAFT1, RAPT1" fgcolor="#000000" bgcolor="#BFFFBF"
             type="rectangle" x="709" y="205" width="46" height="17"/>
    </entry>
    <entry id="35" name="hsa:1978" type="gene"
        link="http://www.kegg.jp/dbget-bin/www_bget?hsa:1978">
        <graphics name="EIF4EBP1, 4E-BP1, 4EBP1, BP-1, PHAS-I" fgcolor="#000000" bgcolor="#BFFFBF"
             type="rectangle" x="781" y="192" width="46" height="17"/>
    </entry>
    <entry id="36" name="path:hsa04010" type="map"
        link="http://www.kegg.jp/dbget-bin/www_bget?hsa04010">
        <graphics name="MAPK signaling pathway" fgcolor="#000000" bgcolor="#FFFFFF"
             type="roundrectangle" x="695" y="297" width="111" height="34"/>
    </entry>
    <entry id="37" name="hsa:10000 hsa:207 hsa:208" type="gene"
        link="http://www.kegg.jp/dbget-bin/www_bget?hsa:10000+hsa:207+hsa:208">
        <graphics name="AKT3, PKB-GAMMA, PKBG, PRKBG, RAC-PK-gamma, RAC-gamma, STK-2..." fgcolor="#000000" bgcolor="#BFFFBF"
             type="rectangle" x="637" y="160" width="46" height="17"/>
    </entry>
    <entry id="38" name="hsa:23533 hsa:5290 hsa:5291 hsa:5293 hsa:5294 hsa:5295 hsa:5296 hsa:8503" type="gene"
        link="http://www.kegg.jp/dbget-bin/www_bget?hsa:23533+hsa:5290+hsa:5291+hsa:5293+hsa:5294+hsa:5295+hsa:5296+hsa:8503">
        <graphics name="PIK3R5, F730038I15Rik, FOAP-2, P101-PI3K, p101..." fgcolor="#000000" bgcolor="#BFFFBF"
             type="rectangle" x="552" y="184" width="46" height="17"/>
    </entry>
    <entry id="39" name="path:hsa05221" type="map"
        link="http://www.kegg.jp/dbget-bin/www_bget?hsa05221">
        <graphics name="TITLE:Acute myeloid leukemia" fgcolor="#000000" bgcolor="#FFFFFF"
             type="roundrectangle" x="151" y="58" width="223" height="25"/>
    </entry>
    <entry id="40" name="path:hsa04110" type="map"
        link="http://www.kegg.jp/dbget-bin/www_bget?hsa04110">
        <graphics name="Cell cycle" fgcolor="#000000" bgcolor="#FFFFFF"
             type="roundrectangle" x="1197" y="709" width="111" height="34"/>
    </entry>
    <entry id="41" name="hsa:5594 hsa:5595" type="gene"
        link="http://www.kegg.jp/dbget-bin/www_bget?hsa:5594+hsa:5595">
        <graphics name="MAPK1, ERK, ERK2, ERT1, MAPK2, P42MAPK, PRKM1, PRKM2, p38, p40, p41, p41mapk..." fgcolor="#000000" bgcolor="#BFFFBF"
             type="rectangle" x="784" y="265" width="46" height="17"/>
    </entry>
    <entry id="42" name="hsa:5604 hsa:5605" type="gene"
        link="http://www.kegg.jp/dbget-bin/www_bget?hsa:5604+hsa:5605">
        <graphics name="MAP2K1, MAPKK1, MEK1, MKK1, PRKMK1..." fgcolor="#000000" bgcolor="#BFFFBF"
             type="rectangle" x="685" y="265" width="46" height="17"/>
    </entry>
    <entry id="43" name="hsa:369 hsa:5894 hsa:673" type="gene"
        link="http://www.kegg.jp/dbget-bin/www_bget?hsa:369+hsa:5894+hsa:673">
        <graphics name="ARAF, A-RAF, ARAF1, PKS2, RAFA1..." fgcolor="#000000" bgcolor="#BFFFBF"
             type="rectangle" x="589" y="265" width="46" height="17"/>
    </entry>
    <entry id="44" name="path:hsa04151" type="map"
        link="http://www.kegg.jp/dbget-bin/www_bget?hsa04151">
        <graphics name="PI3K-Akt signaling pathway" fgcolor="#000000" bgcolor="#FFFFFF"
             type="roundrectangle" x="601" y="117" width="111" height="34"/>
    </entry>
    <relation entry1="38" entry2="37" type="PPrel">
        <subtype name="compound" value="32"/>
    </relation>
    <relation entry1="33" entry2="38" type="PPrel">
        <subtype name="activation" value="--&gt;"/>
    </relation>
    <relation entry1="4" entry2="38" type="PPrel">
        <subtype name="activation" value="--&gt;"/>
    </relation>
    <relation entry1="34" entry2="29" type="PPrel">
        <subtype name="activation" value="--&gt;"/>
    </relation>
    <relation entry1="33" entry2="31" type="PPrel">
        <subtype name="activation" value="--&gt;"/>
    </relation>
    <relation entry1="4" entry2="31" type="PPrel">
        <subtype name="activation" value="--&gt;"/>
    </relation>
    <relation entry1="31" entry2="30" type="PPrel">
        <subtype name="activation" value="--&gt;"/>
    </relation>
    <relation entry1="30" entry2="22" type="PPrel">
        <subtype name="activation" value="--&gt;"/>
    </relation>
    <relation entry1="3" entry2="38" type="PPrel">
        <subtype name="activation" value="--&gt;"/>
    </relation>
    <relation entry1="22" entry2="38" type="PPrel">
        <subtype name="activation" value="--&gt;"/>
    </relation>
    <relation entry1="2" entry2="38" type="PPrel">
        <subtype name="activation" value="--&gt;"/>
    </relation>
    <relation entry1="3" entry2="43" type="PPrel">
        <subtype name="activation" value="--&gt;"/>
    </relation>
    <relation entry1="22" entry2="43" type="PPrel">
        <subtype name="activation" value="--&gt;"/>
    </relation>
    <relation entry1="2" entry2="43" type="PPrel">
        <subtype name="activation" value="--&gt;"/>
    </relation>
    <relation entry1="33" entry2="14" type="PPrel">
        <subtype name="activation" value="--&gt;"/>
    </relation>
    <relation entry1="4" entry2="14" type="PPrel">
        <subtype name="activation" value="--&gt;"/>
    </relation>
    <relation entry1="37" entry2="25" type="PPrel">
        <subtype name="activation" value="--&gt;"/>
        <subtype name="phosphorylation" value="+p"/>
    </relation>
    <relation entry1="37" entry2="34" type="PPrel">
        <subtype name="activation" value="--&gt;"/>
        <subtype name="phosphorylation" value="+p"/>
    </relation>
    <relation entry1="43" entry2="42" type="PPrel">
        <subtype name="activation" value="--&gt;"/>
        <subtype name="phosphorylation" value="+p"/>
    </relation>
    <relation entry1="42" entry2="41" type="PPrel">
        <subtype name="activation" value="--&gt;"/>
        <subtype name="phosphorylation" value="+p"/>
    </relation>
    <relation entry1="25" entry2="13" type="PPrel">
        <subtype name="indirect effect" value="..&gt;"/>
    </relation>
    <relation entry1="37" entry2="26" type="PPrel">
        <subtype name="inhibition" value="--|"/>
        <subtype name="phosphorylation" value="+p"/>
    </relation>
    <relation entry1="34" entry2="35" type="PPrel">
        <subtype name="inhibition" value="--|"/>
    </relation>
    <relation entry1="14" entry2="21" type="GErel">
        <subtype name="expression" value="--&gt;"/>
    </relation>
    <relation entry1="14" entry2="27" type="GErel">
        <subtype name="expression" value="--&gt;"/>
    </relation>
    <relation entry1="4" entry2="6" type="PPrel">
        <subtype name="inhibition" value="--|"/>
    </relation>
    <relation entry1="4" entry2="5" type="PPrel">
        <subtype name="inhibition" value="--|"/>
    </relation>
    <relation entry1="7" entry2="6" type="PPrel">
        <subtype name="inhibition" value="--|"/>
    </relation>
    <relation entry1="7" entry2="5" type="PPrel">
        <subtype name="inhibition" value="--|"/>
    </relation>
    <relation entry1="19" entry2="16" type="GErel">
        <subtype name="expression" value="--&gt;"/>
    </relation>
    <relation entry1="1" entry2="16" type="GErel">
        <subtype name="expression" value="--&gt;"/>
    </relation>
    <relation entry1="19" entry2="15" type="GErel">
        <subtype name="expression" value="--&gt;"/>
    </relation>
    <relation entry1="1" entry2="15" type="GErel">
        <subtype name="expression" value="--&gt;"/>
    </relation>
    <relation entry1="7" entry2="15" type="GErel">
        <subtype name="expression" value="--&gt;"/>
    </relation>
    <relation entry1="15" entry2="17" type="GErel">
        <subtype name="expression" value="--&gt;"/>
    </relation>
    <relation entry1="15" entry2="12" type="GErel">
        <subtype name="expression" value="--&gt;"/>
    </relation>
    <relation entry1="15" entry2="11" type="GErel">
        <subtype name="expression" value="--&gt;"/>
    </relation>
    <relation entry1="15" entry2="18" type="PPrel">
        <subtype name="binding/association" value="---"/>
    </relation>
    <relation entry1="19" entry2="5" type="PPrel">
        <subtype name="inhibition" value="--|"/>
    </relation>
</pathway>