<?xml version="1.0"?>
<!DOCTYPE pathway SYSTEM "http://www.kegg.jp/kegg/xml/KGML_v0.7.1_.dtd">
<!-- Creation date: Jul 26, 2013 14:09:59 +0900 (GMT+09:00) -->
<pathway name="path:hsa05132" org="hsa" number="05132"
         title="Salmonella infection"
         image="http://www.kegg.jp/kegg/pathway/hsa/hsa05132.png"
         link="http://www.kegg.jp/kegg-bin/show_pathway?hsa05132">
    <entry id="1" name="path:hsa05132" type="map"
        link="http://www.kegg.jp/dbget-bin/www_bget?hsa05132">
        <graphics name="TITLE:Salmonella infection" fgcolor="#000000" bgcolor="#FFFFFF"
             type="roundrectangle" x="143" y="58" width="206" height="25"/>
    </entry>
    <entry id="2" name="ko:K13741" type="ortholog"
        link="http://www.kegg.jp/dbget-bin/www_bget?K13741">
        <graphics name="K13741" fgcolor="#000000" bgcolor="#FFFFFF"
             type="rectangle" x="518" y="453" width="46" height="17"/>
    </entry>
    <entry id="3" name="ko:K13085" type="ortholog"
        link="http://www.kegg.jp/dbget-bin/www_bget?K13085">
        <graphics name="K13085" fgcolor="#000000" bgcolor="#FFFFFF"
             type="rectangle" x="518" y="505" width="46" height="17"/>
    </entry>
    <entry id="4" name="hsa:5879" type="gene"
        link="http://www.kegg.jp/dbget-bin/www_bget?hsa:5879">
        <graphics name="RAC1, Rac-1, TC-25, p21-Rac1" fgcolor="#000000" bgcolor="#BFFFBF"
             type="rectangle" x="667" y="453" width="46" height="17"/>
    </entry>
    <entry id="5" name="hsa:998" type="gene"
        link="http://www.kegg.jp/dbget-bin/www_bget?hsa:998">
        <graphics name="CDC42, CDC42Hs, G25K" fgcolor="#000000" bgcolor="#BFFFBF"
             type="rectangle" x="667" y="479" width="46" height="17"/>
    </entry>
    <entry id="6" name="hsa:4790 hsa:5970" type="gene"
        link="http://www.kegg.jp/dbget-bin/www_bget?hsa:4790+hsa:5970">
        <graphics name="NFKB1, EBP-1, KBF1, NF-kB1, NF-kappa-B, NF-kappaB, NFKB-p105, NFKB-p50, NFkappaB, p105, p50..." fgcolor="#000000" bgcolor="#BFFFBF"
             type="rectangle" x="921" y="491" width="46" height="17"/>
    </entry>
    <entry id="7" name="hsa:5599 hsa:5601 hsa:5602" type="gene"
        link="http://www.kegg.jp/dbget-bin/www_bget?hsa:5599+hsa:5601+hsa:5602">
        <graphics name="MAPK8, JNK, JNK-46, JNK1, JNK1A2, JNK21B1/2, PRKM8, SAPK1, SAPK1c..." fgcolor="#000000" bgcolor="#BFFFBF"
             type="rectangle" x="788" y="505" width="46" height="17"/>
    </entry>
    <entry id="8" name="hsa:7082" type="gene"
        link="http://www.kegg.jp/dbget-bin/www_bget?hsa:7082">
        <graphics name="TJP1, ZO-1" fgcolor="#000000" bgcolor="#BFFFBF"
             type="rectangle" x="740" y="159" width="46" height="17"/>
    </entry>
    <entry id="9" name="cpd:C04637" type="compound"
        link="http://www.kegg.jp/dbget-bin/www_bget?C04637">
        <graphics name="C04637" fgcolor="#000000" bgcolor="#FFFFFF"
             type="circle" x="588" y="505" width="8" height="8"/>
    </entry>
    <entry id="10" name="hsa:10163 hsa:8936" type="gene"
        link="http://www.kegg.jp/dbget-bin/www_bget?hsa:10163+hsa:8936">
        <graphics name="WASF2, IMD2, SCAR2, WASF4, WAVE2, dJ393P12.2..." fgcolor="#000000" bgcolor="#BFFFBF"
             type="rectangle" x="815" y="604" width="46" height="17"/>
    </entry>
    <entry id="11" name="hsa:10092 hsa:10093 hsa:10094 hsa:10095 hsa:10109 hsa:10552 hsa:81873" type="gene"
        link="http://www.kegg.jp/dbget-bin/www_bget?hsa:10092+hsa:10093+hsa:10094+hsa:10095+hsa:10109+hsa:10552+hsa:81873">
        <graphics name="ARPC5, ARC16, dJ127C7.3, p16-Arc..." fgcolor="#000000" bgcolor="#BFFFBF"
             type="rectangle" x="840" y="651" width="46" height="17"/>
    </entry>
    <entry id="12" name="hsa:7454 hsa:8976" type="gene"
        link="http://www.kegg.jp/dbget-bin/www_bget?hsa:7454+hsa:8976">
        <graphics name="WAS, IMD2, SCNX, THC, THC1, WASP..." fgcolor="#000000" bgcolor="#BFFFBF"
             type="rectangle" x="865" y="604" width="46" height="17"/>
    </entry>
    <entry id="13" name="hsa:2353 hsa:3725" type="gene"
        link="http://www.kegg.jp/dbget-bin/www_bget?hsa:2353+hsa:3725">
        <graphics name="FOS, AP-1, C-FOS, p55..." fgcolor="#000000" bgcolor="#BFFFBF"
             type="rectangle" x="921" y="469" width="46" height="17"/>
    </entry>
    <entry id="14" name="hsa:3576" type="gene"
        link="http://www.kegg.jp/dbget-bin/www_bget?hsa:3576">
        <graphics name="IL8, CXCL8, GCP-1, GCP1, LECT, LUCT, LYNAP, MDNCF, MONAP, NAF, NAP-1, NAP1" fgcolor="#000000" bgcolor="#BFFFBF"
             type="rectangle" x="1056" y="436" width="43" height="17"/>
    </entry>
    <entry id="15" name="hsa:391" type="gene"
        link="http://www.kegg.jp/dbget-bin/www_bget?hsa:391">
        <graphics name="RHOG, ARHG" fgcolor="#000000" bgcolor="#BFFFBF"
             type="rectangle" x="667" y="505" width="46" height="17"/>
    </entry>
    <entry id="16" name="ko:K13287" type="ortholog"
        link="http://www.kegg.jp/dbget-bin/www_bget?K13287">
        <graphics name="K13287" fgcolor="#000000" bgcolor="#FFFFFF"
             type="rectangle" x="271" y="528" width="46" height="17"/>
    </entry>
    <entry id="17" name="ko:K13286" type="ortholog"
        link="http://www.kegg.jp/dbget-bin/www_bget?K13286">
        <graphics name="K13286" fgcolor="#000000" bgcolor="#FFFFFF"
             type="rectangle" x="271" y="511" width="46" height="17"/>
    </entry>
    <entry id="18" name="ko:K13285" type="ortholog"
        link="http://www.kegg.jp/dbget-bin/www_bget?K13285">
        <graphics name="K13285" fgcolor="#000000" bgcolor="#FFFFFF"
             type="rectangle" x="271" y="494" width="46" height="17"/>
    </entry>
    <entry id="19" name="ko:K13284" type="ortholog"
        link="http://www.kegg.jp/dbget-bin/www_bget?K13284">
        <graphics name="K13284" fgcolor="#000000" bgcolor="#FFFFFF"
             type="rectangle" x="518" y="581" width="46" height="17"/>
    </entry>
    <entry id="20" name="hsa:60 hsa:71" type="gene"
        link="http://www.kegg.jp/dbget-bin/www_bget?hsa:60+hsa:71">
        <graphics name="ACTB, BRWS1, PS1TP5BP1..." fgcolor="#000000" bgcolor="#BFFFBF"
             type="rectangle" x="840" y="696" width="46" height="17"/>
    </entry>
    <entry id="21" name="ko:K13740" type="ortholog"
        link="http://www.kegg.jp/dbget-bin/www_bget?K13740">
        <graphics name="K13740" fgcolor="#000000" bgcolor="#FFFFFF"
             type="rectangle" x="518" y="781" width="46" height="17"/>
    </entry>
    <entry id="22" name="ko:K08598" type="ortholog"
        link="http://www.kegg.jp/dbget-bin/www_bget?K08598">
        <graphics name="K08598" fgcolor="#000000" bgcolor="#FFFFFF"
             type="rectangle" x="518" y="802" width="46" height="17"/>
    </entry>
    <entry id="23" name="path:map03070" type="map"
        link="http://www.kegg.jp/dbget-bin/www_bget?map03070">
        <graphics name="Bacterial secretion system" fgcolor="#000000" bgcolor="#FFFFFF"
             type="roundrectangle" x="405" y="1125" width="138" height="34"/>
    </entry>
    <entry id="24" name="hsa:7099" type="gene"
        link="http://www.kegg.jp/dbget-bin/www_bget?hsa:7099">
        <graphics name="TLR4, ARMD10, CD284, TLR-4, TOLL" fgcolor="#000000" bgcolor="#BFFFBF"
             type="rectangle" x="244" y="195" width="46" height="17"/>
    </entry>
    <entry id="25" name="hsa:3929" type="gene"
        link="http://www.kegg.jp/dbget-bin/www_bget?hsa:3929">
        <graphics name="LBP, BPIFD2" fgcolor="#000000" bgcolor="#BFFFBF"
             type="rectangle" x="171" y="227" width="46" height="17"/>
    </entry>
    <entry id="26" name="hsa:929" type="gene"
        link="http://www.kegg.jp/dbget-bin/www_bget?hsa:929">
        <graphics name="CD14" fgcolor="#000000" bgcolor="#BFFFBF"
             type="rectangle" x="244" y="240" width="46" height="17"/>
    </entry>
    <entry id="27" name="cpd:C00338" type="compound"
        link="http://www.kegg.jp/dbget-bin/www_bget?C00338">
        <graphics name="C00338" fgcolor="#000000" bgcolor="#FFFFFF"
             type="circle" x="125" y="240" width="8" height="8"/>
    </entry>
    <entry id="28" name="hsa:7100" type="gene"
        link="http://www.kegg.jp/dbget-bin/www_bget?hsa:7100">
        <graphics name="TLR5, SLEB1, TIL3" fgcolor="#000000" bgcolor="#BFFFBF"
             type="rectangle" x="1088" y="195" width="46" height="17"/>
    </entry>
    <entry id="29" name="hsa:4615" type="gene"
        link="http://www.kegg.jp/dbget-bin/www_bget?hsa:4615">
        <graphics name="MYD88, MYD88D" fgcolor="#000000" bgcolor="#BFFFBF"
             type="rectangle" x="921" y="195" width="46" height="17"/>
    </entry>
    <entry id="30" name="ko:K13285" type="ortholog"
        link="http://www.kegg.jp/dbget-bin/www_bget?K13285">
        <graphics name="K13285" fgcolor="#000000" bgcolor="#FFFFFF"
             type="rectangle" x="518" y="353" width="46" height="17"/>
    </entry>
    <entry id="31" name="ko:K15344" type="ortholog"
        link="http://www.kegg.jp/dbget-bin/www_bget?K15344">
        <graphics name="K15344" fgcolor="#000000" bgcolor="#FFFFFF"
             type="rectangle" x="308" y="1092" width="46" height="17"/>
    </entry>
    <entry id="32" name="ko:K15345" type="ortholog"
        link="http://www.kegg.jp/dbget-bin/www_bget?K15345">
        <graphics name="K15345" fgcolor="#000000" bgcolor="#FFFFFF"
             type="rectangle" x="308" y="1109" width="46" height="17"/>
    </entry>
    <entry id="33" name="ko:K15346" type="ortholog"
        link="http://www.kegg.jp/dbget-bin/www_bget?K15346">
        <graphics name="K15346" fgcolor="#000000" bgcolor="#FFFFFF"
             type="rectangle" x="308" y="1126" width="46" height="17"/>
    </entry>
    <entry id="34" name="ko:K15353" type="ortholog"
        link="http://www.kegg.jp/dbget-bin/www_bget?K15353">
        <graphics name="K15353" fgcolor="#000000" bgcolor="#FFFFFF"
             type="rectangle" x="518" y="1156" width="46" height="17"/>
    </entry>
    <entry id="35" name="ko:K15366" type="ortholog"
        link="http://www.kegg.jp/dbget-bin/www_bget?K15366">
        <graphics name="K15366" fgcolor="#000000" bgcolor="#FFFFFF"
             type="rectangle" x="518" y="1223" width="46" height="17"/>
    </entry>
    <entry id="36" name="ko:K15350" type="ortholog"
        link="http://www.kegg.jp/dbget-bin/www_bget?K15350">
        <graphics name="K15350" fgcolor="#000000" bgcolor="#FFFFFF"
             type="rectangle" x="518" y="1054" width="46" height="17"/>
    </entry>
    <entry id="37" name="ko:K15351" type="ortholog"
        link="http://www.kegg.jp/dbget-bin/www_bget?K15351">
        <graphics name="K15351" fgcolor="#000000" bgcolor="#FFFFFF"
             type="rectangle" x="518" y="1076" width="46" height="17"/>
    </entry>
    <entry id="38" name="hsa:2316 hsa:2317 hsa:2318" type="gene"
        link="http://www.kegg.jp/dbget-bin/www_bget?hsa:2316+hsa:2317+hsa:2318">
        <graphics name="FLNA, ABP-280, ABPX, CSBS, CVD1, FLN, FLN-A, FLN1, FMD, MNS, NHBP, OPD, OPD1, OPD2, XLVD, XMVD..." fgcolor="#000000" bgcolor="#BFFFBF"
             type="rectangle" x="645" y="1167" width="46" height="17"/>
    </entry>
    <entry id="39" name="hsa:345456 hsa:375189 hsa:5216 hsa:5217" type="gene"
        link="http://www.kegg.jp/dbget-bin/www_bget?hsa:345456+hsa:375189+hsa:5216+hsa:5217">
        <graphics name="PFN3..." fgcolor="#000000" bgcolor="#BFFFBF"
             type="rectangle" x="645" y="1145" width="46" height="17"/>
    </entry>
    <entry id="40" name="ko:K15354" type="ortholog"
        link="http://www.kegg.jp/dbget-bin/www_bget?K15354">
        <graphics name="K15354" fgcolor="#000000" bgcolor="#FFFFFF"
             type="rectangle" x="518" y="1186" width="46" height="17"/>
    </entry>
    <entry id="41" name="hsa:60 hsa:71" type="gene"
        link="http://www.kegg.jp/dbget-bin/www_bget?hsa:60+hsa:71">
        <graphics name="ACTB, BRWS1, PS1TP5BP1..." fgcolor="#000000" bgcolor="#BFFFBF"
             type="rectangle" x="737" y="1156" width="46" height="17"/>
    </entry>
    <entry id="42" name="hsa:1778 hsa:1780 hsa:1781 hsa:1783 hsa:51143 hsa:79659" type="gene"
        link="http://www.kegg.jp/dbget-bin/www_bget?hsa:1778+hsa:1780+hsa:1781+hsa:1783+hsa:51143+hsa:79659">
        <graphics name="DYNC1H1, DHC1, DHC1a, DNCH1, DNCL, DNECL, DYHC, Dnchc1, HL-3, SMALED1, p22..." fgcolor="#000000" bgcolor="#BFFFBF"
             type="rectangle" x="848" y="1066" width="46" height="17"/>
    </entry>
    <entry id="43" name="ko:K15352" type="ortholog"
        link="http://www.kegg.jp/dbget-bin/www_bget?K15352">
        <graphics name="K15352" fgcolor="#000000" bgcolor="#FFFFFF"
             type="rectangle" x="518" y="1112" width="46" height="17"/>
    </entry>
    <entry id="44" name="ko:K15347" type="ortholog"
        link="http://www.kegg.jp/dbget-bin/www_bget?K15347">
        <graphics name="K15347" fgcolor="#000000" bgcolor="#FFFFFF"
             type="rectangle" x="518" y="984" width="46" height="17"/>
    </entry>
    <entry id="45" name="hsa:23207" type="gene"
        link="http://www.kegg.jp/dbget-bin/www_bget?hsa:23207">
        <graphics name="PLEKHM2, RP11-169K16.1, SKIP" fgcolor="#000000" bgcolor="#BFFFBF"
             type="rectangle" x="610" y="966" width="46" height="17"/>
    </entry>
    <entry id="46" name="hsa:338382 hsa:7879" type="gene"
        link="http://www.kegg.jp/dbget-bin/www_bget?hsa:338382+hsa:7879">
        <graphics name="RAB7B, RAB7..." fgcolor="#000000" bgcolor="#BFFFBF"
             type="rectangle" x="611" y="1013" width="46" height="17"/>
    </entry>
    <entry id="47" name="hsa:83547" type="gene"
        link="http://www.kegg.jp/dbget-bin/www_bget?hsa:83547">
        <graphics name="RILP" fgcolor="#000000" bgcolor="#BFFFBF"
             type="rectangle" x="704" y="1013" width="46" height="17"/>
    </entry>
    <entry id="48" name="hsa:147700 hsa:3831 hsa:64837 hsa:89953" type="gene"
        link="http://www.kegg.jp/dbget-bin/www_bget?hsa:147700+hsa:3831+hsa:64837+hsa:89953">
        <graphics name="KLC3, KLC2, KLC2L, KLCt, KNS2B..." fgcolor="#000000" bgcolor="#BFFFBF"
             type="rectangle" x="704" y="966" width="46" height="17"/>
    </entry>
    <entry id="49" name="path:map03070" type="map"
        link="http://www.kegg.jp/dbget-bin/www_bget?map03070">
        <graphics name="Bacterial secretion system" fgcolor="#000000" bgcolor="#FFFFFF"
             type="roundrectangle" x="241" y="441" width="138" height="34"/>
    </entry>
    <entry id="50" name="ko:K02406" type="ortholog"
        link="http://www.kegg.jp/dbget-bin/www_bget?K02406">
        <graphics name="K02406" fgcolor="#000000" bgcolor="#FFFFFF"
             type="rectangle" x="518" y="286" width="46" height="17"/>
    </entry>
    <entry id="51" name="hsa:58484" type="gene"
        link="http://www.kegg.jp/dbget-bin/www_bget?hsa:58484">
        <graphics name="NLRC4, CARD12, CLAN, CLAN1, CLANA, CLANB, CLANC, CLAND, CLR2.1, IPAF" fgcolor="#000000" bgcolor="#BFFFBF"
             type="rectangle" x="646" y="319" width="46" height="17"/>
    </entry>
    <entry id="52" name="hsa:29108" type="gene"
        link="http://www.kegg.jp/dbget-bin/www_bget?hsa:29108">
        <graphics name="PYCARD, ASC, CARD5, TMS, TMS-1, TMS1" fgcolor="#000000" bgcolor="#BFFFBF"
             type="rectangle" x="646" y="336" width="46" height="17"/>
    </entry>
    <entry id="53" name="hsa:834" type="gene"
        link="http://www.kegg.jp/dbget-bin/www_bget?hsa:834">
        <graphics name="CASP1, ICE, IL1BC, P45" fgcolor="#000000" bgcolor="#BFFFBF"
             type="rectangle" x="646" y="353" width="46" height="17"/>
    </entry>
    <entry id="54" name="hsa:3553" type="gene"
        link="http://www.kegg.jp/dbget-bin/www_bget?hsa:3553">
        <graphics name="IL1B, IL-1, IL1-BETA, IL1F2" fgcolor="#000000" bgcolor="#BFFFBF"
             type="rectangle" x="1056" y="365" width="43" height="17"/>
    </entry>
    <entry id="55" name="hsa:3606" type="gene"
        link="http://www.kegg.jp/dbget-bin/www_bget?hsa:3606">
        <graphics name="IL18, IGIF, IL-18, IL-1g, IL1F4" fgcolor="#000000" bgcolor="#BFFFBF"
             type="rectangle" x="1056" y="344" width="43" height="17"/>
    </entry>
    <entry id="56" name="hsa:5594 hsa:5595" type="gene"
        link="http://www.kegg.jp/dbget-bin/www_bget?hsa:5594+hsa:5595">
        <graphics name="MAPK1, ERK, ERK2, ERT1, MAPK2, P42MAPK, PRKM1, PRKM2, p38, p40, p41, p41mapk..." fgcolor="#000000" bgcolor="#BFFFBF"
             type="rectangle" x="788" y="479" width="46" height="17"/>
    </entry>
    <entry id="57" name="hsa:1432 hsa:5600 hsa:5603 hsa:6300" type="gene"
        link="http://www.kegg.jp/dbget-bin/www_bget?hsa:1432+hsa:5600+hsa:5603+hsa:6300">
        <graphics name="MAPK14, CSBP, CSBP1, CSBP2, CSPB1, EXIP, Mxi2, PRKM14, PRKM15, RK, SAPK2A, p38, p38ALPHA..." fgcolor="#000000" bgcolor="#BFFFBF"
             type="rectangle" x="788" y="453" width="46" height="17"/>
    </entry>
    <entry id="58" name="ko:K15343" type="ortholog"
        link="http://www.kegg.jp/dbget-bin/www_bget?K15343">
        <graphics name="K15343" fgcolor="#000000" bgcolor="#FFFFFF"
             type="rectangle" x="989" y="792" width="46" height="17"/>
    </entry>
    <entry id="59" name="hsa:29941 hsa:5585 hsa:5586" type="gene"
        link="http://www.kegg.jp/dbget-bin/www_bget?hsa:29941+hsa:5585+hsa:5586">
        <graphics name="PKN3, RP11-545E17.1..." fgcolor="#000000" bgcolor="#BFFFBF"
             type="rectangle" x="989" y="660" width="46" height="17"/>
    </entry>
    <entry id="60" name="ko:K15349" type="ortholog"
        link="http://www.kegg.jp/dbget-bin/www_bget?K15349">
        <graphics name="K15349" fgcolor="#000000" bgcolor="#FFFFFF"
             type="rectangle" x="555" y="955" width="46" height="17"/>
    </entry>
    <entry id="61" name="path:hsa04620" type="map"
        link="http://www.kegg.jp/dbget-bin/www_bget?hsa04620">
        <graphics name="Toll-like receptor signaling pathway" fgcolor="#000000" bgcolor="#FFFFFF"
             type="roundrectangle" x="984" y="260" width="111" height="34"/>
    </entry>
    <entry id="62" name="path:hsa04530" type="map"
        link="http://www.kegg.jp/dbget-bin/www_bget?hsa04530">
        <graphics name="Tight junction" fgcolor="#000000" bgcolor="#FFFFFF"
             type="roundrectangle" x="739" y="132" width="97" height="25"/>
    </entry>
    <entry id="63" name="path:hsa04010" type="map"
        link="http://www.kegg.jp/dbget-bin/www_bget?hsa04010">
        <graphics name="MAPK signaling pathway" fgcolor="#000000" bgcolor="#FFFFFF"
             type="roundrectangle" x="794" y="417" width="148" height="25"/>
    </entry>
    <entry id="64" name="hsa:3458" type="gene"
        link="http://www.kegg.jp/dbget-bin/www_bget?hsa:3458">
        <graphics name="IFNG, IFG, IFI" fgcolor="#000000" bgcolor="#BFFFBF"
             type="rectangle" x="65" y="1298" width="46" height="17"/>
    </entry>
    <entry id="65" name="hsa:3459" type="gene"
        link="http://www.kegg.jp/dbget-bin/www_bget?hsa:3459">
        <graphics name="IFNGR1, CD119, IFNGR" fgcolor="#000000" bgcolor="#BFFFBF"
             type="rectangle" x="244" y="1290" width="46" height="17"/>
    </entry>
    <entry id="66" name="hsa:3460" type="gene"
        link="http://www.kegg.jp/dbget-bin/www_bget?hsa:3460">
        <graphics name="IFNGR2, AF-1, IFGR2, IFNGT1" fgcolor="#000000" bgcolor="#BFFFBF"
             type="rectangle" x="244" y="1307" width="46" height="17"/>
    </entry>
    <entry id="67" name="path:hsa04630" type="map"
        link="http://www.kegg.jp/dbget-bin/www_bget?hsa04630">
        <graphics name="Jak-STAT signaling pathway" fgcolor="#000000" bgcolor="#FFFFFF"
             type="roundrectangle" x="351" y="1321" width="115" height="34"/>
    </entry>
    <entry id="68" name="hsa:4843" type="gene"
        link="http://www.kegg.jp/dbget-bin/www_bget?hsa:4843">
        <graphics name="NOS2, HEP-NOS, INOS, NOS, NOS2A" fgcolor="#000000" bgcolor="#BFFFBF"
             type="rectangle" x="522" y="1298" width="46" height="17"/>
    </entry>
    <entry id="69" name="cpd:C00533" type="compound"
        link="http://www.kegg.jp/dbget-bin/www_bget?C00533">
        <graphics name="C00533" fgcolor="#000000" bgcolor="#FFFFFF"
             type="circle" x="597" y="1312" width="8" height="8"/>
    </entry>
    <entry id="70" name="cpd:C00062" type="compound"
        link="http://www.kegg.jp/dbget-bin/www_bget?C00062">
        <graphics name="C00062" fgcolor="#000000" bgcolor="#FFFFFF"
             type="circle" x="456" y="1312" width="8" height="8"/>
    </entry>
    <entry id="71" name="ko:K13771" type="ortholog"
        link="http://www.kegg.jp/dbget-bin/www_bget?K13771">
        <graphics name="K13771" fgcolor="#000000" bgcolor="#FFFFFF"
             type="rectangle" x="715" y="1327" width="46" height="17"/>
    </entry>
    <entry id="72" name="ko:K05916" type="ortholog"
        link="http://www.kegg.jp/dbget-bin/www_bget?K05916">
        <graphics name="K05916" fgcolor="#000000" bgcolor="#FFFFFF"
             type="rectangle" x="821" y="1327" width="46" height="17"/>
    </entry>
    <entry id="73" name="ko:K12266" type="ortholog"
        link="http://www.kegg.jp/dbget-bin/www_bget?K12266">
        <graphics name="K12266" fgcolor="#000000" bgcolor="#FFFFFF"
             type="rectangle" x="715" y="1296" width="46" height="17"/>
    </entry>
    <entry id="74" name="ko:K12265" type="ortholog"
        link="http://www.kegg.jp/dbget-bin/www_bget?K12265">
        <graphics name="K12265" fgcolor="#000000" bgcolor="#FFFFFF"
             type="rectangle" x="821" y="1305" width="46" height="17"/>
    </entry>
    <entry id="75" name="ko:K12264" type="ortholog"
        link="http://www.kegg.jp/dbget-bin/www_bget?K12264">
        <graphics name="K12264" fgcolor="#000000" bgcolor="#FFFFFF"
             type="rectangle" x="821" y="1288" width="46" height="17"/>
    </entry>
    <entry id="76" name="ko:K03385" type="ortholog"
        link="http://www.kegg.jp/dbget-bin/www_bget?K03385">
        <graphics name="K03385" fgcolor="#000000" bgcolor="#FFFFFF"
             type="rectangle" x="821" y="1350" width="46" height="17"/>
    </entry>
    <entry id="77" name="hsa:3552" type="gene"
        link="http://www.kegg.jp/dbget-bin/www_bget?hsa:3552">
        <graphics name="IL1A, IL-1A, IL1, IL1-ALPHA, IL1F1" fgcolor="#000000" bgcolor="#BFFFBF"
             type="rectangle" x="1056" y="390" width="43" height="17"/>
    </entry>
    <entry id="78" name="hsa:3569" type="gene"
        link="http://www.kegg.jp/dbget-bin/www_bget?hsa:3569">
        <graphics name="IL6, BSF2, HGF, HSF, IFNB2, IL-6" fgcolor="#000000" bgcolor="#BFFFBF"
             type="rectangle" x="1056" y="411" width="43" height="17"/>
    </entry>
    <entry id="79" name="hsa:414062 hsa:6348 hsa:6349" type="gene"
        link="http://www.kegg.jp/dbget-bin/www_bget?hsa:414062+hsa:6348+hsa:6349">
        <graphics name="CCL3L3, 464.2, D17S1718, G0S19-2, LD78, LD78BETA, SCYA3L, SCYA3L1..." fgcolor="#000000" bgcolor="#BFFFBF"
             type="rectangle" x="1056" y="457" width="43" height="17"/>
    </entry>
    <entry id="80" name="hsa:388372 hsa:6351 hsa:9560" type="gene"
        link="http://www.kegg.jp/dbget-bin/www_bget?hsa:388372+hsa:6351+hsa:9560">
        <graphics name="CCL4L2, AT744.2, CCL4L, SCYA4L..." fgcolor="#000000" bgcolor="#BFFFBF"
             type="rectangle" x="1056" y="478" width="43" height="17"/>
    </entry>
    <entry id="81" name="hsa:2919 hsa:2920 hsa:2921" type="gene"
        link="http://www.kegg.jp/dbget-bin/www_bget?hsa:2919+hsa:2920+hsa:2921">
        <graphics name="CXCL1, FSP, GRO1, GROa, MGSA, MGSA-a, NAP-3, SCYB1..." fgcolor="#000000" bgcolor="#BFFFBF"
             type="rectangle" x="1056" y="499" width="43" height="17"/>
    </entry>
    <entry id="82" name="hsa:1437" type="gene"
        link="http://www.kegg.jp/dbget-bin/www_bget?hsa:1437">
        <graphics name="CSF2, GMCSF" fgcolor="#000000" bgcolor="#BFFFBF"
             type="rectangle" x="1056" y="523" width="43" height="17"/>
    </entry>
    <entry id="83" name="path:hsa04810" type="map"
        link="http://www.kegg.jp/dbget-bin/www_bget?hsa04810">
        <graphics name="Regulation of actin cytoskeleton" fgcolor="#000000" bgcolor="#FFFFFF"
             type="roundrectangle" x="758" y="725" width="111" height="34"/>
    </entry>
    <entry id="84" name="path:hsa05100" type="map"
        link="http://www.kegg.jp/dbget-bin/www_bget?hsa05100">
        <graphics name="Bacterial invasion of epithelial cells" fgcolor="#000000" bgcolor="#FFFFFF"
             type="roundrectangle" x="387" y="441" width="111" height="34"/>
    </entry>
    <entry id="85" name="hsa:6093 hsa:9475" type="gene"
        link="http://www.kegg.jp/dbget-bin/www_bget?hsa:6093+hsa:9475">
        <graphics name="ROCK1, P160ROCK, ROCK-I..." fgcolor="#000000" bgcolor="#BFFFBF"
             type="rectangle" x="679" y="877" width="46" height="17"/>
    </entry>
    <entry id="86" name="hsa:4627 hsa:4628 hsa:79784" type="gene"
        link="http://www.kegg.jp/dbget-bin/www_bget?hsa:4627+hsa:4628+hsa:79784">
        <graphics name="MYH9, BDPLT6, DFNA17, EPSTS, FTNS, MHA, NMHC-II-A, NMMHC-IIA, NMMHCA..." fgcolor="#000000" bgcolor="#BFFFBF"
             type="rectangle" x="768" y="876" width="46" height="17"/>
    </entry>
    <entry id="87" name="undefined" type="group">
        <graphics fgcolor="#000000" bgcolor="#FFFFFF"
             type="rectangle" x="244" y="1298" width="46" height="34"/>
        <component id="65"/>
        <component id="66"/>
    </entry>
    <entry id="88" name="undefined" type="group">
        <graphics fgcolor="#000000" bgcolor="#FFFFFF"
             type="rectangle" x="646" y="336" width="46" height="51"/>
        <component id="51"/>
        <component id="52"/>
        <component id="53"/>
    </entry>
    <relation entry1="26" entry2="24" type="PPrel">
        <subtype name="activation" value="--&gt;"/>
    </relation>
    <relation entry1="24" entry2="29" type="PPrel">
        <subtype name="activation" value="--&gt;"/>
    </relation>
    <relation entry1="28" entry2="29" type="PPrel">
        <subtype name="activation" value="--&gt;"/>
    </relation>
    <relation entry1="10" entry2="11" type="PPrel">
        <subtype name="activation" value="--&gt;"/>
    </relation>
    <relation entry1="12" entry2="11" type="PPrel">
        <subtype name="activation" value="--&gt;"/>
    </relation>
    <relation entry1="11" entry2="20" type="PPrel">
        <subtype name="activation" value="--&gt;"/>
    </relation>
    <relation entry1="64" entry2="87" type="PPrel">
        <subtype name="activation" value="--&gt;"/>
    </relation>
    <relation entry1="4" entry2="57" type="PPrel">
        <subtype name="activation" value="--&gt;"/>
        <subtype name="indirect effect" value="..&gt;"/>
    </relation>
    <relation entry1="4" entry2="56" type="PPrel">
        <subtype name="activation" value="--&gt;"/>
        <subtype name="indirect effect" value="..&gt;"/>
    </relation>
    <relation entry1="4" entry2="7" type="PPrel">
        <subtype name="activation" value="--&gt;"/>
        <subtype name="indirect effect" value="..&gt;"/>
    </relation>
    <relation entry1="5" entry2="57" type="PPrel">
        <subtype name="activation" value="--&gt;"/>
        <subtype name="indirect effect" value="..&gt;"/>
    </relation>
    <relation entry1="5" entry2="56" type="PPrel">
        <subtype name="activation" value="--&gt;"/>
        <subtype name="indirect effect" value="..&gt;"/>
    </relation>
    <relation entry1="5" entry2="7" type="PPrel">
        <subtype name="activation" value="--&gt;"/>
        <subtype name="indirect effect" value="..&gt;"/>
    </relation>
    <relation entry1="15" entry2="57" type="PPrel">
        <subtype name="activation" value="--&gt;"/>
        <subtype name="indirect effect" value="..&gt;"/>
    </relation>
    <relation entry1="15" entry2="56" type="PPrel">
        <subtype name="activation" value="--&gt;"/>
        <subtype name="indirect effect" value="..&gt;"/>
    </relation>
    <relation entry1="15" entry2="7" type="PPrel">
        <subtype name="activation" value="--&gt;"/>
        <subtype name="indirect effect" value="..&gt;"/>
    </relation>
    <relation entry1="57" entry2="13" type="PPrel">
        <subtype name="activation" value="--&gt;"/>
        <subtype name="indirect effect" value="..&gt;"/>
    </relation>
    <relation entry1="57" entry2="6" type="PPrel">
        <subtype name="activation" value="--&gt;"/>
        <subtype name="indirect effect" value="..&gt;"/>
    </relation>
    <relation entry1="56" entry2="13" type="PPrel">
        <subtype name="activation" value="--&gt;"/>
        <subtype name="indirect effect" value="..&gt;"/>
    </relation>
    <relation entry1="56" entry2="6" type="PPrel">
        <subtype name="activation" value="--&gt;"/>
        <subtype name="indirect effect" value="..&gt;"/>
    </relation>
    <relation entry1="7" entry2="13" type="PPrel">
        <subtype name="activation" value="--&gt;"/>
        <subtype name="indirect effect" value="..&gt;"/>
    </relation>
    <relation entry1="7" entry2="6" type="PPrel">
        <subtype name="activation" value="--&gt;"/>
        <subtype name="indirect effect" value="..&gt;"/>
    </relation>
    <relation entry1="29" entry2="6" type="PPrel">
        <subtype name="activation" value="--&gt;"/>
        <subtype name="indirect effect" value="..&gt;"/>
    </relation>
    <relation entry1="88" entry2="55" type="PPrel">
        <subtype name="activation" value="--&gt;"/>
    </relation>
    <relation entry1="88" entry2="54" type="PPrel">
        <subtype name="activation" value="--&gt;"/>
    </relation>
    <relation entry1="4" entry2="10" type="PPrel">
        <subtype name="activation" value="--&gt;"/>
        <subtype name="indirect effect" value="..&gt;"/>
    </relation>
    <relation entry1="4" entry2="12" type="PPrel">
        <subtype name="activation" value="--&gt;"/>
        <subtype name="indirect effect" value="..&gt;"/>
    </relation>
    <relation entry1="5" entry2="10" type="PPrel">
        <subtype name="activation" value="--&gt;"/>
        <subtype name="indirect effect" value="..&gt;"/>
    </relation>
    <relation entry1="5" entry2="12" type="PPrel">
        <subtype name="activation" value="--&gt;"/>
        <subtype name="indirect effect" value="..&gt;"/>
    </relation>
    <relation entry1="15" entry2="10" type="PPrel">
        <subtype name="activation" value="--&gt;"/>
        <subtype name="indirect effect" value="..&gt;"/>
    </relation>
    <relation entry1="15" entry2="12" type="PPrel">
        <subtype name="activation" value="--&gt;"/>
        <subtype name="indirect effect" value="..&gt;"/>
    </relation>
    <relation entry1="85" entry2="86" type="PPrel">
        <subtype name="activation" value="--&gt;"/>
        <subtype name="indirect effect" value="..&gt;"/>
    </relation>
    <relation entry1="39" entry2="41" type="PPrel">
        <subtype name="activation" value="--&gt;"/>
        <subtype name="indirect effect" value="..&gt;"/>
    </relation>
    <relation entry1="38" entry2="41" type="PPrel">
        <subtype name="activation" value="--&gt;"/>
        <subtype name="indirect effect" value="..&gt;"/>
    </relation>
    <relation entry1="87" entry2="68" type="PPrel">
        <subtype name="activation" value="--&gt;"/>
        <subtype name="indirect effect" value="..&gt;"/>
    </relation>
    <relation entry1="45" entry2="48" type="PPrel">
        <subtype name="inhibition" value="--|"/>
    </relation>
    <relation entry1="59" entry2="6" type="PPrel">
        <subtype name="inhibition" value="--|"/>
        <subtype name="indirect effect" value="..&gt;"/>
    </relation>
    <relation entry1="4" entry2="8" type="PPrel">
        <subtype name="inhibition" value="--|"/>
        <subtype name="indirect effect" value="..&gt;"/>
    </relation>
    <relation entry1="5" entry2="8" type="PPrel">
        <subtype name="inhibition" value="--|"/>
        <subtype name="indirect effect" value="..&gt;"/>
    </relation>
    <relation entry1="15" entry2="8" type="PPrel">
        <subtype name="inhibition" value="--|"/>
        <subtype name="indirect effect" value="..&gt;"/>
    </relation>
    <relation entry1="46" entry2="47" type="PPrel">
        <subtype name="binding/association" value="---"/>
    </relation>
    <relation entry1="47" entry2="42" type="PPrel">
        <subtype name="binding/association" value="---"/>
    </relation>
    <relation entry1="70" entry2="68" type="PCrel">
    </relation>
    <relation entry1="68" entry2="69" type="PCrel">
    </relation>
    <relation entry1="27" entry2="26" type="PCrel">
    </relation>
    <relation entry1="9" entry2="5" type="PCrel">
    </relation>
    <relation entry1="9" entry2="15" type="PCrel">
    </relation>
</pathway>