<?xml version="1.0"?>
<!DOCTYPE pathway SYSTEM "http://www.kegg.jp/kegg/xml/KGML_v0.7.1_.dtd">
<!-- Creation date: Nov 5, 2013 11:24:22 +0900 (GMT+09:00) -->
<pathway name="path:hsa05160" org="hsa" number="05160"
         title="Hepatitis C"
         image="http://www.kegg.jp/kegg/pathway/hsa/hsa05160.png"
         link="http://www.kegg.jp/kegg-bin/show_pathway?hsa05160">
    <entry id="1" name="path:hsa05160" type="map"
        link="http://www.kegg.jp/dbget-bin/www_bget?hsa05160">
        <graphics name="TITLE:Hepatitis C" fgcolor="#000000" bgcolor="#FFFFFF"
             type="roundrectangle" x="97" y="58" width="114" height="25"/>
    </entry>
    <entry id="2" name="hsa:23586" type="gene"
        link="http://www.kegg.jp/dbget-bin/www_bget?hsa:23586">
        <graphics name="DDX58, RIG-I, RIGI, RLR-1" fgcolor="#000000" bgcolor="#BFFFBF"
             type="rectangle" x="359" y="394" width="46" height="17"/>
    </entry>
    <entry id="3" name="hsa:57506" type="gene"
        link="http://www.kegg.jp/dbget-bin/www_bget?hsa:57506">
        <graphics name="MAVS, CARDIF, IPS-1, IPS1, VISA" fgcolor="#000000" bgcolor="#BFFFBF"
             type="rectangle" x="438" y="394" width="46" height="17"/>
    </entry>
    <entry id="4" name="hsa:7187" type="gene"
        link="http://www.kegg.jp/dbget-bin/www_bget?hsa:7187">
        <graphics name="TRAF3, CAP-1, CAP1, CD40bp, CRAF1, IIAE5, LAP1" fgcolor="#000000" bgcolor="#BFFFBF"
             type="rectangle" x="517" y="394" width="46" height="17"/>
    </entry>
    <entry id="5" name="hsa:29110" type="gene"
        link="http://www.kegg.jp/dbget-bin/www_bget?hsa:29110">
        <graphics name="TBK1, NAK, T2K" fgcolor="#000000" bgcolor="#BFFFBF"
             type="rectangle" x="596" y="386" width="46" height="17"/>
    </entry>
    <entry id="6" name="hsa:9641" type="gene"
        link="http://www.kegg.jp/dbget-bin/www_bget?hsa:9641">
        <graphics name="IKBKE, IKK-E, IKK-i, IKKE, IKKI" fgcolor="#000000" bgcolor="#BFFFBF"
             type="rectangle" x="596" y="403" width="46" height="17"/>
    </entry>
    <entry id="7" name="hsa:3661 hsa:3665" type="gene"
        link="http://www.kegg.jp/dbget-bin/www_bget?hsa:3661+hsa:3665">
        <graphics name="IRF3..." fgcolor="#000000" bgcolor="#BFFFBF"
             type="rectangle" x="675" y="395" width="46" height="17"/>
    </entry>
    <entry id="8" name="hsa:4790 hsa:5970" type="gene"
        link="http://www.kegg.jp/dbget-bin/www_bget?hsa:4790+hsa:5970">
        <graphics name="NFKB1, EBP-1, KBF1, NF-kB1, NF-kappa-B, NF-kappaB, NFKB-p105, NFKB-p50, NFkappaB, p105, p50..." fgcolor="#000000" bgcolor="#BFFFBF"
             type="rectangle" x="761" y="429" width="46" height="17"/>
    </entry>
    <entry id="9" name="hsa:7098" type="gene"
        link="http://www.kegg.jp/dbget-bin/www_bget?hsa:7098">
        <graphics name="TLR3, CD283, IIAE2" fgcolor="#000000" bgcolor="#BFFFBF"
             type="rectangle" x="359" y="478" width="46" height="17"/>
    </entry>
    <entry id="10" name="hsa:148022" type="gene"
        link="http://www.kegg.jp/dbget-bin/www_bget?hsa:148022">
        <graphics name="TICAM1, IIAE6, MyD88-3, PRVTIRB, TICAM-1, TRIF" fgcolor="#000000" bgcolor="#BFFFBF"
             type="rectangle" x="438" y="478" width="46" height="17"/>
    </entry>
    <entry id="11" name="hsa:4792" type="gene"
        link="http://www.kegg.jp/dbget-bin/www_bget?hsa:4792">
        <graphics name="NFKBIA, IKBA, MAD-3, NFKBI" fgcolor="#000000" bgcolor="#BFFFBF"
             type="rectangle" x="761" y="461" width="46" height="17"/>
    </entry>
    <entry id="12" name="hsa:8517" type="gene"
        link="http://www.kegg.jp/dbget-bin/www_bget?hsa:8517">
        <graphics name="IKBKG, AMCBX1, FIP-3, FIP3, Fip3p, IKK-gamma, IP, IP1, IP2, IPD2, NEMO, ZC2HC9" fgcolor="#000000" bgcolor="#BFFFBF"
             type="rectangle" x="596" y="461" width="46" height="17"/>
    </entry>
    <entry id="13" name="hsa:1147" type="gene"
        link="http://www.kegg.jp/dbget-bin/www_bget?hsa:1147">
        <graphics name="CHUK, IKBKA, IKK-alpha, IKK1, IKKA, NFKBIKA, TCF16" fgcolor="#000000" bgcolor="#BFFFBF"
             type="rectangle" x="596" y="478" width="46" height="17"/>
    </entry>
    <entry id="14" name="hsa:3551" type="gene"
        link="http://www.kegg.jp/dbget-bin/www_bget?hsa:3551">
        <graphics name="IKBKB, IKK-beta, IKK2, IKKB, NFKBIKB" fgcolor="#000000" bgcolor="#BFFFBF"
             type="rectangle" x="596" y="495" width="46" height="17"/>
    </entry>
    <entry id="15" name="hsa:7189" type="gene"
        link="http://www.kegg.jp/dbget-bin/www_bget?hsa:7189">
        <graphics name="TRAF6, MGC:3310, RNF85" fgcolor="#000000" bgcolor="#BFFFBF"
             type="rectangle" x="517" y="478" width="46" height="17"/>
    </entry>
    <entry id="16" name="hsa:8737" type="gene"
        link="http://www.kegg.jp/dbget-bin/www_bget?hsa:8737">
        <graphics name="RIPK1, RIP, RIP1" fgcolor="#000000" bgcolor="#BFFFBF"
             type="rectangle" x="517" y="495" width="46" height="17"/>
    </entry>
    <entry id="17" name="hsa:3456" type="gene"
        link="http://www.kegg.jp/dbget-bin/www_bget?hsa:3456">
        <graphics name="IFNB1, IFB, IFF, IFNB" fgcolor="#000000" bgcolor="#BFFFBF"
             type="rectangle" x="972" y="394" width="46" height="17"/>
    </entry>
    <entry id="18" name="hsa:3439 hsa:3440 hsa:3441 hsa:3442 hsa:3443 hsa:3444 hsa:3445 hsa:3446 hsa:3447 hsa:3448 hsa:3449 hsa:3451 hsa:3452 hsa:3456" type="gene"
        link="http://www.kegg.jp/dbget-bin/www_bget?hsa:3439+hsa:3440+hsa:3441+hsa:3442+hsa:3443+hsa:3444+hsa:3445+hsa:3446+hsa:3447+hsa:3448+hsa:3449+hsa:3451+hsa:3452+hsa:3456">
        <graphics name="IFNA1, IFL, IFN, IFN-ALPHA, IFN-alphaD, IFNA13, IFNA@..." fgcolor="#000000" bgcolor="#BFFFBF"
             type="rectangle" x="106" y="714" width="46" height="17"/>
    </entry>
    <entry id="19" name="hsa:3454" type="gene"
        link="http://www.kegg.jp/dbget-bin/www_bget?hsa:3454">
        <graphics name="IFNAR1, AVP, IFN-alpha-REC, IFNAR, IFNBR, IFRC" fgcolor="#000000" bgcolor="#BFFFBF"
             type="rectangle" x="177" y="705" width="46" height="17"/>
    </entry>
    <entry id="20" name="hsa:3455" type="gene"
        link="http://www.kegg.jp/dbget-bin/www_bget?hsa:3455">
        <graphics name="IFNAR2, IFN-R, IFN-alpha-REC, IFNABR, IFNARB" fgcolor="#000000" bgcolor="#BFFFBF"
             type="rectangle" x="177" y="722" width="46" height="17"/>
    </entry>
    <entry id="21" name="hsa:3716 hsa:7297" type="gene"
        link="http://www.kegg.jp/dbget-bin/www_bget?hsa:3716+hsa:7297">
        <graphics name="JAK1, JAK1A, JAK1B, JTK3..." fgcolor="#000000" bgcolor="#BFFFBF"
             type="rectangle" x="262" y="714" width="46" height="17"/>
    </entry>
    <entry id="22" name="hsa:6772 hsa:6773" type="gene"
        link="http://www.kegg.jp/dbget-bin/www_bget?hsa:6772+hsa:6773">
        <graphics name="STAT1, CANDF7, ISGF-3, STAT91..." fgcolor="#000000" bgcolor="#BFFFBF"
             type="rectangle" x="434" y="714" width="46" height="17"/>
    </entry>
    <entry id="23" name="hsa:10379" type="gene"
        link="http://www.kegg.jp/dbget-bin/www_bget?hsa:10379">
        <graphics name="IRF9, IRF-9, ISGF3, ISGF3G, p48" fgcolor="#000000" bgcolor="#BFFFBF"
             type="rectangle" x="761" y="713" width="46" height="17"/>
    </entry>
    <entry id="24" name="hsa:949" type="gene"
        link="http://www.kegg.jp/dbget-bin/www_bget?hsa:949">
        <graphics name="SCARB1, CD36L1, CLA-1, CLA1, HDLQTL6, SR-BI, SRB1" fgcolor="#000000" bgcolor="#BFFFBF"
             type="rectangle" x="177" y="169" width="46" height="17"/>
    </entry>
    <entry id="25" name="hsa:975" type="gene"
        link="http://www.kegg.jp/dbget-bin/www_bget?hsa:975">
        <graphics name="CD81, CVID6, S5.7, TAPA1, TSPAN28" fgcolor="#000000" bgcolor="#BFFFBF"
             type="rectangle" x="177" y="194" width="46" height="17"/>
    </entry>
    <entry id="26" name="hsa:100132463 hsa:10686 hsa:1364 hsa:1365 hsa:1366 hsa:137075 hsa:149461 hsa:23562 hsa:24146 hsa:26285 hsa:49861 hsa:5010 hsa:51208 hsa:53842 hsa:644672 hsa:7122 hsa:9071 hsa:9073 hsa:9074 hsa:9075 hsa:9076 hsa:9080" type="gene"
        link="http://www.kegg.jp/dbget-bin/www_bget?hsa:100132463+hsa:10686+hsa:1364+hsa:1365+hsa:1366+hsa:137075+hsa:149461+hsa:23562+hsa:24146+hsa:26285+hsa:49861+hsa:5010+hsa:51208+hsa:53842+hsa:644672+hsa:7122+hsa:9071+hsa:9073+hsa:9074+hsa:9075+hsa:9076+hsa:9080">
        <graphics name="CLDN24, CLDN21..." fgcolor="#000000" bgcolor="#BFFFBF"
             type="rectangle" x="177" y="211" width="46" height="17"/>
    </entry>
    <entry id="27" name="hsa:100506658" type="gene"
        link="http://www.kegg.jp/dbget-bin/www_bget?hsa:100506658">
        <graphics name="OCLN, BLCPMG" fgcolor="#000000" bgcolor="#BFFFBF"
             type="rectangle" x="177" y="235" width="46" height="17"/>
    </entry>
    <entry id="28" name="hsa:9021" type="gene"
        link="http://www.kegg.jp/dbget-bin/www_bget?hsa:9021">
        <graphics name="SOCS3, ATOD4, CIS3, Cish3, SOCS-3, SSI-3, SSI3" fgcolor="#000000" bgcolor="#BFFFBF"
             type="rectangle" x="262" y="682" width="46" height="17"/>
    </entry>
    <entry id="29" name="path:hsa04622" type="map"
        link="http://www.kegg.jp/dbget-bin/www_bget?hsa04622">
        <graphics name="RIG-I-like receptor signaling pathway" fgcolor="#000000" bgcolor="#FFFFFF"
             type="roundrectangle" x="372" y="358" width="105" height="34"/>
    </entry>
    <entry id="30" name="path:hsa04620" type="map"
        link="http://www.kegg.jp/dbget-bin/www_bget?hsa04620">
        <graphics name="Toll-like receptor signaling pathway" fgcolor="#000000" bgcolor="#FFFFFF"
             type="roundrectangle" x="418" y="513" width="92" height="34"/>
    </entry>
    <entry id="31" name="path:hsa04630" type="map"
        link="http://www.kegg.jp/dbget-bin/www_bget?hsa04630">
        <graphics name="Jak-STAT signaling pathway" fgcolor="#000000" bgcolor="#FFFFFF"
             type="roundrectangle" x="283" y="744" width="155" height="25"/>
    </entry>
    <entry id="32" name="hsa:5515 hsa:5516 hsa:5518 hsa:5519 hsa:5520 hsa:5521 hsa:5522 hsa:55844" type="gene"
        link="http://www.kegg.jp/dbget-bin/www_bget?hsa:5515+hsa:5516+hsa:5518+hsa:5519+hsa:5520+hsa:5521+hsa:5522+hsa:55844">
        <graphics name="PPP2CA, PP2Ac, PP2CA, PP2Calpha, RP-C..." fgcolor="#000000" bgcolor="#BFFFBF"
             type="rectangle" x="395" y="771" width="46" height="17"/>
    </entry>
    <entry id="33" name="hsa:8554" type="gene"
        link="http://www.kegg.jp/dbget-bin/www_bget?hsa:8554">
        <graphics name="PIAS1, DDXBP1, GBP, GU/RH-II, ZMIZ3" fgcolor="#000000" bgcolor="#BFFFBF"
             type="rectangle" x="456" y="771" width="46" height="17"/>
    </entry>
    <entry id="34" name="hsa:3576" type="gene"
        link="http://www.kegg.jp/dbget-bin/www_bget?hsa:3576">
        <graphics name="IL8, CXCL8, GCP-1, GCP1, LECT, LUCT, LYNAP, MDNCF, MONAP, NAF, NAP-1, NAP1" fgcolor="#000000" bgcolor="#BFFFBF"
             type="rectangle" x="973" y="624" width="46" height="17"/>
    </entry>
    <entry id="35" name="cpd:C00076" type="compound"
        link="http://www.kegg.jp/dbget-bin/www_bget?C00076">
        <graphics name="C00076" fgcolor="#000000" bgcolor="#FFFFFF"
             type="circle" x="592" y="660" width="8" height="8"/>
    </entry>
    <entry id="36" name="cpd:C00027" type="compound"
        link="http://www.kegg.jp/dbget-bin/www_bget?C00027">
        <graphics name="C00027" fgcolor="#000000" bgcolor="#FFFFFF"
             type="circle" x="692" y="660" width="8" height="8"/>
    </entry>
    <entry id="37" name="hsa:6774" type="gene"
        link="http://www.kegg.jp/dbget-bin/www_bget?hsa:6774">
        <graphics name="STAT3, APRF, HIES" fgcolor="#000000" bgcolor="#BFFFBF"
             type="rectangle" x="761" y="661" width="46" height="17"/>
    </entry>
    <entry id="49" name="path:hsa04144" type="map"
        link="http://www.kegg.jp/dbget-bin/www_bget?hsa04144">
        <graphics name="Endocytosis" fgcolor="#000000" bgcolor="#FFFFFF"
             type="roundrectangle" x="255" y="149" width="92" height="25"/>
    </entry>
    <entry id="50" name="hsa:4938 hsa:4939 hsa:4940" type="gene"
        link="http://www.kegg.jp/dbget-bin/www_bget?hsa:4938+hsa:4939+hsa:4940">
        <graphics name="OAS1, IFI-4, OIAS, OIASI..." fgcolor="#000000" bgcolor="#BFFFBF"
             type="rectangle" x="501" y="288" width="46" height="17"/>
    </entry>
    <entry id="51" name="hsa:6041" type="gene"
        link="http://www.kegg.jp/dbget-bin/www_bget?hsa:6041">
        <graphics name="RNASEL, PRCA1, RNS4" fgcolor="#000000" bgcolor="#BFFFBF"
             type="rectangle" x="621" y="288" width="46" height="17"/>
    </entry>
    <entry id="52" name="hsa:27102 hsa:440275 hsa:5610 hsa:9451" type="gene"
        link="http://www.kegg.jp/dbget-bin/www_bget?hsa:27102+hsa:440275+hsa:5610+hsa:9451">
        <graphics name="EIF2AK1, HCR, HRI..." fgcolor="#000000" bgcolor="#BFFFBF"
             type="rectangle" x="473" y="557" width="46" height="17"/>
    </entry>
    <entry id="53" name="hsa:1965" type="gene"
        link="http://www.kegg.jp/dbget-bin/www_bget?hsa:1965">
        <graphics name="EIF2S1, EIF-2, EIF-2A, EIF-2alpha, EIF2, EIF2A" fgcolor="#000000" bgcolor="#BFFFBF"
             type="rectangle" x="761" y="558" width="46" height="17"/>
    </entry>
    <entry id="54" name="hsa:3659" type="gene"
        link="http://www.kegg.jp/dbget-bin/www_bget?hsa:3659">
        <graphics name="IRF1, IRF-1, MAR" fgcolor="#000000" bgcolor="#BFFFBF"
             type="rectangle" x="761" y="510" width="46" height="17"/>
    </entry>
    <entry id="55" name="hsa:1432 hsa:5600 hsa:5603 hsa:6300" type="gene"
        link="http://www.kegg.jp/dbget-bin/www_bget?hsa:1432+hsa:5600+hsa:5603+hsa:6300">
        <graphics name="MAPK14, CSBP, CSBP1, CSBP2, CSPB1, EXIP, Mxi2, PRKM14, PRKM15, RK, SAPK2A, p38, p38ALPHA..." fgcolor="#000000" bgcolor="#BFFFBF"
             type="rectangle" x="594" y="780" width="46" height="17"/>
    </entry>
    <entry id="56" name="hsa:5594 hsa:5595" type="gene"
        link="http://www.kegg.jp/dbget-bin/www_bget?hsa:5594+hsa:5595">
        <graphics name="MAPK1, ERK, ERK2, ERT1, MAPK2, P42MAPK, PRKM1, PRKM2, p38, p40, p41, p41mapk..." fgcolor="#000000" bgcolor="#BFFFBF"
             type="rectangle" x="594" y="818" width="46" height="17"/>
    </entry>
    <entry id="57" name="hsa:3434 hsa:439996" type="gene"
        link="http://www.kegg.jp/dbget-bin/www_bget?hsa:3434+hsa:439996">
        <graphics name="IFIT1, C56, G10P1, IFI-56, IFI-56K, IFI56, IFIT-1, IFNAI1, ISG56, P56, RNM561..." fgcolor="#000000" bgcolor="#BFFFBF"
             type="rectangle" x="687" y="588" width="46" height="17"/>
    </entry>
    <entry id="58" name="hsa:3646" type="gene"
        link="http://www.kegg.jp/dbget-bin/www_bget?hsa:3646">
        <graphics name="EIF3E, EIF3-P48, EIF3S6, INT6, eIF3-p46" fgcolor="#000000" bgcolor="#BFFFBF"
             type="rectangle" x="761" y="588" width="46" height="17"/>
    </entry>
    <entry id="59" name="hsa:1956" type="gene"
        link="http://www.kegg.jp/dbget-bin/www_bget?hsa:1956">
        <graphics name="EGFR, ERBB, ERBB1, HER1, PIG61, mENA" fgcolor="#000000" bgcolor="#BFFFBF"
             type="rectangle" x="177" y="818" width="46" height="17"/>
    </entry>
    <entry id="60" name="hsa:2885" type="gene"
        link="http://www.kegg.jp/dbget-bin/www_bget?hsa:2885">
        <graphics name="GRB2, ASH, EGFRBP-GRB2, Grb3-3, MST084, MSTP084, NCKAP2" fgcolor="#000000" bgcolor="#BFFFBF"
             type="rectangle" x="244" y="818" width="46" height="17"/>
    </entry>
    <entry id="61" name="hsa:6654 hsa:6655" type="gene"
        link="http://www.kegg.jp/dbget-bin/www_bget?hsa:6654+hsa:6655">
        <graphics name="SOS1, GF1, GGF1, GINGF, HGF, NS4..." fgcolor="#000000" bgcolor="#BFFFBF"
             type="rectangle" x="311" y="818" width="46" height="17"/>
    </entry>
    <entry id="62" name="hsa:3265 hsa:3845 hsa:4893" type="gene"
        link="http://www.kegg.jp/dbget-bin/www_bget?hsa:3265+hsa:3845+hsa:4893">
        <graphics name="HRAS, C-BAS/HAS, C-H-RAS, C-HA-RAS1, CTLO, H-RASIDX, HAMSV, HRAS1, K-RAS, N-RAS, RASH1..." fgcolor="#000000" bgcolor="#BFFFBF"
             type="rectangle" x="401" y="818" width="46" height="17"/>
    </entry>
    <entry id="63" name="hsa:369 hsa:5894 hsa:673" type="gene"
        link="http://www.kegg.jp/dbget-bin/www_bget?hsa:369+hsa:5894+hsa:673">
        <graphics name="ARAF, A-RAF, ARAF1, PKS2, RAFA1..." fgcolor="#000000" bgcolor="#BFFFBF"
             type="rectangle" x="492" y="818" width="46" height="17"/>
    </entry>
    <entry id="64" name="hsa:23533 hsa:5290 hsa:5291 hsa:5293 hsa:5294 hsa:5295 hsa:5296 hsa:8503" type="gene"
        link="http://www.kegg.jp/dbget-bin/www_bget?hsa:23533+hsa:5290+hsa:5291+hsa:5293+hsa:5294+hsa:5295+hsa:5296+hsa:8503">
        <graphics name="PIK3R5, F730038I15Rik, FOAP-2, P101-PI3K, p101..." fgcolor="#000000" bgcolor="#BFFFBF"
             type="rectangle" x="311" y="858" width="46" height="17"/>
    </entry>
    <entry id="65" name="hsa:10000 hsa:207 hsa:208" type="gene"
        link="http://www.kegg.jp/dbget-bin/www_bget?hsa:10000+hsa:207+hsa:208">
        <graphics name="AKT3, MPPH, PKB-GAMMA, PKBG, PRKBG, RAC-PK-gamma, RAC-gamma, STK-2..." fgcolor="#000000" bgcolor="#BFFFBF"
             type="rectangle" x="480" y="858" width="46" height="17"/>
    </entry>
    <entry id="66" name="hsa:2932" type="gene"
        link="http://www.kegg.jp/dbget-bin/www_bget?hsa:2932">
        <graphics name="GSK3B" fgcolor="#000000" bgcolor="#BFFFBF"
             type="rectangle" x="594" y="858" width="46" height="17"/>
    </entry>
    <entry id="67" name="hsa:1950" type="gene"
        link="http://www.kegg.jp/dbget-bin/www_bget?hsa:1950">
        <graphics name="EGF, HOMG4, URG" fgcolor="#000000" bgcolor="#BFFFBF"
             type="rectangle" x="106" y="818" width="46" height="17"/>
    </entry>
    <entry id="68" name="path:hsa04010" type="map"
        link="http://www.kegg.jp/dbget-bin/www_bget?hsa04010">
        <graphics name="MAPK signaling pathway" fgcolor="#000000" bgcolor="#FFFFFF"
             type="roundrectangle" x="705" y="789" width="137" height="25"/>
    </entry>
    <entry id="69" name="hsa:7157" type="gene"
        link="http://www.kegg.jp/dbget-bin/www_bget?hsa:7157">
        <graphics name="TP53, BCC7, LFS1, P53, TRP53" fgcolor="#000000" bgcolor="#BFFFBF"
             type="rectangle" x="311" y="912" width="46" height="17"/>
    </entry>
    <entry id="70" name="hsa:1026" type="gene"
        link="http://www.kegg.jp/dbget-bin/www_bget?hsa:1026">
        <graphics name="CDKN1A, CAP20, CDKN1, CIP1, MDA-6, P21, SDI1, WAF1, p21CIP1" fgcolor="#000000" bgcolor="#BFFFBF"
             type="rectangle" x="594" y="912" width="46" height="17"/>
    </entry>
    <entry id="71" name="hsa:5599 hsa:5601 hsa:5602" type="gene"
        link="http://www.kegg.jp/dbget-bin/www_bget?hsa:5599+hsa:5601+hsa:5602">
        <graphics name="MAPK8, JNK, JNK-46, JNK1, JNK1A2, JNK21B1/2, PRKM8, SAPK1, SAPK1c..." fgcolor="#000000" bgcolor="#BFFFBF"
             type="rectangle" x="594" y="799" width="46" height="17"/>
    </entry>
    <entry id="72" name="hsa:7124" type="gene"
        link="http://www.kegg.jp/dbget-bin/www_bget?hsa:7124">
        <graphics name="TNF, DIF, TNF-alpha, TNFA, TNFSF2" fgcolor="#000000" bgcolor="#BFFFBF"
             type="rectangle" x="106" y="1021" width="46" height="17"/>
    </entry>
    <entry id="73" name="hsa:7132" type="gene"
        link="http://www.kegg.jp/dbget-bin/www_bget?hsa:7132">
        <graphics name="TNFRSF1A, CD120a, FPF, MS5, TBP1, TNF-R, TNF-R-I, TNF-R55, TNFAR, TNFR1, TNFR1-d2, TNFR55, TNFR60, p55, p55-R, p60" fgcolor="#000000" bgcolor="#BFFFBF"
             type="rectangle" x="177" y="1021" width="46" height="17"/>
    </entry>
    <entry id="74" name="hsa:8717" type="gene"
        link="http://www.kegg.jp/dbget-bin/www_bget?hsa:8717">
        <graphics name="TRADD, Hs.89862" fgcolor="#000000" bgcolor="#BFFFBF"
             type="rectangle" x="262" y="1021" width="46" height="17"/>
    </entry>
    <entry id="75" name="hsa:7186" type="gene"
        link="http://www.kegg.jp/dbget-bin/www_bget?hsa:7186">
        <graphics name="TRAF2, MGC:45012, TRAP, TRAP3" fgcolor="#000000" bgcolor="#BFFFBF"
             type="rectangle" x="262" y="1004" width="46" height="17"/>
    </entry>
    <entry id="76" name="hsa:4792" type="gene"
        link="http://www.kegg.jp/dbget-bin/www_bget?hsa:4792">
        <graphics name="NFKBIA, IKBA, MAD-3, NFKBI" fgcolor="#000000" bgcolor="#BFFFBF"
             type="rectangle" x="593" y="1013" width="46" height="17"/>
    </entry>
    <entry id="77" name="hsa:4790 hsa:5970" type="gene"
        link="http://www.kegg.jp/dbget-bin/www_bget?hsa:4790+hsa:5970">
        <graphics name="NFKB1, EBP-1, KBF1, NF-kB1, NF-kappa-B, NF-kappaB, NFKB-p105, NFKB-p50, NFkappaB, p105, p50..." fgcolor="#000000" bgcolor="#BFFFBF"
             type="rectangle" x="593" y="981" width="46" height="17"/>
    </entry>
    <entry id="78" name="hsa:10197" type="gene"
        link="http://www.kegg.jp/dbget-bin/www_bget?hsa:10197">
        <graphics name="PSME3, Ki, PA28-gamma, PA28G, PA28gamma, REG-GAMMA" fgcolor="#000000" bgcolor="#BFFFBF"
             type="rectangle" x="659" y="1139" width="46" height="17"/>
    </entry>
    <entry id="79" name="hsa:6256" type="gene"
        link="http://www.kegg.jp/dbget-bin/www_bget?hsa:6256">
        <graphics name="RXRA, NR2B1" fgcolor="#000000" bgcolor="#BFFFBF"
             type="rectangle" x="761" y="1096" width="46" height="17"/>
    </entry>
    <entry id="80" name="hsa:10062" type="gene"
        link="http://www.kegg.jp/dbget-bin/www_bget?hsa:10062">
        <graphics name="NR1H3, LXR-a, LXRA, RLD-1" fgcolor="#000000" bgcolor="#BFFFBF"
             type="rectangle" x="761" y="1113" width="46" height="17"/>
    </entry>
    <entry id="81" name="hsa:3949" type="gene"
        link="http://www.kegg.jp/dbget-bin/www_bget?hsa:3949">
        <graphics name="LDLR, FH, FHC, LDLCQ2" fgcolor="#000000" bgcolor="#BFFFBF"
             type="rectangle" x="177" y="145" width="46" height="17"/>
    </entry>
    <entry id="82" name="path:hsa04210" type="map"
        link="http://www.kegg.jp/dbget-bin/www_bget?hsa04210">
        <graphics name="Apoptosis" fgcolor="#000000" bgcolor="#FFFFFF"
             type="roundrectangle" x="758" y="909" width="92" height="25"/>
    </entry>
    <entry id="83" name="cpd:C05981" type="compound"
        link="http://www.kegg.jp/dbget-bin/www_bget?C05981">
        <graphics name="C05981" fgcolor="#000000" bgcolor="#FFFFFF"
             type="circle" x="361" y="857" width="8" height="8"/>
    </entry>
    <entry id="84" name="hsa:5170" type="gene"
        link="http://www.kegg.jp/dbget-bin/www_bget?hsa:5170">
        <graphics name="PDPK1, PDK1, PDPK2, PRO0461" fgcolor="#000000" bgcolor="#BFFFBF"
             type="rectangle" x="411" y="858" width="46" height="17"/>
    </entry>
    <entry id="85" name="hsa:572" type="gene"
        link="http://www.kegg.jp/dbget-bin/www_bget?hsa:572">
        <graphics name="BAD, BBC2, BCL2L8" fgcolor="#000000" bgcolor="#BFFFBF"
             type="rectangle" x="594" y="885" width="46" height="17"/>
    </entry>
    <entry id="86" name="hsa:6256" type="gene"
        link="http://www.kegg.jp/dbget-bin/www_bget?hsa:6256">
        <graphics name="RXRA, NR2B1" fgcolor="#000000" bgcolor="#BFFFBF"
             type="rectangle" x="761" y="1042" width="46" height="17"/>
    </entry>
    <entry id="87" name="hsa:5465" type="gene"
        link="http://www.kegg.jp/dbget-bin/www_bget?hsa:5465">
        <graphics name="PPARA, NR1C1, PPAR, PPARalpha, hPPAR" fgcolor="#000000" bgcolor="#BFFFBF"
             type="rectangle" x="761" y="1059" width="46" height="17"/>
    </entry>
    <entry id="88" name="path:hsa03320" type="map"
        link="http://www.kegg.jp/dbget-bin/www_bget?hsa03320">
        <graphics name="PPAR signaling pathway" fgcolor="#000000" bgcolor="#FFFFFF"
             type="roundrectangle" x="737" y="1009" width="136" height="25"/>
    </entry>
    <entry id="89" name="cpd:C18292" type="compound"
        link="http://www.kegg.jp/dbget-bin/www_bget?C18292">
        <graphics name="C18292" fgcolor="#000000" bgcolor="#FFFFFF"
             type="circle" x="500" y="327" width="8" height="8"/>
    </entry>
    <entry id="90" name="cpd:C18290" type="compound"
        link="http://www.kegg.jp/dbget-bin/www_bget?C18290">
        <graphics name="C18290" fgcolor="#000000" bgcolor="#FFFFFF"
             type="circle" x="634" y="357" width="8" height="8"/>
    </entry>
    <entry id="91" name="cpd:C18290 cpd:C18291" type="compound"
        link="http://www.kegg.jp/dbget-bin/www_bget?C18290+C18291">
        <graphics name="C18290..." fgcolor="#000000" bgcolor="#FFFFFF"
             type="circle" x="409" y="435" width="8" height="8"/>
    </entry>
    <entry id="92" name="cpd:C18288" type="compound"
        link="http://www.kegg.jp/dbget-bin/www_bget?C18288">
        <graphics name="C18288" fgcolor="#000000" bgcolor="#FFFFFF"
             type="circle" x="262" y="640" width="8" height="8"/>
    </entry>
    <entry id="93" name="cpd:C18292" type="compound"
        link="http://www.kegg.jp/dbget-bin/www_bget?C18292">
        <graphics name="C18292" fgcolor="#000000" bgcolor="#FFFFFF"
             type="circle" x="497" y="594" width="8" height="8"/>
    </entry>
    <entry id="94" name="cpd:C18289" type="compound"
        link="http://www.kegg.jp/dbget-bin/www_bget?C18289">
        <graphics name="C18289" fgcolor="#000000" bgcolor="#FFFFFF"
             type="circle" x="550" y="594" width="8" height="8"/>
    </entry>
    <entry id="95" name="cpd:C18290" type="compound"
        link="http://www.kegg.jp/dbget-bin/www_bget?C18290">
        <graphics name="C18290" fgcolor="#000000" bgcolor="#FFFFFF"
             type="circle" x="295" y="951" width="8" height="8"/>
    </entry>
    <entry id="96" name="cpd:C18288" type="compound"
        link="http://www.kegg.jp/dbget-bin/www_bget?C18288">
        <graphics name="C18288" fgcolor="#000000" bgcolor="#FFFFFF"
             type="circle" x="354" y="951" width="8" height="8"/>
    </entry>
    <entry id="97" name="cpd:C18288" type="compound"
        link="http://www.kegg.jp/dbget-bin/www_bget?C18288">
        <graphics name="C18288" fgcolor="#000000" bgcolor="#FFFFFF"
             type="circle" x="658" y="1095" width="8" height="8"/>
    </entry>
    <entry id="98" name="cpd:C18292" type="compound"
        link="http://www.kegg.jp/dbget-bin/www_bget?C18292">
        <graphics name="C18292" fgcolor="#000000" bgcolor="#FFFFFF"
             type="circle" x="231" y="856" width="8" height="8"/>
    </entry>
    <entry id="99" name="cpd:C18289" type="compound"
        link="http://www.kegg.jp/dbget-bin/www_bget?C18289">
        <graphics name="C18289" fgcolor="#000000" bgcolor="#FFFFFF"
             type="circle" x="91" y="193" width="8" height="8"/>
    </entry>
    <entry id="100" name="path:hsa04514" type="map"
        link="http://www.kegg.jp/dbget-bin/www_bget?hsa04514">
        <graphics name="Cell adhesion molecules (CAMs)" fgcolor="#000000" bgcolor="#FFFFFF"
             type="roundrectangle" x="145" y="275" width="126" height="25"/>
    </entry>
    <entry id="101" name="undefined" type="group">
        <graphics fgcolor="#000000" bgcolor="#FFFFFF"
             type="rectangle" x="517" y="486" width="46" height="34"/>
        <component id="15"/>
        <component id="16"/>
    </entry>
    <entry id="102" name="undefined" type="group">
        <graphics fgcolor="#000000" bgcolor="#FFFFFF"
             type="rectangle" x="177" y="713" width="46" height="34"/>
        <component id="19"/>
        <component id="20"/>
    </entry>
    <entry id="103" name="undefined" type="group">
        <graphics fgcolor="#000000" bgcolor="#FFFFFF"
             type="rectangle" x="262" y="1012" width="46" height="34"/>
        <component id="74"/>
        <component id="75"/>
    </entry>
    <entry id="104" name="undefined" type="group">
        <graphics fgcolor="#000000" bgcolor="#FFFFFF"
             type="rectangle" x="596" y="478" width="46" height="51"/>
        <component id="12"/>
        <component id="13"/>
        <component id="14"/>
    </entry>
    <entry id="105" name="undefined" type="group">
        <graphics fgcolor="#000000" bgcolor="#FFFFFF"
             type="rectangle" x="596" y="394" width="46" height="34"/>
        <component id="5"/>
        <component id="6"/>
    </entry>
    <relation entry1="2" entry2="3" type="PPrel">
        <subtype name="activation" value="--&gt;"/>
    </relation>
    <relation entry1="3" entry2="4" type="PPrel">
        <subtype name="binding/association" value="---"/>
    </relation>
    <relation entry1="9" entry2="10" type="PPrel">
        <subtype name="activation" value="--&gt;"/>
    </relation>
    <relation entry1="10" entry2="4" type="PPrel">
        <subtype name="activation" value="--&gt;"/>
    </relation>
    <relation entry1="10" entry2="101" type="PPrel">
        <subtype name="activation" value="--&gt;"/>
    </relation>
    <relation entry1="12" entry2="11" type="PPrel">
        <subtype name="activation" value="--&gt;"/>
        <subtype name="phosphorylation" value="+p"/>
    </relation>
    <relation entry1="11" entry2="8" type="PPrel">
        <subtype name="dissociation" value="-+-"/>
    </relation>
    <relation entry1="52" entry2="11" type="PPrel">
        <subtype name="activation" value="--&gt;"/>
        <subtype name="phosphorylation" value="+p"/>
        <subtype name="indirect effect" value="..&gt;"/>
    </relation>
    <relation entry1="52" entry2="54" type="PPrel">
        <subtype name="activation" value="--&gt;"/>
        <subtype name="indirect effect" value="..&gt;"/>
    </relation>
    <relation entry1="52" entry2="53" type="PPrel">
        <subtype name="activation" value="--&gt;"/>
        <subtype name="indirect effect" value="..&gt;"/>
    </relation>
    <relation entry1="57" entry2="58" type="PPrel">
        <subtype name="inhibition" value="--|"/>
    </relation>
    <relation entry1="18" entry2="102" type="PPrel">
        <subtype name="activation" value="--&gt;"/>
    </relation>
    <relation entry1="102" entry2="21" type="PPrel">
        <subtype name="binding/association" value="---"/>
    </relation>
    <relation entry1="21" entry2="22" type="PPrel">
        <subtype name="activation" value="--&gt;"/>
        <subtype name="phosphorylation" value="+p"/>
    </relation>
    <relation entry1="22" entry2="23" type="PPrel">
        <subtype name="binding/association" value="---"/>
    </relation>
    <relation entry1="28" entry2="21" type="PPrel">
        <subtype name="binding/association" value="---"/>
    </relation>
    <relation entry1="32" entry2="22" type="PPrel">
        <subtype name="inhibition" value="--|"/>
        <subtype name="indirect effect" value="..&gt;"/>
    </relation>
    <relation entry1="33" entry2="22" type="PPrel">
        <subtype name="inhibition" value="--|"/>
    </relation>
    <relation entry1="67" entry2="59" type="PPrel">
        <subtype name="activation" value="--&gt;"/>
    </relation>
    <relation entry1="59" entry2="60" type="PPrel">
        <subtype name="binding/association" value="---"/>
    </relation>
    <relation entry1="60" entry2="61" type="PPrel">
        <subtype name="binding/association" value="---"/>
    </relation>
    <relation entry1="61" entry2="62" type="PPrel">
        <subtype name="activation" value="--&gt;"/>
    </relation>
    <relation entry1="62" entry2="63" type="PPrel">
        <subtype name="activation" value="--&gt;"/>
    </relation>
    <relation entry1="63" entry2="56" type="PPrel">
        <subtype name="activation" value="--&gt;"/>
        <subtype name="phosphorylation" value="+p"/>
        <subtype name="indirect effect" value="..&gt;"/>
    </relation>
    <relation entry1="63" entry2="71" type="PPrel">
        <subtype name="activation" value="--&gt;"/>
        <subtype name="phosphorylation" value="+p"/>
        <subtype name="indirect effect" value="..&gt;"/>
    </relation>
    <relation entry1="63" entry2="55" type="PPrel">
        <subtype name="activation" value="--&gt;"/>
        <subtype name="phosphorylation" value="+p"/>
        <subtype name="indirect effect" value="..&gt;"/>
    </relation>
    <relation entry1="52" entry2="55" type="PPrel">
        <subtype name="activation" value="--&gt;"/>
        <subtype name="indirect effect" value="..&gt;"/>
    </relation>
    <relation entry1="64" entry2="84" type="ECrel">
        <subtype name="compound" value="83"/>
        <subtype name="activation" value="--&gt;"/>
    </relation>
    <relation entry1="84" entry2="65" type="PPrel">
        <subtype name="activation" value="--&gt;"/>
        <subtype name="phosphorylation" value="+p"/>
    </relation>
    <relation entry1="65" entry2="66" type="PPrel">
        <subtype name="inhibition" value="--|"/>
        <subtype name="phosphorylation" value="+p"/>
    </relation>
    <relation entry1="65" entry2="85" type="PPrel">
        <subtype name="inhibition" value="--|"/>
        <subtype name="phosphorylation" value="+p"/>
    </relation>
    <relation entry1="65" entry2="70" type="PPrel">
        <subtype name="inhibition" value="--|"/>
        <subtype name="phosphorylation" value="+p"/>
    </relation>
    <relation entry1="69" entry2="70" type="GErel">
        <subtype name="expression" value="--&gt;"/>
    </relation>
    <relation entry1="72" entry2="73" type="PPrel">
        <subtype name="activation" value="--&gt;"/>
    </relation>
    <relation entry1="73" entry2="103" type="PPrel">
        <subtype name="binding/association" value="---"/>
    </relation>
    <relation entry1="76" entry2="77" type="PPrel">
        <subtype name="dissociation" value="-+-"/>
    </relation>
    <relation entry1="36" entry2="37" type="PCrel">
        <subtype name="activation" value="--&gt;"/>
        <subtype name="indirect effect" value="..&gt;"/>
    </relation>
    <relation entry1="103" entry2="76" type="PPrel">
        <subtype name="activation" value="--&gt;"/>
        <subtype name="indirect effect" value="..&gt;"/>
    </relation>
    <relation entry1="3" entry2="104" type="PPrel">
        <subtype name="activation" value="--&gt;"/>
        <subtype name="indirect effect" value="..&gt;"/>
    </relation>
    <relation entry1="4" entry2="105" type="PPrel">
        <subtype name="activation" value="--&gt;"/>
        <subtype name="indirect effect" value="..&gt;"/>
    </relation>
    <relation entry1="15" entry2="104" type="PPrel">
        <subtype name="activation" value="--&gt;"/>
        <subtype name="indirect effect" value="..&gt;"/>
    </relation>
    <relation entry1="105" entry2="7" type="PPrel">
        <subtype name="activation" value="--&gt;"/>
        <subtype name="phosphorylation" value="+p"/>
    </relation>
</pathway>