<?xml version="1.0"?>
<!DOCTYPE pathway SYSTEM "http://www.kegg.jp/kegg/xml/KGML_v0.7.1_.dtd">
<!-- Creation date: Nov 11, 2013 11:13:57 +0900 (GMT+09:00) -->
<pathway name="path:hsa05204" org="hsa" number="05204"
         title="Chemical carcinogenesis"
         image="http://www.kegg.jp/kegg/pathway/hsa/hsa05204.png"
         link="http://www.kegg.jp/kegg-bin/show_pathway?hsa05204">
    <entry id="5" name="hsa:1543 hsa:1544 hsa:1571" type="gene"
        link="http://www.kegg.jp/dbget-bin/www_bget?hsa:1543+hsa:1544+hsa:1571">
        <graphics name="CYP1A1, AHH, AHRR, CP11, CYP1, P1-450, P450-C, P450DX..." fgcolor="#000000" bgcolor="#BFFFBF"
             type="rectangle" x="724" y="1847" width="46" height="17"/>
    </entry>
    <entry id="6" name="cpd:C14869" type="compound"
        link="http://www.kegg.jp/dbget-bin/www_bget?C14869">
        <graphics name="C14869" fgcolor="#000000" bgcolor="#FFFFFF"
             type="circle" x="1090" y="1888" width="8" height="8"/>
    </entry>
    <entry id="7" name="cpd:C06899" type="compound"
        link="http://www.kegg.jp/dbget-bin/www_bget?C06899">
        <graphics name="C06899" fgcolor="#000000" bgcolor="#FFFFFF"
             type="circle" x="880" y="1847" width="8" height="8"/>
    </entry>
    <entry id="8" name="cpd:C07490" type="compound"
        link="http://www.kegg.jp/dbget-bin/www_bget?C07490">
        <graphics name="C07490" fgcolor="#000000" bgcolor="#FFFFFF"
             type="circle" x="983" y="1888" width="8" height="8"/>
    </entry>
    <entry id="9" name="cpd:C11150" type="compound"
        link="http://www.kegg.jp/dbget-bin/www_bget?C11150">
        <graphics name="C11150" fgcolor="#000000" bgcolor="#FFFFFF"
             type="circle" x="983" y="1807" width="8" height="8"/>
    </entry>
    <entry id="10" name="cpd:C11149" type="compound"
        link="http://www.kegg.jp/dbget-bin/www_bget?C11149">
        <graphics name="C11149" fgcolor="#000000" bgcolor="#FFFFFF"
             type="circle" x="983" y="1763" width="8" height="8"/>
    </entry>
    <entry id="11" name="cpd:C14867" type="compound"
        link="http://www.kegg.jp/dbget-bin/www_bget?C14867">
        <graphics name="C14867" fgcolor="#000000" bgcolor="#FFFFFF"
             type="circle" x="855" y="1763" width="8" height="8"/>
    </entry>
    <entry id="12" name="cpd:C14866" type="compound"
        link="http://www.kegg.jp/dbget-bin/www_bget?C14866">
        <graphics name="C14866" fgcolor="#000000" bgcolor="#FFFFFF"
             type="circle" x="788" y="1847" width="8" height="8"/>
    </entry>
    <entry id="13" name="cpd:C14868" type="compound"
        link="http://www.kegg.jp/dbget-bin/www_bget?C14868">
        <graphics name="C14868" fgcolor="#000000" bgcolor="#FFFFFF"
             type="circle" x="765" y="1931" width="8" height="8"/>
    </entry>
    <entry id="14" name="hsa:10720 hsa:10941 hsa:54490 hsa:54575 hsa:54576 hsa:54577 hsa:54578 hsa:54579 hsa:54600 hsa:54657 hsa:54658 hsa:54659 hsa:574537 hsa:7363 hsa:7364 hsa:7365 hsa:7366 hsa:7367 hsa:79799" type="gene"
        link="http://www.kegg.jp/dbget-bin/www_bget?hsa:10720+hsa:10941+hsa:54490+hsa:54575+hsa:54576+hsa:54577+hsa:54578+hsa:54579+hsa:54600+hsa:54657+hsa:54658+hsa:54659+hsa:574537+hsa:7363+hsa:7364+hsa:7365+hsa:7366+hsa:7367+hsa:79799">
        <graphics name="UGT2B11..." fgcolor="#000000" bgcolor="#BFFFBF"
             type="rectangle" x="1038" y="1889" width="46" height="17"/>
    </entry>
    <entry id="15" name="hsa:218 hsa:220 hsa:221 hsa:222" type="gene"
        link="http://www.kegg.jp/dbget-bin/www_bget?hsa:218+hsa:220+hsa:221+hsa:222">
        <graphics name="ALDH3A1, ALDH3, ALDHIII..." fgcolor="#000000" bgcolor="#BFFFBF"
             type="rectangle" x="928" y="1810" width="46" height="17"/>
    </entry>
    <entry id="16" name="hsa:124 hsa:125 hsa:126 hsa:127 hsa:128 hsa:130 hsa:131" type="gene"
        link="http://www.kegg.jp/dbget-bin/www_bget?hsa:124+hsa:125+hsa:126+hsa:127+hsa:128+hsa:130+hsa:131">
        <graphics name="ADH1A, ADH1..." fgcolor="#000000" bgcolor="#BFFFBF"
             type="rectangle" x="928" y="1889" width="46" height="17"/>
    </entry>
    <entry id="17" name="hsa:119391 hsa:221357 hsa:2938 hsa:2939 hsa:2940 hsa:2941 hsa:2944 hsa:2946 hsa:2947 hsa:2948 hsa:2949 hsa:2950 hsa:2952 hsa:2953 hsa:373156 hsa:4257 hsa:4258 hsa:4259 hsa:653689 hsa:9446" type="gene"
        link="http://www.kegg.jp/dbget-bin/www_bget?hsa:119391+hsa:221357+hsa:2938+hsa:2939+hsa:2940+hsa:2941+hsa:2944+hsa:2946+hsa:2947+hsa:2948+hsa:2949+hsa:2950+hsa:2952+hsa:2953+hsa:373156+hsa:4257+hsa:4258+hsa:4259+hsa:653689+hsa:9446">
        <graphics name="GSTO2, GSTO_2-2, bA127L20.1..." fgcolor="#000000" bgcolor="#BFFFBF"
             type="rectangle" x="708" y="1934" width="46" height="17"/>
    </entry>
    <entry id="18" name="path:hsa05204" type="map"
        link="http://www.kegg.jp/dbget-bin/www_bget?hsa05204">
        <graphics name="TITLE:Chemical carcinogenesis" fgcolor="#000000" bgcolor="#FFFFFF"
             type="roundrectangle" x="159" y="58" width="237" height="25"/>
    </entry>
    <entry id="19" name="cpd:C11148" type="compound"
        link="http://www.kegg.jp/dbget-bin/www_bget?C11148">
        <graphics name="C11148" fgcolor="#000000" bgcolor="#FFFFFF"
             type="circle" x="788" y="1763" width="8" height="8"/>
    </entry>
    <entry id="21" name="cpd:C19586" type="compound"
        link="http://www.kegg.jp/dbget-bin/www_bget?C19586">
        <graphics name="C19586" fgcolor="#000000" bgcolor="#FFFFFF"
             type="circle" x="310" y="1178" width="8" height="8"/>
    </entry>
    <entry id="22" name="hsa:1544 hsa:1576" type="gene"
        link="http://www.kegg.jp/dbget-bin/www_bget?hsa:1544+hsa:1576">
        <graphics name="CYP1A2, CP12, P3-450, P450(PA)..." fgcolor="#000000" bgcolor="#BFFFBF"
             type="rectangle" x="236" y="1179" width="46" height="17"/>
    </entry>
    <entry id="23" name="hsa:1543 hsa:1545" type="gene"
        link="http://www.kegg.jp/dbget-bin/www_bget?hsa:1543+hsa:1545">
        <graphics name="CYP1A1, AHH, AHRR, CP11, CYP1, P1-450, P450-C, P450DX..." fgcolor="#000000" bgcolor="#BFFFBF"
             type="rectangle" x="406" y="481" width="46" height="17"/>
    </entry>
    <entry id="24" name="hsa:1543 hsa:1545" type="gene"
        link="http://www.kegg.jp/dbget-bin/www_bget?hsa:1543+hsa:1545">
        <graphics name="CYP1A1, AHH, AHRR, CP11, CYP1, P1-450, P450-C, P450DX..." fgcolor="#000000" bgcolor="#BFFFBF"
             type="rectangle" x="348" y="432" width="46" height="17"/>
    </entry>
    <entry id="25" name="hsa:1543 hsa:1545 hsa:1557 hsa:1558 hsa:1559 hsa:1562 hsa:1576" type="gene"
        link="http://www.kegg.jp/dbget-bin/www_bget?hsa:1543+hsa:1545+hsa:1557+hsa:1558+hsa:1559+hsa:1562+hsa:1576">
        <graphics name="CYP1A1, AHH, AHRR, CP11, CYP1, P1-450, P450-C, P450DX..." fgcolor="#000000" bgcolor="#BFFFBF"
             type="rectangle" x="131" y="482" width="46" height="17"/>
    </entry>
    <entry id="26" name="cpd:C14853" type="compound"
        link="http://www.kegg.jp/dbget-bin/www_bget?C14853">
        <graphics name="C14853" fgcolor="#000000" bgcolor="#FFFFFF"
             type="circle" x="466" y="481" width="8" height="8"/>
    </entry>
    <entry id="27" name="cpd:C14854" type="compound"
        link="http://www.kegg.jp/dbget-bin/www_bget?C14854">
        <graphics name="C14854" fgcolor="#000000" bgcolor="#FFFFFF"
             type="circle" x="402" y="431" width="8" height="8"/>
    </entry>
    <entry id="28" name="cpd:C14856" type="compound"
        link="http://www.kegg.jp/dbget-bin/www_bget?C14856">
        <graphics name="C14856" fgcolor="#000000" bgcolor="#FFFFFF"
             type="circle" x="356" y="546" width="8" height="8"/>
    </entry>
    <entry id="29" name="cpd:C14855" type="compound"
        link="http://www.kegg.jp/dbget-bin/www_bget?C14855">
        <graphics name="C14855" fgcolor="#000000" bgcolor="#FFFFFF"
             type="circle" x="304" y="547" width="8" height="8"/>
    </entry>
    <entry id="30" name="cpd:C14852" type="compound"
        link="http://www.kegg.jp/dbget-bin/www_bget?C14852">
        <graphics name="C14852" fgcolor="#000000" bgcolor="#FFFFFF"
             type="circle" x="356" y="481" width="8" height="8"/>
    </entry>
    <entry id="31" name="cpd:C07535" type="compound"
        link="http://www.kegg.jp/dbget-bin/www_bget?C07535">
        <graphics name="C07535" fgcolor="#000000" bgcolor="#FFFFFF"
             type="circle" x="73" y="481" width="8" height="8"/>
    </entry>
    <entry id="32" name="cpd:C14851" type="compound"
        link="http://www.kegg.jp/dbget-bin/www_bget?C14851">
        <graphics name="C14851" fgcolor="#000000" bgcolor="#FFFFFF"
             type="circle" x="204" y="495" width="8" height="8"/>
    </entry>
    <entry id="33" name="cpd:C14850" type="compound"
        link="http://www.kegg.jp/dbget-bin/www_bget?C14850">
        <graphics name="C14850" fgcolor="#000000" bgcolor="#FFFFFF"
             type="circle" x="204" y="481" width="8" height="8"/>
    </entry>
    <entry id="34" name="cpd:C14849" type="compound"
        link="http://www.kegg.jp/dbget-bin/www_bget?C14849">
        <graphics name="C14849" fgcolor="#000000" bgcolor="#FFFFFF"
             type="circle" x="204" y="467" width="8" height="8"/>
    </entry>
    <entry id="35" name="cpd:C14556" type="compound"
        link="http://www.kegg.jp/dbget-bin/www_bget?C14556">
        <graphics name="C14556" fgcolor="#000000" bgcolor="#FFFFFF"
             type="circle" x="305" y="431" width="8" height="8"/>
    </entry>
    <entry id="36" name="hsa:119391 hsa:221357 hsa:2938 hsa:2939 hsa:2940 hsa:2941 hsa:2944 hsa:2946 hsa:2947 hsa:2948 hsa:2949 hsa:2950 hsa:2952 hsa:2953 hsa:373156 hsa:4257 hsa:4258 hsa:4259 hsa:653689 hsa:9446" type="gene"
        link="http://www.kegg.jp/dbget-bin/www_bget?hsa:119391+hsa:221357+hsa:2938+hsa:2939+hsa:2940+hsa:2941+hsa:2944+hsa:2946+hsa:2947+hsa:2948+hsa:2949+hsa:2950+hsa:2952+hsa:2953+hsa:373156+hsa:4257+hsa:4258+hsa:4259+hsa:653689+hsa:9446">
        <graphics name="GSTO2, GSTO_2-2, bA127L20.1..." fgcolor="#000000" bgcolor="#BFFFBF"
             type="rectangle" x="357" y="509" width="46" height="17"/>
    </entry>
    <entry id="37" name="hsa:119391 hsa:221357 hsa:2938 hsa:2939 hsa:2940 hsa:2941 hsa:2944 hsa:2946 hsa:2947 hsa:2948 hsa:2949 hsa:2950 hsa:2952 hsa:2953 hsa:373156 hsa:4257 hsa:4258 hsa:4259 hsa:653689 hsa:9446" type="gene"
        link="http://www.kegg.jp/dbget-bin/www_bget?hsa:119391+hsa:221357+hsa:2938+hsa:2939+hsa:2940+hsa:2941+hsa:2944+hsa:2946+hsa:2947+hsa:2948+hsa:2949+hsa:2950+hsa:2952+hsa:2953+hsa:373156+hsa:4257+hsa:4258+hsa:4259+hsa:653689+hsa:9446">
        <graphics name="GSTO2, GSTO_2-2, bA127L20.1..." fgcolor="#000000" bgcolor="#BFFFBF"
             type="rectangle" x="251" y="547" width="46" height="17"/>
    </entry>
    <entry id="38" name="hsa:2052" type="gene"
        link="http://www.kegg.jp/dbget-bin/www_bget?hsa:2052">
        <graphics name="EPHX1, EPHX, EPOX, HYL1, MEH" fgcolor="#000000" bgcolor="#BFFFBF"
             type="rectangle" x="300" y="482" width="46" height="17"/>
    </entry>
    <entry id="39" name="hsa:1543 hsa:1545" type="gene"
        link="http://www.kegg.jp/dbget-bin/www_bget?hsa:1543+hsa:1545">
        <graphics name="CYP1A1, AHH, AHRR, CP11, CYP1, P1-450, P450-C, P450DX..." fgcolor="#000000" bgcolor="#BFFFBF"
             type="rectangle" x="736" y="526" width="46" height="17"/>
    </entry>
    <entry id="40" name="hsa:2052" type="gene"
        link="http://www.kegg.jp/dbget-bin/www_bget?hsa:2052">
        <graphics name="EPHX1, EPHX, EPOX, HYL1, MEH" fgcolor="#000000" bgcolor="#BFFFBF"
             type="rectangle" x="842" y="526" width="46" height="17"/>
    </entry>
    <entry id="41" name="hsa:6822" type="gene"
        link="http://www.kegg.jp/dbget-bin/www_bget?hsa:6822">
        <graphics name="SULT2A1, DHEA-ST, DHEAS, HST, ST2, ST2A1, ST2A3, STD, hSTa" fgcolor="#000000" bgcolor="#BFFFBF"
             type="rectangle" x="892" y="579" width="46" height="17"/>
    </entry>
    <entry id="42" name="cpd:C19561" type="compound"
        link="http://www.kegg.jp/dbget-bin/www_bget?C19561">
        <graphics name="C19561" fgcolor="#000000" bgcolor="#FFFFFF"
             type="circle" x="828" y="578" width="8" height="8"/>
    </entry>
    <entry id="43" name="cpd:C19489" type="compound"
        link="http://www.kegg.jp/dbget-bin/www_bget?C19489">
        <graphics name="C19489" fgcolor="#000000" bgcolor="#FFFFFF"
             type="circle" x="794" y="525" width="8" height="8"/>
    </entry>
    <entry id="44" name="cpd:C19490" type="compound"
        link="http://www.kegg.jp/dbget-bin/www_bget?C19490">
        <graphics name="C19490" fgcolor="#000000" bgcolor="#FFFFFF"
             type="circle" x="908" y="525" width="8" height="8"/>
    </entry>
    <entry id="45" name="cpd:C19559" type="compound"
        link="http://www.kegg.jp/dbget-bin/www_bget?C19559">
        <graphics name="C19559" fgcolor="#000000" bgcolor="#FFFFFF"
             type="circle" x="1022" y="525" width="8" height="8"/>
    </entry>
    <entry id="46" name="cpd:C19562" type="compound"
        link="http://www.kegg.jp/dbget-bin/www_bget?C19562">
        <graphics name="C19562" fgcolor="#000000" bgcolor="#FFFFFF"
             type="circle" x="967" y="578" width="8" height="8"/>
    </entry>
    <entry id="47" name="cpd:C19488" type="compound"
        link="http://www.kegg.jp/dbget-bin/www_bget?C19488">
        <graphics name="C19488" fgcolor="#000000" bgcolor="#FFFFFF"
             type="circle" x="690" y="578" width="8" height="8"/>
    </entry>
    <entry id="48" name="hsa:1543 hsa:1545" type="gene"
        link="http://www.kegg.jp/dbget-bin/www_bget?hsa:1543+hsa:1545">
        <graphics name="CYP1A1, AHH, AHRR, CP11, CYP1, P1-450, P450-C, P450DX..." fgcolor="#000000" bgcolor="#BFFFBF"
             type="rectangle" x="736" y="579" width="46" height="17"/>
    </entry>
    <entry id="49" name="hsa:1543 hsa:1545" type="gene"
        link="http://www.kegg.jp/dbget-bin/www_bget?hsa:1543+hsa:1545">
        <graphics name="CYP1A1, AHH, AHRR, CP11, CYP1, P1-450, P450-C, P450DX..." fgcolor="#000000" bgcolor="#BFFFBF"
             type="rectangle" x="961" y="525" width="46" height="17"/>
    </entry>
    <entry id="50" name="cpd:C16453" type="compound"
        link="http://www.kegg.jp/dbget-bin/www_bget?C16453">
        <graphics name="C16453" fgcolor="#000000" bgcolor="#FFFFFF"
             type="circle" x="170" y="1455" width="8" height="8"/>
    </entry>
    <entry id="51" name="cpd:C19566" type="compound"
        link="http://www.kegg.jp/dbget-bin/www_bget?C19566">
        <graphics name="C19566" fgcolor="#000000" bgcolor="#FFFFFF"
             type="circle" x="308" y="1455" width="8" height="8"/>
    </entry>
    <entry id="52" name="cpd:C19567" type="compound"
        link="http://www.kegg.jp/dbget-bin/www_bget?C19567">
        <graphics name="C19567" fgcolor="#000000" bgcolor="#FFFFFF"
             type="circle" x="427" y="1455" width="8" height="8"/>
    </entry>
    <entry id="53" name="cpd:C19568" type="compound"
        link="http://www.kegg.jp/dbget-bin/www_bget?C19568">
        <graphics name="C19568" fgcolor="#000000" bgcolor="#FFFFFF"
             type="circle" x="384" y="1498" width="8" height="8"/>
    </entry>
    <entry id="54" name="cpd:C19563" type="compound"
        link="http://www.kegg.jp/dbget-bin/www_bget?C19563">
        <graphics name="C19563" fgcolor="#000000" bgcolor="#FFFFFF"
             type="circle" x="312" y="1332" width="8" height="8"/>
    </entry>
    <entry id="55" name="cpd:C19564" type="compound"
        link="http://www.kegg.jp/dbget-bin/www_bget?C19564">
        <graphics name="C19564" fgcolor="#000000" bgcolor="#FFFFFF"
             type="circle" x="428" y="1332" width="8" height="8"/>
    </entry>
    <entry id="56" name="cpd:C19565" type="compound"
        link="http://www.kegg.jp/dbget-bin/www_bget?C19565">
        <graphics name="C19565" fgcolor="#000000" bgcolor="#FFFFFF"
             type="circle" x="541" y="1332" width="8" height="8"/>
    </entry>
    <entry id="57" name="cpd:C19569" type="compound"
        link="http://www.kegg.jp/dbget-bin/www_bget?C19569">
        <graphics name="C19569" fgcolor="#000000" bgcolor="#FFFFFF"
             type="circle" x="541" y="1456" width="8" height="8"/>
    </entry>
    <entry id="59" name="hsa:3290" type="gene"
        link="http://www.kegg.jp/dbget-bin/www_bget?hsa:3290">
        <graphics name="HSD11B1, 11-DH, 11-beta-HSD1, CORTRD2, HDL, HSD11, HSD11B, HSD11L, SDR26C1" fgcolor="#000000" bgcolor="#BFFFBF"
             type="rectangle" x="195" y="1487" width="46" height="17"/>
    </entry>
    <entry id="60" name="cpd:C19574" type="compound"
        link="http://www.kegg.jp/dbget-bin/www_bget?C19574">
        <graphics name="C19574" fgcolor="#000000" bgcolor="#FFFFFF"
             type="circle" x="170" y="1542" width="8" height="8"/>
    </entry>
    <entry id="61" name="cpd:C19577" type="compound"
        link="http://www.kegg.jp/dbget-bin/www_bget?C19577">
        <graphics name="C19577" fgcolor="#000000" bgcolor="#FFFFFF"
             type="circle" x="307" y="1542" width="8" height="8"/>
    </entry>
    <entry id="62" name="cpd:C19578" type="compound"
        link="http://www.kegg.jp/dbget-bin/www_bget?C19578">
        <graphics name="C19578" fgcolor="#000000" bgcolor="#FFFFFF"
             type="circle" x="427" y="1542" width="8" height="8"/>
    </entry>
    <entry id="63" name="cpd:C19580" type="compound"
        link="http://www.kegg.jp/dbget-bin/www_bget?C19580">
        <graphics name="C19580" fgcolor="#000000" bgcolor="#FFFFFF"
             type="circle" x="307" y="1629" width="8" height="8"/>
    </entry>
    <entry id="64" name="cpd:C19581" type="compound"
        link="http://www.kegg.jp/dbget-bin/www_bget?C19581">
        <graphics name="C19581" fgcolor="#000000" bgcolor="#FFFFFF"
             type="circle" x="427" y="1629" width="8" height="8"/>
    </entry>
    <entry id="65" name="cpd:C19582" type="compound"
        link="http://www.kegg.jp/dbget-bin/www_bget?C19582">
        <graphics name="C19582" fgcolor="#000000" bgcolor="#FFFFFF"
             type="circle" x="540" y="1629" width="8" height="8"/>
    </entry>
    <entry id="66" name="cpd:C19579" type="compound"
        link="http://www.kegg.jp/dbget-bin/www_bget?C19579">
        <graphics name="C19579" fgcolor="#000000" bgcolor="#FFFFFF"
             type="circle" x="540" y="1542" width="8" height="8"/>
    </entry>
    <entry id="67" name="hsa:1646" type="gene"
        link="http://www.kegg.jp/dbget-bin/www_bget?hsa:1646">
        <graphics name="AKR1C2, AKR1C-pseudo, BABP, DD, DD2, DDH2, HAKRD, HBAB, MCDR2, SRXY8, TDD" fgcolor="#000000" bgcolor="#BFFFBF"
             type="rectangle" x="145" y="1487" width="46" height="17"/>
    </entry>
    <entry id="68" name="hsa:873" type="gene"
        link="http://www.kegg.jp/dbget-bin/www_bget?hsa:873">
        <graphics name="CBR1, CBR, SDR21C1, hCBR1" fgcolor="#000000" bgcolor="#BFFFBF"
             type="rectangle" x="170" y="1506" width="46" height="17"/>
    </entry>
    <entry id="69" name="cpd:C19602" type="compound"
        link="http://www.kegg.jp/dbget-bin/www_bget?C19602">
        <graphics name="C19602" fgcolor="#000000" bgcolor="#FFFFFF"
             type="circle" x="277" y="1371" width="8" height="8"/>
    </entry>
    <entry id="70" name="cpd:C19603" type="compound"
        link="http://www.kegg.jp/dbget-bin/www_bget?C19603">
        <graphics name="C19603" fgcolor="#000000" bgcolor="#FFFFFF"
             type="circle" x="276" y="1591" width="8" height="8"/>
    </entry>
    <entry id="71" name="cpd:C19605" type="compound"
        link="http://www.kegg.jp/dbget-bin/www_bget?C19605">
        <graphics name="C19605" fgcolor="#000000" bgcolor="#FFFFFF"
             type="circle" x="268" y="1683" width="8" height="8"/>
    </entry>
    <entry id="72" name="hsa:10720 hsa:10941 hsa:54490 hsa:54575 hsa:54576 hsa:54577 hsa:54578 hsa:54579 hsa:54600 hsa:54657 hsa:54658 hsa:54659 hsa:574537 hsa:7363 hsa:7364 hsa:7365 hsa:7366 hsa:7367 hsa:79799" type="gene"
        link="http://www.kegg.jp/dbget-bin/www_bget?hsa:10720+hsa:10941+hsa:54490+hsa:54575+hsa:54576+hsa:54577+hsa:54578+hsa:54579+hsa:54600+hsa:54657+hsa:54658+hsa:54659+hsa:574537+hsa:7363+hsa:7364+hsa:7365+hsa:7366+hsa:7367+hsa:79799">
        <graphics name="UGT2B11..." fgcolor="#000000" bgcolor="#BFFFBF"
             type="rectangle" x="213" y="1691" width="46" height="17"/>
    </entry>
    <entry id="73" name="cpd:C19606" type="compound"
        link="http://www.kegg.jp/dbget-bin/www_bget?C19606">
        <graphics name="C19606" fgcolor="#000000" bgcolor="#FFFFFF"
             type="circle" x="268" y="1696" width="8" height="8"/>
    </entry>
    <entry id="74" name="hsa:1548 hsa:1553" type="gene"
        link="http://www.kegg.jp/dbget-bin/www_bget?hsa:1548+hsa:1553">
        <graphics name="CYP2A6, CPA6, CYP2A, CYP2A3, CYPIIA6, P450C2A, P450PB..." fgcolor="#000000" bgcolor="#BFFFBF"
             type="rectangle" x="234" y="1333" width="46" height="17"/>
    </entry>
    <entry id="75" name="hsa:1548 hsa:1553" type="gene"
        link="http://www.kegg.jp/dbget-bin/www_bget?hsa:1548+hsa:1553">
        <graphics name="CYP2A6, CPA6, CYP2A, CYP2A3, CYPIIA6, P450C2A, P450PB..." fgcolor="#000000" bgcolor="#BFFFBF"
             type="rectangle" x="233" y="1455" width="46" height="17"/>
    </entry>
    <entry id="76" name="hsa:1548 hsa:1553" type="gene"
        link="http://www.kegg.jp/dbget-bin/www_bget?hsa:1548+hsa:1553">
        <graphics name="CYP2A6, CPA6, CYP2A, CYP2A3, CYPIIA6, P450C2A, P450PB..." fgcolor="#000000" bgcolor="#BFFFBF"
             type="rectangle" x="233" y="1543" width="46" height="17"/>
    </entry>
    <entry id="77" name="hsa:1548 hsa:1553" type="gene"
        link="http://www.kegg.jp/dbget-bin/www_bget?hsa:1548+hsa:1553">
        <graphics name="CYP2A6, CPA6, CYP2A, CYP2A3, CYPIIA6, P450C2A, P450PB..." fgcolor="#000000" bgcolor="#BFFFBF"
             type="rectangle" x="233" y="1631" width="46" height="17"/>
    </entry>
    <entry id="78" name="cpd:C06800" type="compound"
        link="http://www.kegg.jp/dbget-bin/www_bget?C06800">
        <graphics name="C06800" fgcolor="#000000" bgcolor="#FFFFFF"
             type="circle" x="173" y="1178" width="8" height="8"/>
    </entry>
    <entry id="80" name="cpd:C06790" type="compound"
        link="http://www.kegg.jp/dbget-bin/www_bget?C06790">
        <graphics name="C06790" fgcolor="#000000" bgcolor="#FFFFFF"
             type="circle" x="657" y="1847" width="8" height="8"/>
    </entry>
    <entry id="81" name="hsa:1543 hsa:1544 hsa:1571" type="gene"
        link="http://www.kegg.jp/dbget-bin/www_bget?hsa:1543+hsa:1544+hsa:1571">
        <graphics name="CYP1A1, AHH, AHRR, CP11, CYP1, P1-450, P450-C, P450DX..." fgcolor="#000000" bgcolor="#BFFFBF"
             type="rectangle" x="724" y="1764" width="46" height="17"/>
    </entry>
    <entry id="82" name="cpd:C07122" type="compound"
        link="http://www.kegg.jp/dbget-bin/www_bget?C07122">
        <graphics name="C07122" fgcolor="#000000" bgcolor="#FFFFFF"
             type="circle" x="866" y="705" width="8" height="8"/>
    </entry>
    <entry id="83" name="cpd:C07641" type="compound"
        link="http://www.kegg.jp/dbget-bin/www_bget?C07641">
        <graphics name="C07641" fgcolor="#000000" bgcolor="#FFFFFF"
             type="circle" x="866" y="753" width="8" height="8"/>
    </entry>
    <entry id="84" name="hsa:10" type="gene"
        link="http://www.kegg.jp/dbget-bin/www_bget?hsa:10">
        <graphics name="NAT2, AAC2, NAT-2, PNAT" fgcolor="#000000" bgcolor="#BFFFBF"
             type="rectangle" x="184" y="162" width="46" height="17"/>
    </entry>
    <entry id="85" name="hsa:1544" type="gene"
        link="http://www.kegg.jp/dbget-bin/www_bget?hsa:1544">
        <graphics name="CYP1A2, CP12, P3-450, P450(PA)" fgcolor="#000000" bgcolor="#BFFFBF"
             type="rectangle" x="184" y="215" width="46" height="17"/>
    </entry>
    <entry id="86" name="hsa:9" type="gene"
        link="http://www.kegg.jp/dbget-bin/www_bget?hsa:9">
        <graphics name="NAT1, AAC1, MNAT, NAT-1, NATI" fgcolor="#000000" bgcolor="#BFFFBF"
             type="rectangle" x="316" y="215" width="46" height="17"/>
    </entry>
    <entry id="87" name="cpd:C10998" type="compound"
        link="http://www.kegg.jp/dbget-bin/www_bget?C10998">
        <graphics name="C10998" fgcolor="#000000" bgcolor="#FFFFFF"
             type="circle" x="100" y="213" width="8" height="8"/>
    </entry>
    <entry id="88" name="cpd:C20285" type="compound"
        link="http://www.kegg.jp/dbget-bin/www_bget?C20285">
        <graphics name="C20285" fgcolor="#000000" bgcolor="#FFFFFF"
             type="circle" x="248" y="161" width="8" height="8"/>
    </entry>
    <entry id="89" name="cpd:C03622" type="compound"
        link="http://www.kegg.jp/dbget-bin/www_bget?C03622">
        <graphics name="C03622" fgcolor="#000000" bgcolor="#FFFFFF"
             type="circle" x="248" y="214" width="8" height="8"/>
    </entry>
    <entry id="90" name="cpd:C03621" type="compound"
        link="http://www.kegg.jp/dbget-bin/www_bget?C03621">
        <graphics name="C03621" fgcolor="#000000" bgcolor="#FFFFFF"
             type="circle" x="378" y="214" width="8" height="8"/>
    </entry>
    <entry id="91" name="cpd:C16038" type="compound"
        link="http://www.kegg.jp/dbget-bin/www_bget?C16038">
        <graphics name="C16038" fgcolor="#000000" bgcolor="#FFFFFF"
             type="circle" x="688" y="143" width="8" height="8"/>
    </entry>
    <entry id="92" name="cpd:C20286" type="compound"
        link="http://www.kegg.jp/dbget-bin/www_bget?C20286">
        <graphics name="C20286" fgcolor="#000000" bgcolor="#FFFFFF"
             type="circle" x="812" y="144" width="8" height="8"/>
    </entry>
    <entry id="93" name="cpd:C20287" type="compound"
        link="http://www.kegg.jp/dbget-bin/www_bget?C20287">
        <graphics name="C20287" fgcolor="#000000" bgcolor="#FFFFFF"
             type="circle" x="936" y="145" width="8" height="8"/>
    </entry>
    <entry id="94" name="cpd:C20288" type="compound"
        link="http://www.kegg.jp/dbget-bin/www_bget?C20288">
        <graphics name="C20288" fgcolor="#000000" bgcolor="#FFFFFF"
             type="circle" x="937" y="187" width="8" height="8"/>
    </entry>
    <entry id="95" name="hsa:1544" type="gene"
        link="http://www.kegg.jp/dbget-bin/www_bget?hsa:1544">
        <graphics name="CYP1A2, CP12, P3-450, P450(PA)" fgcolor="#000000" bgcolor="#BFFFBF"
             type="rectangle" x="755" y="145" width="46" height="17"/>
    </entry>
    <entry id="96" name="hsa:10" type="gene"
        link="http://www.kegg.jp/dbget-bin/www_bget?hsa:10">
        <graphics name="NAT2, AAC2, NAT-2, PNAT" fgcolor="#000000" bgcolor="#BFFFBF"
             type="rectangle" x="871" y="146" width="46" height="17"/>
    </entry>
    <entry id="97" name="hsa:445329 hsa:6799 hsa:6817 hsa:6818" type="gene"
        link="http://www.kegg.jp/dbget-bin/www_bget?hsa:445329+hsa:6799+hsa:6817+hsa:6818">
        <graphics name="SULT1A4, HAST3, M-PST, ST1A3/ST1A4, TL-PST..." fgcolor="#000000" bgcolor="#BFFFBF"
             type="rectangle" x="871" y="188" width="46" height="17"/>
    </entry>
    <entry id="98" name="cpd:C19180" type="compound"
        link="http://www.kegg.jp/dbget-bin/www_bget?C19180">
        <graphics name="C19180" fgcolor="#000000" bgcolor="#FFFFFF"
             type="circle" x="687" y="260" width="8" height="8"/>
    </entry>
    <entry id="99" name="cpd:C20290" type="compound"
        link="http://www.kegg.jp/dbget-bin/www_bget?C20290">
        <graphics name="C20290" fgcolor="#000000" bgcolor="#FFFFFF"
             type="circle" x="937" y="260" width="8" height="8"/>
    </entry>
    <entry id="100" name="cpd:C20289" type="compound"
        link="http://www.kegg.jp/dbget-bin/www_bget?C20289">
        <graphics name="C20289" fgcolor="#000000" bgcolor="#FFFFFF"
             type="circle" x="812" y="260" width="8" height="8"/>
    </entry>
    <entry id="101" name="cpd:C19255" type="compound"
        link="http://www.kegg.jp/dbget-bin/www_bget?C19255">
        <graphics name="C19255" fgcolor="#000000" bgcolor="#FFFFFF"
             type="circle" x="690" y="326" width="8" height="8"/>
    </entry>
    <entry id="102" name="cpd:C20293" type="compound"
        link="http://www.kegg.jp/dbget-bin/www_bget?C20293">
        <graphics name="C20293" fgcolor="#000000" bgcolor="#FFFFFF"
             type="circle" x="934" y="327" width="8" height="8"/>
    </entry>
    <entry id="103" name="hsa:1544" type="gene"
        link="http://www.kegg.jp/dbget-bin/www_bget?hsa:1544">
        <graphics name="CYP1A2, CP12, P3-450, P450(PA)" fgcolor="#000000" bgcolor="#BFFFBF"
             type="rectangle" x="758" y="260" width="46" height="17"/>
    </entry>
    <entry id="104" name="hsa:1544" type="gene"
        link="http://www.kegg.jp/dbget-bin/www_bget?hsa:1544">
        <graphics name="CYP1A2, CP12, P3-450, P450(PA)" fgcolor="#000000" bgcolor="#BFFFBF"
             type="rectangle" x="758" y="326" width="46" height="17"/>
    </entry>
    <entry id="105" name="hsa:10" type="gene"
        link="http://www.kegg.jp/dbget-bin/www_bget?hsa:10">
        <graphics name="NAT2, AAC2, NAT-2, PNAT" fgcolor="#000000" bgcolor="#BFFFBF"
             type="rectangle" x="871" y="326" width="46" height="17"/>
    </entry>
    <entry id="106" name="cpd:C20291" type="compound"
        link="http://www.kegg.jp/dbget-bin/www_bget?C20291">
        <graphics name="C20291" fgcolor="#000000" bgcolor="#FFFFFF"
             type="circle" x="812" y="327" width="8" height="8"/>
    </entry>
    <entry id="107" name="hsa:1543 hsa:1551 hsa:1576 hsa:1577 hsa:64816" type="gene"
        link="http://www.kegg.jp/dbget-bin/www_bget?hsa:1543+hsa:1551+hsa:1576+hsa:1577+hsa:64816">
        <graphics name="CYP1A1, AHH, AHRR, CP11, CYP1, P1-450, P450-C, P450DX..." fgcolor="#000000" bgcolor="#BFFFBF"
             type="rectangle" x="183" y="711" width="46" height="17"/>
    </entry>
    <entry id="108" name="hsa:1543 hsa:1551 hsa:1576 hsa:1577 hsa:64816" type="gene"
        link="http://www.kegg.jp/dbget-bin/www_bget?hsa:1543+hsa:1551+hsa:1576+hsa:1577+hsa:64816">
        <graphics name="CYP1A1, AHH, AHRR, CP11, CYP1, P1-450, P450-C, P450DX..." fgcolor="#000000" bgcolor="#BFFFBF"
             type="rectangle" x="183" y="760" width="46" height="17"/>
    </entry>
    <entry id="109" name="hsa:1543 hsa:1551 hsa:1576 hsa:1577 hsa:64816" type="gene"
        link="http://www.kegg.jp/dbget-bin/www_bget?hsa:1543+hsa:1551+hsa:1576+hsa:1577+hsa:64816">
        <graphics name="CYP1A1, AHH, AHRR, CP11, CYP1, P1-450, P450-C, P450DX..." fgcolor="#000000" bgcolor="#BFFFBF"
             type="rectangle" x="183" y="814" width="46" height="17"/>
    </entry>
    <entry id="110" name="cpd:C19525" type="compound"
        link="http://www.kegg.jp/dbget-bin/www_bget?C19525">
        <graphics name="C19525" fgcolor="#000000" bgcolor="#FFFFFF"
             type="circle" x="111" y="757" width="8" height="8"/>
    </entry>
    <entry id="111" name="cpd:C20284" type="compound"
        link="http://www.kegg.jp/dbget-bin/www_bget?C20284">
        <graphics name="C20284" fgcolor="#000000" bgcolor="#FFFFFF"
             type="circle" x="252" y="682" width="8" height="8"/>
    </entry>
    <entry id="112" name="cpd:C03012" type="compound"
        link="http://www.kegg.jp/dbget-bin/www_bget?C03012">
        <graphics name="C03012" fgcolor="#000000" bgcolor="#FFFFFF"
             type="circle" x="276" y="709" width="8" height="8"/>
    </entry>
    <entry id="113" name="cpd:C14783" type="compound"
        link="http://www.kegg.jp/dbget-bin/www_bget?C14783">
        <graphics name="C14783" fgcolor="#000000" bgcolor="#FFFFFF"
             type="circle" x="401" y="710" width="8" height="8"/>
    </entry>
    <entry id="114" name="cpd:C20281" type="compound"
        link="http://www.kegg.jp/dbget-bin/www_bget?C20281">
        <graphics name="C20281" fgcolor="#000000" bgcolor="#FFFFFF"
             type="circle" x="276" y="758" width="8" height="8"/>
    </entry>
    <entry id="115" name="cpd:C20283" type="compound"
        link="http://www.kegg.jp/dbget-bin/www_bget?C20283">
        <graphics name="C20283" fgcolor="#000000" bgcolor="#FFFFFF"
             type="circle" x="401" y="759" width="8" height="8"/>
    </entry>
    <entry id="116" name="cpd:C20280" type="compound"
        link="http://www.kegg.jp/dbget-bin/www_bget?C20280">
        <graphics name="C20280" fgcolor="#000000" bgcolor="#FFFFFF"
             type="circle" x="276" y="814" width="8" height="8"/>
    </entry>
    <entry id="117" name="cpd:C20282" type="compound"
        link="http://www.kegg.jp/dbget-bin/www_bget?C20282">
        <graphics name="C20282" fgcolor="#000000" bgcolor="#FFFFFF"
             type="circle" x="403" y="814" width="8" height="8"/>
    </entry>
    <entry id="118" name="cpd:C19161" type="compound"
        link="http://www.kegg.jp/dbget-bin/www_bget?C19161">
        <graphics name="C19161" fgcolor="#000000" bgcolor="#FFFFFF"
             type="circle" x="125" y="971" width="8" height="8"/>
    </entry>
    <entry id="119" name="cpd:C20294" type="compound"
        link="http://www.kegg.jp/dbget-bin/www_bget?C20294">
        <graphics name="C20294" fgcolor="#000000" bgcolor="#FFFFFF"
             type="circle" x="184" y="971" width="8" height="8"/>
    </entry>
    <entry id="120" name="cpd:C20295" type="compound"
        link="http://www.kegg.jp/dbget-bin/www_bget?C20295">
        <graphics name="C20295" fgcolor="#000000" bgcolor="#FFFFFF"
             type="circle" x="245" y="971" width="8" height="8"/>
    </entry>
    <entry id="121" name="cpd:C19368" type="compound"
        link="http://www.kegg.jp/dbget-bin/www_bget?C19368">
        <graphics name="C19368" fgcolor="#000000" bgcolor="#FFFFFF"
             type="circle" x="307" y="971" width="8" height="8"/>
    </entry>
    <entry id="122" name="cpd:C16844" type="compound"
        link="http://www.kegg.jp/dbget-bin/www_bget?C16844">
        <graphics name="C16844" fgcolor="#000000" bgcolor="#FFFFFF"
             type="circle" x="137" y="1043" width="8" height="8"/>
    </entry>
    <entry id="123" name="cpd:C16844" type="compound"
        link="http://www.kegg.jp/dbget-bin/www_bget?C16844">
        <graphics name="C16844" fgcolor="#000000" bgcolor="#FFFFFF"
             type="circle" x="196" y="1044" width="8" height="8"/>
    </entry>
    <entry id="124" name="cpd:C16844" type="compound"
        link="http://www.kegg.jp/dbget-bin/www_bget?C16844">
        <graphics name="C16844" fgcolor="#000000" bgcolor="#FFFFFF"
             type="circle" x="258" y="1044" width="8" height="8"/>
    </entry>
    <entry id="125" name="cpd:C20296" type="compound"
        link="http://www.kegg.jp/dbget-bin/www_bget?C20296">
        <graphics name="C20296" fgcolor="#000000" bgcolor="#FFFFFF"
             type="circle" x="690" y="992" width="8" height="8"/>
    </entry>
    <entry id="126" name="cpd:C20298" type="compound"
        link="http://www.kegg.jp/dbget-bin/www_bget?C20298">
        <graphics name="C20298" fgcolor="#000000" bgcolor="#FFFFFF"
             type="circle" x="784" y="994" width="8" height="8"/>
    </entry>
    <entry id="127" name="cpd:C16844" type="compound"
        link="http://www.kegg.jp/dbget-bin/www_bget?C16844">
        <graphics name="C16844" fgcolor="#000000" bgcolor="#FFFFFF"
             type="circle" x="718" y="1064" width="8" height="8"/>
    </entry>
    <entry id="128" name="cpd:C14527" type="compound"
        link="http://www.kegg.jp/dbget-bin/www_bget?C14527">
        <graphics name="C14527" fgcolor="#000000" bgcolor="#FFFFFF"
             type="circle" x="884" y="983" width="8" height="8"/>
    </entry>
    <entry id="129" name="cpd:C20300" type="compound"
        link="http://www.kegg.jp/dbget-bin/www_bget?C20300">
        <graphics name="C20300" fgcolor="#000000" bgcolor="#FFFFFF"
             type="circle" x="884" y="1008" width="8" height="8"/>
    </entry>
    <entry id="130" name="cpd:C14704" type="compound"
        link="http://www.kegg.jp/dbget-bin/www_bget?C14704">
        <graphics name="C14704" fgcolor="#000000" bgcolor="#FFFFFF"
             type="circle" x="765" y="1594" width="8" height="8"/>
    </entry>
    <entry id="131" name="cpd:C20301" type="compound"
        link="http://www.kegg.jp/dbget-bin/www_bget?C20301">
        <graphics name="C20301" fgcolor="#000000" bgcolor="#FFFFFF"
             type="circle" x="877" y="1594" width="8" height="8"/>
    </entry>
    <entry id="132" name="cpd:C19568" type="compound"
        link="http://www.kegg.jp/dbget-bin/www_bget?C19568">
        <graphics name="C19568" fgcolor="#000000" bgcolor="#FFFFFF"
             type="circle" x="942" y="1594" width="8" height="8"/>
    </entry>
    <entry id="133" name="cpd:C20306" type="compound"
        link="http://www.kegg.jp/dbget-bin/www_bget?C20306">
        <graphics name="C20306" fgcolor="#000000" bgcolor="#FFFFFF"
             type="circle" x="1007" y="1594" width="8" height="8"/>
    </entry>
    <entry id="134" name="cpd:C20302" type="compound"
        link="http://www.kegg.jp/dbget-bin/www_bget?C20302">
        <graphics name="C20302" fgcolor="#000000" bgcolor="#FFFFFF"
             type="circle" x="1071" y="1594" width="8" height="8"/>
    </entry>
    <entry id="135" name="hsa:1571" type="gene"
        link="http://www.kegg.jp/dbget-bin/www_bget?hsa:1571">
        <graphics name="CYP2E1, CPE1, CYP2E, P450-J, P450C2E" fgcolor="#000000" bgcolor="#BFFFBF"
             type="rectangle" x="823" y="1597" width="46" height="17"/>
    </entry>
    <entry id="136" name="cpd:C06548" type="compound"
        link="http://www.kegg.jp/dbget-bin/www_bget?C06548">
        <graphics name="C06548" fgcolor="#000000" bgcolor="#FFFFFF"
             type="circle" x="128" y="1789" width="8" height="8"/>
    </entry>
    <entry id="137" name="cpd:C06793" type="compound"
        link="http://www.kegg.jp/dbget-bin/www_bget?C06793">
        <graphics name="C06793" fgcolor="#000000" bgcolor="#FFFFFF"
             type="circle" x="127" y="1880" width="8" height="8"/>
    </entry>
    <entry id="138" name="cpd:C20303" type="compound"
        link="http://www.kegg.jp/dbget-bin/www_bget?C20303">
        <graphics name="C20303" fgcolor="#000000" bgcolor="#FFFFFF"
             type="circle" x="241" y="1882" width="8" height="8"/>
    </entry>
    <entry id="139" name="hsa:1571" type="gene"
        link="http://www.kegg.jp/dbget-bin/www_bget?hsa:1571">
        <graphics name="CYP2E1, CPE1, CYP2E, P450-J, P450C2E" fgcolor="#000000" bgcolor="#BFFFBF"
             type="rectangle" x="190" y="1882" width="46" height="17"/>
    </entry>
    <entry id="140" name="hsa:119391 hsa:221357 hsa:2938 hsa:2939 hsa:2940 hsa:2941 hsa:2944 hsa:2946 hsa:2947 hsa:2948 hsa:2949 hsa:2950 hsa:2952 hsa:2953 hsa:373156 hsa:4257 hsa:4258 hsa:4259 hsa:653689 hsa:9446" type="gene"
        link="http://www.kegg.jp/dbget-bin/www_bget?hsa:119391+hsa:221357+hsa:2938+hsa:2939+hsa:2940+hsa:2941+hsa:2944+hsa:2946+hsa:2947+hsa:2948+hsa:2949+hsa:2950+hsa:2952+hsa:2953+hsa:373156+hsa:4257+hsa:4258+hsa:4259+hsa:653689+hsa:9446">
        <graphics name="GSTO2, GSTO_2-2, bA127L20.1..." fgcolor="#000000" bgcolor="#BFFFBF"
             type="rectangle" x="203" y="2054" width="46" height="17"/>
    </entry>
    <entry id="141" name="hsa:1571" type="gene"
        link="http://www.kegg.jp/dbget-bin/www_bget?hsa:1571">
        <graphics name="CYP2E1, CPE1, CYP2E, P450-J, P450C2E" fgcolor="#000000" bgcolor="#BFFFBF"
             type="rectangle" x="213" y="2101" width="46" height="17"/>
    </entry>
    <entry id="142" name="cpd:C06752" type="compound"
        link="http://www.kegg.jp/dbget-bin/www_bget?C06752">
        <graphics name="C06752" fgcolor="#000000" bgcolor="#FFFFFF"
             type="circle" x="151" y="2101" width="8" height="8"/>
    </entry>
    <entry id="143" name="cpd:C20304" type="compound"
        link="http://www.kegg.jp/dbget-bin/www_bget?C20304">
        <graphics name="C20304" fgcolor="#000000" bgcolor="#FFFFFF"
             type="circle" x="266" y="2053" width="8" height="8"/>
    </entry>
    <entry id="144" name="cpd:C06547" type="compound"
        link="http://www.kegg.jp/dbget-bin/www_bget?C06547">
        <graphics name="C06547" fgcolor="#000000" bgcolor="#FFFFFF"
             type="circle" x="266" y="2011" width="8" height="8"/>
    </entry>
    <entry id="145" name="cpd:C14874" type="compound"
        link="http://www.kegg.jp/dbget-bin/www_bget?C14874">
        <graphics name="C14874" fgcolor="#000000" bgcolor="#FFFFFF"
             type="circle" x="381" y="2053" width="8" height="8"/>
    </entry>
    <entry id="146" name="cpd:C20305" type="compound"
        link="http://www.kegg.jp/dbget-bin/www_bget?C20305">
        <graphics name="C20305" fgcolor="#000000" bgcolor="#FFFFFF"
             type="circle" x="275" y="2101" width="8" height="8"/>
    </entry>
    <entry id="147" name="cpd:C06754" type="compound"
        link="http://www.kegg.jp/dbget-bin/www_bget?C06754">
        <graphics name="C06754" fgcolor="#000000" bgcolor="#FFFFFF"
             type="circle" x="378" y="2101" width="8" height="8"/>
    </entry>
    <entry id="148" name="cpd:C19164" type="compound"
        link="http://www.kegg.jp/dbget-bin/www_bget?C19164">
        <graphics name="C19164" fgcolor="#000000" bgcolor="#FFFFFF"
             type="circle" x="851" y="2053" width="8" height="8"/>
    </entry>
    <entry id="149" name="hsa:5743" type="gene"
        link="http://www.kegg.jp/dbget-bin/www_bget?hsa:5743">
        <graphics name="PTGS2, COX-2, COX2, GRIPGHS, PGG/HS, PGHS-2, PHS-2, hCox-2" fgcolor="#000000" bgcolor="#BFFFBF"
             type="rectangle" x="318" y="866" width="46" height="17"/>
    </entry>
    <entry id="150" name="path:hsa05221" type="map"
        link="http://www.kegg.jp/dbget-bin/www_bget?hsa05221">
        <graphics name="Acute myeloid leukemia" fgcolor="#000000" bgcolor="#FFFFFF"
             type="roundrectangle" x="1114" y="792" width="104" height="34"/>
    </entry>
    <entry id="151" name="path:hsa05219" type="map"
        link="http://www.kegg.jp/dbget-bin/www_bget?hsa05219">
        <graphics name="Bladder cancer" fgcolor="#000000" bgcolor="#FFFFFF"
             type="roundrectangle" x="664" y="803" width="104" height="25"/>
    </entry>
    <entry id="152" name="path:hsa05219" type="map"
        link="http://www.kegg.jp/dbget-bin/www_bget?hsa05219">
        <graphics name="Bladder cancer" fgcolor="#000000" bgcolor="#FFFFFF"
             type="roundrectangle" x="561" y="288" width="104" height="25"/>
    </entry>
    <entry id="153" name="path:hsa05215" type="map"
        link="http://www.kegg.jp/dbget-bin/www_bget?hsa05215">
        <graphics name="Prostate cancer" fgcolor="#000000" bgcolor="#FFFFFF"
             type="roundrectangle" x="1205" y="133" width="104" height="25"/>
    </entry>
    <entry id="154" name="path:hsa05210" type="map"
        link="http://www.kegg.jp/dbget-bin/www_bget?hsa05210">
        <graphics name="Colorectal cancer" fgcolor="#000000" bgcolor="#FFFFFF"
             type="roundrectangle" x="1204" y="203" width="104" height="25"/>
    </entry>
    <entry id="155" name="path:hsa05217" type="map"
        link="http://www.kegg.jp/dbget-bin/www_bget?hsa05217">
        <graphics name="Basal cell carcinoma" fgcolor="#000000" bgcolor="#FFFFFF"
             type="roundrectangle" x="791" y="416" width="128" height="25"/>
    </entry>
    <entry id="156" name="path:hsa05218" type="map"
        link="http://www.kegg.jp/dbget-bin/www_bget?hsa05218">
        <graphics name="Melanoma" fgcolor="#000000" bgcolor="#FFFFFF"
             type="roundrectangle" x="924" y="415" width="124" height="25"/>
    </entry>
    <entry id="157" name="path:hsa05217" type="map"
        link="http://www.kegg.jp/dbget-bin/www_bget?hsa05217">
        <graphics name="Basal cell carcinoma" fgcolor="#000000" bgcolor="#FFFFFF"
             type="roundrectangle" x="1205" y="978" width="143" height="25"/>
    </entry>
    <entry id="158" name="path:hsa05218" type="map"
        link="http://www.kegg.jp/dbget-bin/www_bget?hsa05218">
        <graphics name="Melanoma" fgcolor="#000000" bgcolor="#FFFFFF"
             type="roundrectangle" x="1206" y="1010" width="143" height="25"/>
    </entry>
    <entry id="159" name="path:hsa05223" type="map"
        link="http://www.kegg.jp/dbget-bin/www_bget?hsa05223">
        <graphics name="Non-small cell lung cancer" fgcolor="#000000" bgcolor="#FFFFFF"
             type="roundrectangle" x="794" y="452" width="113" height="34"/>
    </entry>
    <entry id="160" name="path:hsa05222" type="map"
        link="http://www.kegg.jp/dbget-bin/www_bget?hsa05222">
        <graphics name="Small cell lung cancer" fgcolor="#000000" bgcolor="#FFFFFF"
             type="roundrectangle" x="926" y="452" width="113" height="34"/>
    </entry>
    <entry id="161" name="path:hsa05223" type="map"
        link="http://www.kegg.jp/dbget-bin/www_bget?hsa05223">
        <graphics name="Non-small cell lung cancer" fgcolor="#000000" bgcolor="#FFFFFF"
             type="roundrectangle" x="470" y="1006" width="113" height="34"/>
    </entry>
    <entry id="162" name="path:hsa05222" type="map"
        link="http://www.kegg.jp/dbget-bin/www_bget?hsa05222">
        <graphics name="Small cell lung cancer" fgcolor="#000000" bgcolor="#FFFFFF"
             type="roundrectangle" x="591" y="1006" width="113" height="34"/>
    </entry>
    <entry id="163" name="path:hsa05223" type="map"
        link="http://www.kegg.jp/dbget-bin/www_bget?hsa05223">
        <graphics name="Non-small cell lung cancer" fgcolor="#000000" bgcolor="#FFFFFF"
             type="roundrectangle" x="743" y="1185" width="113" height="34"/>
    </entry>
    <entry id="164" name="path:hsa05222" type="map"
        link="http://www.kegg.jp/dbget-bin/www_bget?hsa05222">
        <graphics name="Small cell lung cancer" fgcolor="#000000" bgcolor="#FFFFFF"
             type="roundrectangle" x="865" y="1185" width="113" height="34"/>
    </entry>
    <entry id="165" name="path:hsa05223" type="map"
        link="http://www.kegg.jp/dbget-bin/www_bget?hsa05223">
        <graphics name="Non-small cell lung cancer" fgcolor="#000000" bgcolor="#FFFFFF"
             type="roundrectangle" x="843" y="1456" width="113" height="34"/>
    </entry>
    <entry id="166" name="path:hsa05222" type="map"
        link="http://www.kegg.jp/dbget-bin/www_bget?hsa05222">
        <graphics name="Small cell lung cancer" fgcolor="#000000" bgcolor="#FFFFFF"
             type="roundrectangle" x="965" y="1456" width="113" height="34"/>
    </entry>
    <entry id="167" name="path:hsa05223" type="map"
        link="http://www.kegg.jp/dbget-bin/www_bget?hsa05223">
        <graphics name="Non-small cell lung cancer" fgcolor="#000000" bgcolor="#FFFFFF"
             type="roundrectangle" x="668" y="2114" width="113" height="34"/>
    </entry>
    <entry id="168" name="path:hsa05222" type="map"
        link="http://www.kegg.jp/dbget-bin/www_bget?hsa05222">
        <graphics name="Small cell lung cancer" fgcolor="#000000" bgcolor="#FFFFFF"
             type="roundrectangle" x="790" y="2114" width="113" height="34"/>
    </entry>
    <entry id="169" name="cpd:C20319" type="compound"
        link="http://www.kegg.jp/dbget-bin/www_bget?C20319">
        <graphics name="C20319" fgcolor="#000000" bgcolor="#FFFFFF"
             type="circle" x="247" y="308" width="8" height="8"/>
    </entry>
    <entry id="170" name="cpd:C20316" type="compound"
        link="http://www.kegg.jp/dbget-bin/www_bget?C20316">
        <graphics name="C20316" fgcolor="#000000" bgcolor="#FFFFFF"
             type="circle" x="377" y="309" width="8" height="8"/>
    </entry>
    <entry id="171" name="cpd:C00027" type="compound"
        link="http://www.kegg.jp/dbget-bin/www_bget?C00027">
        <graphics name="C00027" fgcolor="#000000" bgcolor="#FFFFFF"
             type="circle" x="317" y="263" width="8" height="8"/>
    </entry>
    <entry id="172" name="path:hsa05221" type="map"
        link="http://www.kegg.jp/dbget-bin/www_bget?hsa05221">
        <graphics name="Acute myeloid leukemia" fgcolor="#000000" bgcolor="#FFFFFF"
             type="roundrectangle" x="551" y="1789" width="104" height="34"/>
    </entry>
    <entry id="173" name="cpd:C20317" type="compound"
        link="http://www.kegg.jp/dbget-bin/www_bget?C20317">
        <graphics name="C20317" fgcolor="#000000" bgcolor="#FFFFFF"
             type="circle" x="856" y="1932" width="8" height="8"/>
    </entry>
    <entry id="174" name="cpd:C20318" type="compound"
        link="http://www.kegg.jp/dbget-bin/www_bget?C20318">
        <graphics name="C20318" fgcolor="#000000" bgcolor="#FFFFFF"
             type="circle" x="948" y="1933" width="8" height="8"/>
    </entry>
    <entry id="175" name="path:hsa00980" type="map"
        link="http://www.kegg.jp/dbget-bin/www_bget?hsa00980">
        <graphics name="Metabolism of xenobiotics by cytochrome P450" fgcolor="#000000" bgcolor="#FFFFFF"
             type="roundrectangle" x="908" y="1291" width="158" height="34"/>
    </entry>
    <entry id="176" name="hsa:10 hsa:9" type="gene"
        link="http://www.kegg.jp/dbget-bin/www_bget?hsa:10+hsa:9">
        <graphics name="NAT2, AAC2, NAT-2, PNAT..." fgcolor="#000000" bgcolor="#BFFFBF"
             type="rectangle" x="871" y="259" width="46" height="17"/>
    </entry>
    <entry id="177" name="cpd:C00027" type="compound"
        link="http://www.kegg.jp/dbget-bin/www_bget?C00027">
        <graphics name="C00027" fgcolor="#000000" bgcolor="#FFFFFF"
             type="circle" x="163" y="1070" width="8" height="8"/>
    </entry>
    <entry id="178" name="cpd:C00027" type="compound"
        link="http://www.kegg.jp/dbget-bin/www_bget?C00027">
        <graphics name="C00027" fgcolor="#000000" bgcolor="#FFFFFF"
             type="circle" x="222" y="1070" width="8" height="8"/>
    </entry>
    <entry id="179" name="cpd:C00027" type="compound"
        link="http://www.kegg.jp/dbget-bin/www_bget?C00027">
        <graphics name="C00027" fgcolor="#000000" bgcolor="#FFFFFF"
             type="circle" x="285" y="1070" width="8" height="8"/>
    </entry>
    <entry id="180" name="cpd:C00027" type="compound"
        link="http://www.kegg.jp/dbget-bin/www_bget?C00027">
        <graphics name="C00027" fgcolor="#000000" bgcolor="#FFFFFF"
             type="circle" x="753" y="1074" width="8" height="8"/>
    </entry>
    <entry id="181" name="hsa:56267 hsa:883" type="gene"
        link="http://www.kegg.jp/dbget-bin/www_bget?hsa:56267+hsa:883">
        <graphics name="CCBL2, KAT3, KATIII, RP4-531M19.2..." fgcolor="#000000" bgcolor="#BFFFBF"
             type="rectangle" x="893" y="1933" width="46" height="17"/>
    </entry>
    <entry id="182" name="hsa:405" type="gene"
        link="http://www.kegg.jp/dbget-bin/www_bget?hsa:405">
        <graphics name="ARNT, HIF-1-beta, HIF-1beta, HIF1-beta, HIF1B, HIF1BETA, TANGO, bHLHe2" fgcolor="#000000" bgcolor="#BFFFBF"
             type="rectangle" x="139" y="604" width="46" height="17"/>
    </entry>
    <entry id="183" name="hsa:1139" type="gene"
        link="http://www.kegg.jp/dbget-bin/www_bget?hsa:1139">
        <graphics name="CHRNA7, CHRNA7-2, NACHRA7" fgcolor="#000000" bgcolor="#BFFFBF"
             type="rectangle" x="338" y="1399" width="46" height="17"/>
    </entry>
    <relation entry1="25" entry2="38" type="ECrel">
        <subtype name="compound" value="33"/>
    </relation>
    <relation entry1="25" entry2="37" type="ECrel">
        <subtype name="compound" value="32"/>
    </relation>
    <relation entry1="23" entry2="38" type="ECrel">
        <subtype name="compound" value="30"/>
    </relation>
    <relation entry1="36" entry2="38" type="ECrel">
        <subtype name="compound" value="30"/>
    </relation>
    <relation entry1="23" entry2="36" type="ECrel">
        <subtype name="compound" value="30"/>
    </relation>
    <relation entry1="5" entry2="17" type="ECrel">
        <subtype name="compound" value="80"/>
    </relation>
    <relation entry1="15" entry2="16" type="ECrel">
        <subtype name="compound" value="7"/>
    </relation>
    <relation entry1="14" entry2="16" type="ECrel">
        <subtype name="compound" value="8"/>
    </relation>
    <relation entry1="67" entry2="75" type="ECrel">
        <subtype name="compound" value="50"/>
    </relation>
    <relation entry1="59" entry2="75" type="ECrel">
        <subtype name="compound" value="50"/>
    </relation>
    <relation entry1="68" entry2="75" type="ECrel">
        <subtype name="compound" value="50"/>
    </relation>
    <relation entry1="74" entry2="59" type="ECrel">
        <subtype name="compound" value="50"/>
    </relation>
    <relation entry1="74" entry2="68" type="ECrel">
        <subtype name="compound" value="50"/>
    </relation>
    <relation entry1="74" entry2="67" type="ECrel">
        <subtype name="compound" value="50"/>
    </relation>
    <relation entry1="68" entry2="76" type="ECrel">
        <subtype name="compound" value="60"/>
    </relation>
    <relation entry1="68" entry2="77" type="ECrel">
        <subtype name="compound" value="60"/>
    </relation>
    <relation entry1="68" entry2="72" type="ECrel">
        <subtype name="compound" value="60"/>
    </relation>
    <relation entry1="59" entry2="76" type="ECrel">
        <subtype name="compound" value="60"/>
    </relation>
    <relation entry1="59" entry2="77" type="ECrel">
        <subtype name="compound" value="60"/>
    </relation>
    <relation entry1="59" entry2="72" type="ECrel">
        <subtype name="compound" value="60"/>
    </relation>
    <relation entry1="67" entry2="76" type="ECrel">
        <subtype name="compound" value="60"/>
    </relation>
    <relation entry1="67" entry2="77" type="ECrel">
        <subtype name="compound" value="60"/>
    </relation>
    <relation entry1="67" entry2="72" type="ECrel">
        <subtype name="compound" value="60"/>
    </relation>
    <relation entry1="76" entry2="72" type="ECrel">
        <subtype name="compound" value="60"/>
    </relation>
    <relation entry1="77" entry2="72" type="ECrel">
        <subtype name="compound" value="60"/>
    </relation>
    <relation entry1="39" entry2="48" type="ECrel">
        <subtype name="compound" value="47"/>
    </relation>
    <relation entry1="39" entry2="40" type="ECrel">
        <subtype name="compound" value="43"/>
    </relation>
    <relation entry1="40" entry2="49" type="ECrel">
        <subtype name="compound" value="44"/>
    </relation>
    <relation entry1="48" entry2="41" type="ECrel">
        <subtype name="compound" value="42"/>
    </relation>
    <relation entry1="31" entry2="182" type="PCrel">
        <subtype name="activation" value="--&gt;"/>
    </relation>
    <relation entry1="50" entry2="183" type="PCrel">
        <subtype name="activation" value="--&gt;"/>
    </relation>
</pathway>