<?xml version="1.0"?>
<!DOCTYPE pathway SYSTEM "http://www.kegg.jp/kegg/xml/KGML_v0.7.1_.dtd">
<!-- Creation date: Nov 18, 2013 14:13:46 +0900 (GMT+09:00) -->
<pathway name="path:hsa05416" org="hsa" number="05416"
         title="Viral myocarditis"
         image="http://www.kegg.jp/kegg/pathway/hsa/hsa05416.png"
         link="http://www.kegg.jp/kegg-bin/show_pathway?hsa05416">
    <entry id="1" name="hsa:6444" type="gene"
        link="http://www.kegg.jp/dbget-bin/www_bget?hsa:6444">
        <graphics name="SGCD, 35DAG, CMD1L, DAGD, SG-delta, SGCDP, SGD" fgcolor="#000000" bgcolor="#BFFFBF"
             type="rectangle" x="609" y="225" width="46" height="17"/>
    </entry>
    <entry id="3" name="path:hsa04260" type="map"
        link="http://www.kegg.jp/dbget-bin/www_bget?hsa04260">
        <graphics name="Cardiac muscle contraction" fgcolor="#000000" bgcolor="#FFFFFF"
             type="roundrectangle" x="1052" y="423" width="118" height="34"/>
    </entry>
    <entry id="4" name="hsa:6445" type="gene"
        link="http://www.kegg.jp/dbget-bin/www_bget?hsa:6445">
        <graphics name="SGCG, A4, DAGA4, DMDA, DMDA1, LGMD2C, MAM, SCARMD2, SCG3, TYPE" fgcolor="#000000" bgcolor="#BFFFBF"
             type="rectangle" x="655" y="225" width="46" height="17"/>
    </entry>
    <entry id="5" name="hsa:6443" type="gene"
        link="http://www.kegg.jp/dbget-bin/www_bget?hsa:6443">
        <graphics name="SGCB, A3b, LGMD2E, SGC" fgcolor="#000000" bgcolor="#BFFFBF"
             type="rectangle" x="746" y="225" width="46" height="17"/>
    </entry>
    <entry id="6" name="hsa:6442" type="gene"
        link="http://www.kegg.jp/dbget-bin/www_bget?hsa:6442">
        <graphics name="SGCA, 50-DAG, A2, ADL, DAG2, DMDA2, LGMD2D, SCARMD1, adhalin" fgcolor="#000000" bgcolor="#BFFFBF"
             type="rectangle" x="700" y="225" width="46" height="17"/>
    </entry>
    <entry id="7" name="hsa:1605" type="gene"
        link="http://www.kegg.jp/dbget-bin/www_bget?hsa:1605">
        <graphics name="DAG1, 156DAG, A3a, AGRNR, DAG, MDDGC7, MDDGC9" fgcolor="#000000" bgcolor="#BFFFBF"
             type="rectangle" x="790" y="178" width="46" height="17"/>
    </entry>
    <entry id="8" name="hsa:1605" type="gene"
        link="http://www.kegg.jp/dbget-bin/www_bget?hsa:1605">
        <graphics name="DAG1, 156DAG, A3a, AGRNR, DAG, MDDGC7, MDDGC9" fgcolor="#000000" bgcolor="#BFFFBF"
             type="rectangle" x="791" y="225" width="46" height="17"/>
    </entry>
    <entry id="9" name="hsa:3908" type="gene"
        link="http://www.kegg.jp/dbget-bin/www_bget?hsa:3908">
        <graphics name="LAMA2, LAMM" fgcolor="#000000" bgcolor="#BFFFBF"
             type="rectangle" x="791" y="139" width="46" height="17"/>
    </entry>
    <entry id="10" name="path:hsa04512" type="map"
        link="http://www.kegg.jp/dbget-bin/www_bget?hsa04512">
        <graphics name="ECM-receptor interaction" fgcolor="#000000" bgcolor="#FFFFFF"
             type="roundrectangle" x="687" y="157" width="118" height="34"/>
    </entry>
    <entry id="11" name="hsa:1756" type="gene"
        link="http://www.kegg.jp/dbget-bin/www_bget?hsa:1756">
        <graphics name="DMD, BMD, CMD3B, DXS142, DXS164, DXS206, DXS230, DXS239, DXS268, DXS269, DXS270, DXS272" fgcolor="#000000" bgcolor="#BFFFBF"
             type="rectangle" x="774" y="299" width="46" height="17"/>
    </entry>
    <entry id="13" name="hsa:1981 hsa:1982 hsa:8672" type="gene"
        link="http://www.kegg.jp/dbget-bin/www_bget?hsa:1981+hsa:1982+hsa:8672">
        <graphics name="EIF4G1, EIF-4G1, EIF4F, EIF4G, EIF4GI, P220, PARK18..." fgcolor="#000000" bgcolor="#BFFFBF"
             type="rectangle" x="771" y="500" width="46" height="17"/>
    </entry>
    <entry id="14" name="hsa:1525" type="gene"
        link="http://www.kegg.jp/dbget-bin/www_bget?hsa:1525">
        <graphics name="CXADR, CAR, CAR4/6, HCAR" fgcolor="#000000" bgcolor="#BFFFBF"
             type="rectangle" x="413" y="225" width="46" height="17"/>
    </entry>
    <entry id="15" name="hsa:1604" type="gene"
        link="http://www.kegg.jp/dbget-bin/www_bget?hsa:1604">
        <graphics name="CD55, CR, CROM, DAF, TC" fgcolor="#000000" bgcolor="#BFFFBF"
             type="rectangle" x="503" y="225" width="46" height="17"/>
    </entry>
    <entry id="16" name="path:hsa03050" type="map"
        link="http://www.kegg.jp/dbget-bin/www_bget?hsa03050">
        <graphics name="Proteasome" fgcolor="#000000" bgcolor="#FFFFFF"
             type="roundrectangle" x="704" y="592" width="118" height="25"/>
    </entry>
    <entry id="17" name="hsa:595" type="gene"
        link="http://www.kegg.jp/dbget-bin/www_bget?hsa:595">
        <graphics name="CCND1, BCL1, D11S287E, PRAD1, U21B31" fgcolor="#000000" bgcolor="#BFFFBF"
             type="rectangle" x="588" y="556" width="46" height="17"/>
    </entry>
    <entry id="18" name="path:hsa04612" type="map"
        link="http://www.kegg.jp/dbget-bin/www_bget?hsa04612">
        <graphics name="Antigen processing and presentation" fgcolor="#000000" bgcolor="#FFFFFF"
             type="roundrectangle" x="157" y="143" width="118" height="34"/>
    </entry>
    <entry id="19" name="hsa:958" type="gene"
        link="http://www.kegg.jp/dbget-bin/www_bget?hsa:958">
        <graphics name="CD40, Bp50, CDW40, TNFRSF5, p50" fgcolor="#000000" bgcolor="#BFFFBF"
             type="rectangle" x="174" y="253" width="46" height="17"/>
    </entry>
    <entry id="20" name="hsa:100507709 hsa:100507714 hsa:100509457 hsa:101060835 hsa:3108 hsa:3109 hsa:3111 hsa:3112 hsa:3113 hsa:3115 hsa:3117 hsa:3118 hsa:3119 hsa:3122 hsa:3123 hsa:3125 hsa:3126 hsa:3127" type="gene"
        link="http://www.kegg.jp/dbget-bin/www_bget?hsa:100507709+hsa:100507714+hsa:100509457+hsa:101060835+hsa:3108+hsa:3109+hsa:3111+hsa:3112+hsa:3113+hsa:3115+hsa:3117+hsa:3118+hsa:3119+hsa:3122+hsa:3123+hsa:3125+hsa:3126+hsa:3127">
        <graphics name="100507709..." fgcolor="#000000" bgcolor="#BFFFBF"
             type="rectangle" x="228" y="253" width="46" height="17"/>
    </entry>
    <entry id="21" name="hsa:959" type="gene"
        link="http://www.kegg.jp/dbget-bin/www_bget?hsa:959">
        <graphics name="CD40LG, CD154, CD40L, HIGM1, IGM, IMD3, T-BAM, TNFSF5, TRAP, gp39, hCD40L" fgcolor="#000000" bgcolor="#BFFFBF"
             type="rectangle" x="175" y="316" width="46" height="17"/>
    </entry>
    <entry id="22" name="ko:K10784 ko:K10785" type="ortholog"
        link="http://www.kegg.jp/dbget-bin/www_bget?K10784+K10785">
        <graphics name="K10784..." fgcolor="#000000" bgcolor="#FFFFFF"
             type="rectangle" x="231" y="316" width="46" height="17"/>
    </entry>
    <entry id="23" name="path:hsa04660" type="map"
        link="http://www.kegg.jp/dbget-bin/www_bget?hsa04660">
        <graphics name="T cell receptor signaling pathway" fgcolor="#000000" bgcolor="#FFFFFF"
             type="roundrectangle" x="179" y="380" width="118" height="34"/>
    </entry>
    <entry id="24" name="ko:K10784 ko:K10785" type="ortholog"
        link="http://www.kegg.jp/dbget-bin/www_bget?K10784+K10785">
        <graphics name="K10784..." fgcolor="#000000" bgcolor="#FFFFFF"
             type="rectangle" x="241" y="546" width="46" height="17"/>
    </entry>
    <entry id="25" name="hsa:3105 hsa:3106 hsa:3107 hsa:3133 hsa:3134 hsa:3135" type="gene"
        link="http://www.kegg.jp/dbget-bin/www_bget?hsa:3105+hsa:3106+hsa:3107+hsa:3133+hsa:3134+hsa:3135">
        <graphics name="HLA-A, HLAA..." fgcolor="#000000" bgcolor="#BFFFBF"
             type="rectangle" x="353" y="547" width="46" height="17"/>
    </entry>
    <entry id="26" name="hsa:940" type="gene"
        link="http://www.kegg.jp/dbget-bin/www_bget?hsa:940">
        <graphics name="CD28, Tp44" fgcolor="#000000" bgcolor="#BFFFBF"
             type="rectangle" x="241" y="573" width="46" height="17"/>
    </entry>
    <entry id="27" name="hsa:941 hsa:942" type="gene"
        link="http://www.kegg.jp/dbget-bin/www_bget?hsa:941+hsa:942">
        <graphics name="CD80, B7, B7-1, B7.1, BB1, CD28LG, CD28LG1, LAB7..." fgcolor="#000000" bgcolor="#BFFFBF"
             type="rectangle" x="354" y="574" width="46" height="17"/>
    </entry>
    <entry id="28" name="hsa:841" type="gene"
        link="http://www.kegg.jp/dbget-bin/www_bget?hsa:841">
        <graphics name="CASP8, ALPS2B, CAP4, Casp-8, FLICE, MACH, MCH5" fgcolor="#000000" bgcolor="#BFFFBF"
             type="rectangle" x="530" y="648" width="46" height="17"/>
    </entry>
    <entry id="29" name="hsa:637" type="gene"
        link="http://www.kegg.jp/dbget-bin/www_bget?hsa:637">
        <graphics name="BID, FP497" fgcolor="#000000" bgcolor="#BFFFBF"
             type="rectangle" x="605" y="648" width="46" height="17"/>
    </entry>
    <entry id="30" name="hsa:54205" type="gene"
        link="http://www.kegg.jp/dbget-bin/www_bget?hsa:54205">
        <graphics name="CYCS, CYC, HCS, THC4" fgcolor="#000000" bgcolor="#BFFFBF"
             type="rectangle" x="814" y="647" width="46" height="17"/>
    </entry>
    <entry id="31" name="hsa:842" type="gene"
        link="http://www.kegg.jp/dbget-bin/www_bget?hsa:842">
        <graphics name="CASP9, APAF-3, APAF3, ICE-LAP6, MCH6, PPP1R56" fgcolor="#000000" bgcolor="#BFFFBF"
             type="rectangle" x="895" y="647" width="46" height="17"/>
    </entry>
    <entry id="32" name="hsa:836" type="gene"
        link="http://www.kegg.jp/dbget-bin/www_bget?hsa:836">
        <graphics name="CASP3, CPP32, CPP32B, SCA-1" fgcolor="#000000" bgcolor="#BFFFBF"
             type="rectangle" x="976" y="647" width="46" height="17"/>
    </entry>
    <entry id="33" name="hsa:5551" type="gene"
        link="http://www.kegg.jp/dbget-bin/www_bget?hsa:5551">
        <graphics name="PRF1, FLH2, HPLH2, P1, PFN1, PFP" fgcolor="#000000" bgcolor="#BFFFBF"
             type="rectangle" x="293" y="607" width="46" height="17"/>
    </entry>
    <entry id="34" name="ko:K06856" type="ortholog"
        link="http://www.kegg.jp/dbget-bin/www_bget?K06856">
        <graphics name="K06856" fgcolor="#000000" bgcolor="#FFFFFF"
             type="rectangle" x="291" y="762" width="46" height="17"/>
    </entry>
    <entry id="35" name="ko:K06856" type="ortholog"
        link="http://www.kegg.jp/dbget-bin/www_bget?K06856">
        <graphics name="K06856" fgcolor="#000000" bgcolor="#FFFFFF"
             type="rectangle" x="293" y="822" width="46" height="17"/>
    </entry>
    <entry id="36" name="hsa:3683 hsa:3689" type="gene"
        link="http://www.kegg.jp/dbget-bin/www_bget?hsa:3683+hsa:3689">
        <graphics name="ITGAL, CD11A, LFA-1, LFA1A..." fgcolor="#000000" bgcolor="#BFFFBF"
             type="rectangle" x="239" y="637" width="46" height="17"/>
    </entry>
    <entry id="37" name="hsa:3383" type="gene"
        link="http://www.kegg.jp/dbget-bin/www_bget?hsa:3383">
        <graphics name="ICAM1, BB2, CD54, P3.58" fgcolor="#000000" bgcolor="#BFFFBF"
             type="rectangle" x="353" y="638" width="46" height="17"/>
    </entry>
    <entry id="38" name="path:hsa04210" type="map"
        link="http://www.kegg.jp/dbget-bin/www_bget?hsa04210">
        <graphics name="Apoptosis" fgcolor="#000000" bgcolor="#FFFFFF"
             type="roundrectangle" x="896" y="677" width="118" height="25"/>
    </entry>
    <entry id="39" name="path:hsa04110" type="map"
        link="http://www.kegg.jp/dbget-bin/www_bget?hsa04110">
        <graphics name="Cell cycle" fgcolor="#000000" bgcolor="#FFFFFF"
             type="roundrectangle" x="974" y="591" width="118" height="25"/>
    </entry>
    <entry id="40" name="hsa:60 hsa:71" type="gene"
        link="http://www.kegg.jp/dbget-bin/www_bget?hsa:60+hsa:71">
        <graphics name="ACTB, BRWS1, PS1TP5BP1..." fgcolor="#000000" bgcolor="#BFFFBF"
             type="rectangle" x="763" y="345" width="46" height="17"/>
    </entry>
    <entry id="41" name="hsa:4624 hsa:4625" type="gene"
        link="http://www.kegg.jp/dbget-bin/www_bget?hsa:4624+hsa:4625">
        <graphics name="MYH6, ASD3, CMD1EE, CMH14, MYHC, MYHCA, SSS3, alpha-MHC..." fgcolor="#000000" bgcolor="#BFFFBF"
             type="rectangle" x="1171" y="281" width="46" height="17"/>
    </entry>
    <entry id="42" name="path:hsa05414" type="map"
        link="http://www.kegg.jp/dbget-bin/www_bget?hsa05414">
        <graphics name="Dilated cardiomyopathy" fgcolor="#000000" bgcolor="#FFFFFF"
             type="roundrectangle" x="1255" y="568" width="118" height="34"/>
    </entry>
    <entry id="43" name="hsa:2534" type="gene"
        link="http://www.kegg.jp/dbget-bin/www_bget?hsa:2534">
        <graphics name="FYN, SLK, SYN, p59-FYN" fgcolor="#000000" bgcolor="#BFFFBF"
             type="rectangle" x="513" y="283" width="46" height="17"/>
    </entry>
    <entry id="44" name="hsa:25 hsa:27" type="gene"
        link="http://www.kegg.jp/dbget-bin/www_bget?hsa:25+hsa:27">
        <graphics name="ABL1, ABL, JTK7, bcr/abl, c-ABL, p150, v-abl..." fgcolor="#000000" bgcolor="#BFFFBF"
             type="rectangle" x="570" y="283" width="46" height="17"/>
    </entry>
    <entry id="45" name="hsa:857" type="gene"
        link="http://www.kegg.jp/dbget-bin/www_bget?hsa:857">
        <graphics name="CAV1, BSCL3, CGL3, MSTP085, PPH3, VIP21, CAV" fgcolor="#000000" bgcolor="#BFFFBF"
             type="rectangle" x="512" y="323" width="46" height="17"/>
    </entry>
    <entry id="46" name="hsa:5879 hsa:5880 hsa:5881" type="gene"
        link="http://www.kegg.jp/dbget-bin/www_bget?hsa:5879+hsa:5880+hsa:5881">
        <graphics name="RAC1, Rac-1, TC-25, p21-Rac1..." fgcolor="#000000" bgcolor="#BFFFBF"
             type="rectangle" x="591" y="324" width="46" height="17"/>
    </entry>
    <relation entry1="9" entry2="7" type="PPrel">
        <subtype name="binding/association" value="---"/>
    </relation>
    <relation entry1="7" entry2="8" type="PPrel">
        <subtype name="binding/association" value="---"/>
    </relation>
    <relation entry1="8" entry2="11" type="PPrel">
        <subtype name="binding/association" value="---"/>
        <subtype name="missing interaction" value="-/-"/>
    </relation>
    <relation entry1="11" entry2="40" type="PPrel">
        <subtype name="binding/association" value="---"/>
        <subtype name="missing interaction" value="-/-"/>
    </relation>
    <relation entry1="21" entry2="19" type="PPrel">
        <subtype name="activation" value="--&gt;"/>
    </relation>
    <relation entry1="27" entry2="26" type="PPrel">
        <subtype name="activation" value="--&gt;"/>
    </relation>
    <relation entry1="28" entry2="29" type="PPrel">
        <subtype name="activation" value="--&gt;"/>
    </relation>
    <relation entry1="30" entry2="31" type="PPrel">
        <subtype name="activation" value="--&gt;"/>
    </relation>
    <relation entry1="31" entry2="32" type="PPrel">
        <subtype name="activation" value="--&gt;"/>
    </relation>
    <relation entry1="29" entry2="30" type="PPrel">
        <subtype name="activation" value="--&gt;"/>
        <subtype name="indirect effect" value="..&gt;"/>
    </relation>
    <relation entry1="15" entry2="43" type="PPrel">
        <subtype name="activation" value="--&gt;"/>
        <subtype name="indirect effect" value="..&gt;"/>
    </relation>
    <relation entry1="15" entry2="44" type="PPrel">
        <subtype name="activation" value="--&gt;"/>
        <subtype name="indirect effect" value="..&gt;"/>
    </relation>
    <relation entry1="44" entry2="46" type="PPrel">
        <subtype name="activation" value="--&gt;"/>
    </relation>
    <relation entry1="43" entry2="45" type="PPrel">
        <subtype name="activation" value="--&gt;"/>
        <subtype name="phosphorylation" value="+p"/>
    </relation>
    <relation entry1="37" entry2="36" type="PPrel">
        <subtype name="activation" value="--&gt;"/>
    </relation>
</pathway>