<?xml version="1.0"?>
<!DOCTYPE pathway SYSTEM "http://www.kegg.jp/kegg/xml/KGML_v0.7.1_.dtd">
<!-- Creation date: Oct 29, 2013 11:02:12 +0900 (GMT+09:00) -->
<pathway name="path:hsa04350" org="hsa" number="04350"
         title="TGF-beta signaling pathway"
         image="http://www.kegg.jp/kegg/pathway/hsa/hsa04350.png"
         link="http://www.kegg.jp/kegg-bin/show_pathway?hsa04350">
    <entry id="1" name="hsa:4052" type="gene"
        link="http://www.kegg.jp/dbget-bin/www_bget?hsa:4052">
        <graphics name="LTBP1" fgcolor="#000000" bgcolor="#BFFFBF"
             type="rectangle" x="153" y="302" width="46" height="17"/>
    </entry>
    <entry id="2" name="hsa:7057" type="gene"
        link="http://www.kegg.jp/dbget-bin/www_bget?hsa:7057">
        <graphics name="THBS1, THBS, THBS-1, TSP, TSP-1, TSP1" fgcolor="#000000" bgcolor="#BFFFBF"
             type="rectangle" x="80" y="279" width="46" height="17"/>
    </entry>
    <entry id="3" name="hsa:8454" type="gene"
        link="http://www.kegg.jp/dbget-bin/www_bget?hsa:8454">
        <graphics name="CUL1" fgcolor="#000000" bgcolor="#BFFFBF"
             type="rectangle" x="466" y="266" width="46" height="17"/>
    </entry>
    <entry id="4" name="hsa:9978" type="gene"
        link="http://www.kegg.jp/dbget-bin/www_bget?hsa:9978">
        <graphics name="RBX1, BA554C12.1, RNF75, ROC1" fgcolor="#000000" bgcolor="#BFFFBF"
             type="rectangle" x="466" y="249" width="46" height="17"/>
    </entry>
    <entry id="5" name="path:hsa04350" type="map"
        link="http://www.kegg.jp/dbget-bin/www_bget?hsa04350">
        <graphics name="TITLE:TGF-beta signaling pathway" fgcolor="#000000" bgcolor="#FFFFFF"
             type="roundrectangle" x="167" y="58" width="253" height="25"/>
    </entry>
    <entry id="6" name="path:hsa04210" type="map"
        link="http://www.kegg.jp/dbget-bin/www_bget?hsa04210">
        <graphics name="Apoptosis" fgcolor="#000000" bgcolor="#FFFFFF"
             type="roundrectangle" x="961" y="302" width="94" height="26"/>
    </entry>
    <entry id="7" name="path:hsa04110" type="map"
        link="http://www.kegg.jp/dbget-bin/www_bget?hsa04110">
        <graphics name="Cell cycle" fgcolor="#000000" bgcolor="#FFFFFF"
             type="roundrectangle" x="960" y="416" width="85" height="28"/>
    </entry>
    <entry id="8" name="path:hsa04120" type="map"
        link="http://www.kegg.jp/dbget-bin/www_bget?hsa04120">
        <graphics name="Ubiquitin mediated proteolysis" fgcolor="#000000" bgcolor="#FFFFFF"
             type="roundrectangle" x="563" y="409" width="109" height="40"/>
    </entry>
    <entry id="9" name="path:hsa04010" type="map"
        link="http://www.kegg.jp/dbget-bin/www_bget?hsa04010">
        <graphics name="MAPK signaling pathway" fgcolor="#000000" bgcolor="#FFFFFF"
             type="roundrectangle" x="449" y="466" width="102" height="38"/>
    </entry>
    <entry id="10" name="hsa:4089" type="gene"
        link="http://www.kegg.jp/dbget-bin/www_bget?hsa:4089">
        <graphics name="SMAD4, DPC4, JIP, MADH4, MYHRS" fgcolor="#000000" bgcolor="#BFFFBF"
             type="rectangle" x="517" y="689" width="46" height="17"/>
    </entry>
    <entry id="11" name="hsa:4087 hsa:4088" type="gene"
        link="http://www.kegg.jp/dbget-bin/www_bget?hsa:4087+hsa:4088">
        <graphics name="SMAD2, JV18, JV18-1, MADH2, MADR2, hMAD-2, hSMAD2..." fgcolor="#000000" bgcolor="#BFFFBF"
             type="rectangle" x="517" y="672" width="46" height="17"/>
    </entry>
    <entry id="12" name="hsa:4089" type="gene"
        link="http://www.kegg.jp/dbget-bin/www_bget?hsa:4089">
        <graphics name="SMAD4, DPC4, JIP, MADH4, MYHRS" fgcolor="#000000" bgcolor="#BFFFBF"
             type="rectangle" x="517" y="617" width="46" height="17"/>
    </entry>
    <entry id="13" name="hsa:4087 hsa:4088" type="gene"
        link="http://www.kegg.jp/dbget-bin/www_bget?hsa:4087+hsa:4088">
        <graphics name="SMAD2, JV18, JV18-1, MADH2, MADR2, hMAD-2, hSMAD2..." fgcolor="#000000" bgcolor="#BFFFBF"
             type="rectangle" x="517" y="600" width="46" height="17"/>
    </entry>
    <entry id="14" name="hsa:92 hsa:93" type="gene"
        link="http://www.kegg.jp/dbget-bin/www_bget?hsa:92+hsa:93">
        <graphics name="ACVR2A, ACTRII, ACVR2..." fgcolor="#000000" bgcolor="#BFFFBF"
             type="rectangle" x="228" y="698" width="46" height="17"/>
    </entry>
    <entry id="15" name="hsa:130399" type="gene"
        link="http://www.kegg.jp/dbget-bin/www_bget?hsa:130399">
        <graphics name="ACVR1C, ACVRLK7, ALK7" fgcolor="#000000" bgcolor="#BFFFBF"
             type="rectangle" x="228" y="681" width="46" height="17"/>
    </entry>
    <entry id="16" name="hsa:4087 hsa:4088" type="gene"
        link="http://www.kegg.jp/dbget-bin/www_bget?hsa:4087+hsa:4088">
        <graphics name="SMAD2, JV18, JV18-1, MADH2, MADR2, hMAD-2, hSMAD2..." fgcolor="#000000" bgcolor="#BFFFBF"
             type="rectangle" x="402" y="681" width="46" height="17"/>
    </entry>
    <entry id="17" name="hsa:4838" type="gene"
        link="http://www.kegg.jp/dbget-bin/www_bget?hsa:4838">
        <graphics name="NODAL, HTX5" fgcolor="#000000" bgcolor="#BFFFBF"
             type="rectangle" x="153" y="697" width="46" height="17"/>
    </entry>
    <entry id="18" name="hsa:4091 hsa:4092" type="gene"
        link="http://www.kegg.jp/dbget-bin/www_bget?hsa:4091+hsa:4092">
        <graphics name="SMAD6, AOVD2, HsT17432, MADH6, MADH7..." fgcolor="#000000" bgcolor="#BFFFBF"
             type="rectangle" x="402" y="645" width="46" height="17"/>
    </entry>
    <entry id="19" name="hsa:4087 hsa:4088" type="gene"
        link="http://www.kegg.jp/dbget-bin/www_bget?hsa:4087+hsa:4088">
        <graphics name="SMAD2, JV18, JV18-1, MADH2, MADR2, hMAD-2, hSMAD2..." fgcolor="#000000" bgcolor="#BFFFBF"
             type="rectangle" x="402" y="608" width="46" height="17"/>
    </entry>
    <entry id="20" name="hsa:5308" type="gene"
        link="http://www.kegg.jp/dbget-bin/www_bget?hsa:5308">
        <graphics name="PITX2, ARP1, Brx1, IDG2, IGDS, IGDS2, IHG2, IRID2, Otlx2, PTX2, RGS, RIEG, RIEG1, RS" fgcolor="#000000" bgcolor="#BFFFBF"
             type="rectangle" x="767" y="680" width="46" height="17"/>
    </entry>
    <entry id="21" name="hsa:6667" type="gene"
        link="http://www.kegg.jp/dbget-bin/www_bget?hsa:6667">
        <graphics name="SP1" fgcolor="#000000" bgcolor="#BFFFBF"
             type="rectangle" x="723" y="399" width="46" height="17"/>
    </entry>
    <entry id="22" name="hsa:1387 hsa:2033" type="gene"
        link="http://www.kegg.jp/dbget-bin/www_bget?hsa:1387+hsa:2033">
        <graphics name="CREBBP, CBP, KAT3A, RSTS..." fgcolor="#000000" bgcolor="#BFFFBF"
             type="rectangle" x="723" y="382" width="46" height="17"/>
    </entry>
    <entry id="23" name="hsa:1030" type="gene"
        link="http://www.kegg.jp/dbget-bin/www_bget?hsa:1030">
        <graphics name="CDKN2B, CDK4I, INK4B, MTS2, P15, TP15, p15INK4b" fgcolor="#000000" bgcolor="#BFFFBF"
             type="rectangle" x="837" y="390" width="46" height="17"/>
    </entry>
    <entry id="24" name="hsa:4609" type="gene"
        link="http://www.kegg.jp/dbget-bin/www_bget?hsa:4609">
        <graphics name="MYC, MRTL, MYCC, bHLHe39, c-Myc" fgcolor="#000000" bgcolor="#BFFFBF"
             type="rectangle" x="836" y="325" width="46" height="17"/>
    </entry>
    <entry id="25" name="hsa:7027" type="gene"
        link="http://www.kegg.jp/dbget-bin/www_bget?hsa:7027">
        <graphics name="TFDP1, DP1, DRTF1, Dp-1" fgcolor="#000000" bgcolor="#BFFFBF"
             type="rectangle" x="723" y="342" width="46" height="17"/>
    </entry>
    <entry id="26" name="hsa:1874 hsa:1875" type="gene"
        link="http://www.kegg.jp/dbget-bin/www_bget?hsa:1874+hsa:1875">
        <graphics name="E2F4, E2F-4..." fgcolor="#000000" bgcolor="#BFFFBF"
             type="rectangle" x="723" y="325" width="46" height="17"/>
    </entry>
    <entry id="27" name="hsa:5933" type="gene"
        link="http://www.kegg.jp/dbget-bin/www_bget?hsa:5933">
        <graphics name="RBL1, CP107, PRB1, p107" fgcolor="#000000" bgcolor="#BFFFBF"
             type="rectangle" x="723" y="308" width="46" height="17"/>
    </entry>
    <entry id="28" name="hsa:3397 hsa:3398 hsa:3399 hsa:3400" type="gene"
        link="http://www.kegg.jp/dbget-bin/www_bget?hsa:3397+hsa:3398+hsa:3399+hsa:3400">
        <graphics name="ID1, ID, bHLHb24..." fgcolor="#000000" bgcolor="#BFFFBF"
             type="rectangle" x="769" y="142" width="46" height="17"/>
    </entry>
    <entry id="29" name="hsa:92 hsa:93" type="gene"
        link="http://www.kegg.jp/dbget-bin/www_bget?hsa:92+hsa:93">
        <graphics name="ACVR2A, ACTRII, ACVR2..." fgcolor="#000000" bgcolor="#BFFFBF"
             type="rectangle" x="228" y="625" width="46" height="17"/>
    </entry>
    <entry id="30" name="hsa:90 hsa:91" type="gene"
        link="http://www.kegg.jp/dbget-bin/www_bget?hsa:90+hsa:91">
        <graphics name="ACVR1, ACTRI, ACVR1A, ACVRLK2, ALK2, FOP, SKR1, TSRI..." fgcolor="#000000" bgcolor="#BFFFBF"
             type="rectangle" x="228" y="608" width="46" height="17"/>
    </entry>
    <entry id="31" name="hsa:3624 hsa:3625 hsa:3626 hsa:83729" type="gene"
        link="http://www.kegg.jp/dbget-bin/www_bget?hsa:3624+hsa:3625+hsa:3626+hsa:83729">
        <graphics name="INHBA, EDF, FRP..." fgcolor="#000000" bgcolor="#BFFFBF"
             type="rectangle" x="153" y="625" width="46" height="17"/>
    </entry>
    <entry id="32" name="hsa:10468" type="gene"
        link="http://www.kegg.jp/dbget-bin/www_bget?hsa:10468">
        <graphics name="FST, FS" fgcolor="#000000" bgcolor="#BFFFBF"
             type="rectangle" x="69" y="636" width="46" height="17"/>
    </entry>
    <entry id="33" name="hsa:10637 hsa:7044" type="gene"
        link="http://www.kegg.jp/dbget-bin/www_bget?hsa:10637+hsa:7044">
        <graphics name="LEFTY1, LEFTB, LEFTYB..." fgcolor="#000000" bgcolor="#BFFFBF"
             type="rectangle" x="99" y="565" width="46" height="17"/>
    </entry>
    <entry id="34" name="hsa:6198 hsa:6199" type="gene"
        link="http://www.kegg.jp/dbget-bin/www_bget?hsa:6198+hsa:6199">
        <graphics name="RPS6KB1, PS6K, S6K, S6K-beta-1, S6K1, STK14A, p70_S6KA, p70(S6K)-alpha, p70-S6K, p70-alpha..." fgcolor="#000000" bgcolor="#BFFFBF"
             type="rectangle" x="478" y="537" width="46" height="17"/>
    </entry>
    <entry id="35" name="hsa:5515 hsa:5516 hsa:5518 hsa:5519" type="gene"
        link="http://www.kegg.jp/dbget-bin/www_bget?hsa:5515+hsa:5516+hsa:5518+hsa:5519">
        <graphics name="PPP2CA, PP2Ac, PP2CA, PP2Calpha, RP-C..." fgcolor="#000000" bgcolor="#BFFFBF"
             type="rectangle" x="352" y="537" width="46" height="17"/>
    </entry>
    <entry id="36" name="hsa:6093" type="gene"
        link="http://www.kegg.jp/dbget-bin/www_bget?hsa:6093">
        <graphics name="ROCK1, P160ROCK, ROCK-I" fgcolor="#000000" bgcolor="#BFFFBF"
             type="rectangle" x="478" y="512" width="46" height="17"/>
    </entry>
    <entry id="37" name="hsa:387" type="gene"
        link="http://www.kegg.jp/dbget-bin/www_bget?hsa:387">
        <graphics name="RHOA, ARH12, ARHA, RHO12, RHOH12" fgcolor="#000000" bgcolor="#BFFFBF"
             type="rectangle" x="352" y="512" width="46" height="17"/>
    </entry>
    <entry id="38" name="hsa:4089" type="gene"
        link="http://www.kegg.jp/dbget-bin/www_bget?hsa:4089">
        <graphics name="SMAD4, DPC4, JIP, MADH4, MYHRS" fgcolor="#000000" bgcolor="#BFFFBF"
             type="rectangle" x="517" y="333" width="46" height="17"/>
    </entry>
    <entry id="39" name="hsa:4087 hsa:4088" type="gene"
        link="http://www.kegg.jp/dbget-bin/www_bget?hsa:4087+hsa:4088">
        <graphics name="SMAD2, JV18, JV18-1, MADH2, MADR2, hMAD-2, hSMAD2..." fgcolor="#000000" bgcolor="#BFFFBF"
             type="rectangle" x="517" y="316" width="46" height="17"/>
    </entry>
    <entry id="40" name="hsa:9372 hsa:9765" type="gene"
        link="http://www.kegg.jp/dbget-bin/www_bget?hsa:9372+hsa:9765">
        <graphics name="ZFYVE9, MADHIP, NSP, SARA, SMADIP..." fgcolor="#000000" bgcolor="#BFFFBF"
             type="rectangle" x="402" y="357" width="46" height="17"/>
    </entry>
    <entry id="41" name="hsa:4087 hsa:4088" type="gene"
        link="http://www.kegg.jp/dbget-bin/www_bget?hsa:4087+hsa:4088">
        <graphics name="SMAD2, JV18, JV18-1, MADH2, MADR2, hMAD-2, hSMAD2..." fgcolor="#000000" bgcolor="#BFFFBF"
             type="rectangle" x="402" y="324" width="46" height="17"/>
    </entry>
    <entry id="42" name="hsa:6500" type="gene"
        link="http://www.kegg.jp/dbget-bin/www_bget?hsa:6500">
        <graphics name="SKP1, EMC19, OCP-II, OCP2, SKP1A, TCEB1L, p19A" fgcolor="#000000" bgcolor="#BFFFBF"
             type="rectangle" x="466" y="283" width="46" height="17"/>
    </entry>
    <entry id="43" name="hsa:5594 hsa:5595" type="gene"
        link="http://www.kegg.jp/dbget-bin/www_bget?hsa:5594+hsa:5595">
        <graphics name="MAPK1, ERK, ERK2, ERT1, MAPK2, P42MAPK, PRKM1, PRKM2, p38, p40, p41, p41mapk..." fgcolor="#000000" bgcolor="#BFFFBF"
             type="rectangle" x="549" y="200" width="46" height="17"/>
    </entry>
    <entry id="44" name="hsa:4089" type="gene"
        link="http://www.kegg.jp/dbget-bin/www_bget?hsa:4089">
        <graphics name="SMAD4, DPC4, JIP, MADH4, MYHRS" fgcolor="#000000" bgcolor="#BFFFBF"
             type="rectangle" x="517" y="151" width="46" height="17"/>
    </entry>
    <entry id="45" name="hsa:4086 hsa:4090 hsa:4093" type="gene"
        link="http://www.kegg.jp/dbget-bin/www_bget?hsa:4086+hsa:4090+hsa:4093">
        <graphics name="SMAD1, BSP-1, BSP1, JV4-1, JV41, MADH1, MADR1..." fgcolor="#000000" bgcolor="#BFFFBF"
             type="rectangle" x="517" y="134" width="46" height="17"/>
    </entry>
    <entry id="46" name="hsa:4091 hsa:4092" type="gene"
        link="http://www.kegg.jp/dbget-bin/www_bget?hsa:4091+hsa:4092">
        <graphics name="SMAD6, AOVD2, HsT17432, MADH6, MADH7..." fgcolor="#000000" bgcolor="#BFFFBF"
             type="rectangle" x="402" y="237" width="46" height="17"/>
    </entry>
    <entry id="47" name="hsa:57154 hsa:64750" type="gene"
        link="http://www.kegg.jp/dbget-bin/www_bget?hsa:57154+hsa:64750">
        <graphics name="SMURF1..." fgcolor="#000000" bgcolor="#BFFFBF"
             type="rectangle" x="367" y="269" width="46" height="17"/>
    </entry>
    <entry id="48" name="hsa:7048" type="gene"
        link="http://www.kegg.jp/dbget-bin/www_bget?hsa:7048">
        <graphics name="TGFBR2, AAT3, FAA3, LDS1B, LDS2B, MFS2, RIIC, TAAD2, TGFR-2, TGFbeta-RII" fgcolor="#000000" bgcolor="#BFFFBF"
             type="rectangle" x="228" y="341" width="46" height="17"/>
    </entry>
    <entry id="49" name="hsa:7046" type="gene"
        link="http://www.kegg.jp/dbget-bin/www_bget?hsa:7046">
        <graphics name="TGFBR1, AAT5, ACVRLK4, ALK-5, ALK5, LDS1A, LDS2A, MSSE, SKR4, TGFR-1" fgcolor="#000000" bgcolor="#BFFFBF"
             type="rectangle" x="228" y="324" width="46" height="17"/>
    </entry>
    <entry id="50" name="hsa:7040 hsa:7042 hsa:7043" type="gene"
        link="http://www.kegg.jp/dbget-bin/www_bget?hsa:7040+hsa:7042+hsa:7043">
        <graphics name="TGFB1, CED, DPD1, LAP, TGFB, TGFbeta..." fgcolor="#000000" bgcolor="#BFFFBF"
             type="rectangle" x="153" y="341" width="46" height="17"/>
    </entry>
    <entry id="51" name="hsa:1634" type="gene"
        link="http://www.kegg.jp/dbget-bin/www_bget?hsa:1634">
        <graphics name="DCN, CSCD, DSPG2, PG40, PGII, PGS2, SLRR1B" fgcolor="#000000" bgcolor="#BFFFBF"
             type="rectangle" x="69" y="347" width="46" height="17"/>
    </entry>
    <entry id="52" name="hsa:7124" type="gene"
        link="http://www.kegg.jp/dbget-bin/www_bget?hsa:7124">
        <graphics name="TNF, DIF, TNF-alpha, TNFA, TNFSF2" fgcolor="#000000" bgcolor="#BFFFBF"
             type="rectangle" x="168" y="248" width="46" height="17"/>
    </entry>
    <entry id="53" name="hsa:3458" type="gene"
        link="http://www.kegg.jp/dbget-bin/www_bget?hsa:3458">
        <graphics name="IFNG, IFG, IFI" fgcolor="#000000" bgcolor="#BFFFBF"
             type="rectangle" x="168" y="226" width="46" height="17"/>
    </entry>
    <entry id="54" name="hsa:269 hsa:659" type="gene"
        link="http://www.kegg.jp/dbget-bin/www_bget?hsa:269+hsa:659">
        <graphics name="AMHR2, AMHR, MISR2, MISRII, MRII..." fgcolor="#000000" bgcolor="#BFFFBF"
             type="rectangle" x="228" y="159" width="46" height="17"/>
    </entry>
    <entry id="55" name="hsa:657 hsa:658 hsa:90" type="gene"
        link="http://www.kegg.jp/dbget-bin/www_bget?hsa:657+hsa:658+hsa:90">
        <graphics name="BMPR1A, 10q23del, ACVRLK3, ALK3, CD292, SKR5..." fgcolor="#000000" bgcolor="#BFFFBF"
             type="rectangle" x="228" y="142" width="46" height="17"/>
    </entry>
    <entry id="56" name="hsa:151449 hsa:268 hsa:353500 hsa:392255 hsa:650 hsa:652 hsa:653 hsa:654 hsa:655 hsa:656 hsa:8200" type="gene"
        link="http://www.kegg.jp/dbget-bin/www_bget?hsa:151449+hsa:268+hsa:353500+hsa:392255+hsa:650+hsa:652+hsa:653+hsa:654+hsa:655+hsa:656+hsa:8200">
        <graphics name="GDF7, BMP12..." fgcolor="#000000" bgcolor="#BFFFBF"
             type="rectangle" x="153" y="159" width="46" height="17"/>
    </entry>
    <entry id="57" name="hsa:9241" type="gene"
        link="http://www.kegg.jp/dbget-bin/www_bget?hsa:9241">
        <graphics name="NOG, SYM1, SYNS1" fgcolor="#000000" bgcolor="#BFFFBF"
             type="rectangle" x="168" y="116" width="46" height="17"/>
    </entry>
    <entry id="59" name="hsa:4086 hsa:4090 hsa:4093" type="gene"
        link="http://www.kegg.jp/dbget-bin/www_bget?hsa:4086+hsa:4090+hsa:4093">
        <graphics name="SMAD1, BSP-1, BSP1, JV4-1, JV41, MADH1, MADR1..." fgcolor="#000000" bgcolor="#BFFFBF"
             type="rectangle" x="402" y="142" width="46" height="17"/>
    </entry>
    <entry id="60" name="hsa:8646" type="gene"
        link="http://www.kegg.jp/dbget-bin/www_bget?hsa:8646">
        <graphics name="CHRD" fgcolor="#000000" bgcolor="#BFFFBF"
             type="rectangle" x="97" y="108" width="46" height="17"/>
    </entry>
    <entry id="61" name="hsa:25805" type="gene"
        link="http://www.kegg.jp/dbget-bin/www_bget?hsa:25805">
        <graphics name="BAMBI, NMA" fgcolor="#000000" bgcolor="#BFFFBF"
             type="rectangle" x="228" y="110" width="46" height="17"/>
    </entry>
    <entry id="62" name="hsa:25805" type="gene"
        link="http://www.kegg.jp/dbget-bin/www_bget?hsa:25805">
        <graphics name="BAMBI, NMA" fgcolor="#000000" bgcolor="#BFFFBF"
             type="rectangle" x="228" y="293" width="46" height="17"/>
    </entry>
    <entry id="63" name="hsa:25805" type="gene"
        link="http://www.kegg.jp/dbget-bin/www_bget?hsa:25805">
        <graphics name="BAMBI, NMA" fgcolor="#000000" bgcolor="#BFFFBF"
             type="rectangle" x="228" y="577" width="46" height="17"/>
    </entry>
    <entry id="64" name="undefined" type="group">
        <graphics fgcolor="#000000" bgcolor="#FFFFFF"
             type="rectangle" x="517" y="324" width="46" height="34"/>
        <component id="38"/>
        <component id="39"/>
    </entry>
    <entry id="65" name="undefined" type="group">
        <graphics fgcolor="#000000" bgcolor="#FFFFFF"
             type="rectangle" x="723" y="325" width="46" height="51"/>
        <component id="25"/>
        <component id="26"/>
        <component id="27"/>
    </entry>
    <entry id="66" name="undefined" type="group">
        <graphics fgcolor="#000000" bgcolor="#FFFFFF"
             type="rectangle" x="723" y="390" width="46" height="34"/>
        <component id="21"/>
        <component id="22"/>
    </entry>
    <entry id="67" name="undefined" type="group">
        <graphics fgcolor="#000000" bgcolor="#FFFFFF"
             type="rectangle" x="517" y="142" width="46" height="34"/>
        <component id="44"/>
        <component id="45"/>
    </entry>
    <entry id="68" name="undefined" type="group">
        <graphics fgcolor="#000000" bgcolor="#FFFFFF"
             type="rectangle" x="517" y="680" width="46" height="34"/>
        <component id="10"/>
        <component id="11"/>
    </entry>
    <entry id="69" name="undefined" type="group">
        <graphics fgcolor="#000000" bgcolor="#FFFFFF"
             type="rectangle" x="466" y="266" width="46" height="51"/>
        <component id="3"/>
        <component id="4"/>
        <component id="42"/>
    </entry>
    <entry id="70" name="undefined" type="group">
        <graphics fgcolor="#000000" bgcolor="#FFFFFF"
             type="rectangle" x="228" y="332" width="46" height="34"/>
        <component id="48"/>
        <component id="49"/>
    </entry>
    <relation entry1="50" entry2="48" type="PPrel">
        <subtype name="activation" value="--&gt;"/>
    </relation>
    <relation entry1="56" entry2="54" type="PPrel">
        <subtype name="activation" value="--&gt;"/>
    </relation>
    <relation entry1="31" entry2="29" type="PPrel">
        <subtype name="activation" value="--&gt;"/>
    </relation>
    <relation entry1="17" entry2="14" type="PPrel">
        <subtype name="activation" value="--&gt;"/>
    </relation>
    <relation entry1="55" entry2="59" type="PPrel">
        <subtype name="phosphorylation" value="+p"/>
    </relation>
    <relation entry1="49" entry2="41" type="PPrel">
        <subtype name="phosphorylation" value="+p"/>
    </relation>
    <relation entry1="30" entry2="19" type="PPrel">
        <subtype name="phosphorylation" value="+p"/>
    </relation>
    <relation entry1="15" entry2="16" type="PPrel">
        <subtype name="phosphorylation" value="+p"/>
    </relation>
    <relation entry1="59" entry2="44" type="PPrel">
        <subtype name="activation" value="--&gt;"/>
    </relation>
    <relation entry1="41" entry2="38" type="PPrel">
        <subtype name="activation" value="--&gt;"/>
    </relation>
    <relation entry1="19" entry2="12" type="PPrel">
        <subtype name="activation" value="--&gt;"/>
    </relation>
    <relation entry1="16" entry2="10" type="PPrel">
        <subtype name="activation" value="--&gt;"/>
    </relation>
    <relation entry1="64" entry2="65" type="PPrel">
        <subtype name="activation" value="--&gt;"/>
    </relation>
    <relation entry1="64" entry2="66" type="PPrel">
        <subtype name="activation" value="--&gt;"/>
    </relation>
    <relation entry1="67" entry2="28" type="GErel">
        <subtype name="expression" value="--&gt;"/>
    </relation>
    <relation entry1="68" entry2="20" type="GErel">
        <subtype name="expression" value="--&gt;"/>
    </relation>
    <relation entry1="66" entry2="23" type="GErel">
        <subtype name="expression" value="--&gt;"/>
    </relation>
    <relation entry1="65" entry2="24" type="GErel">
        <subtype name="repression" value="--|"/>
    </relation>
    <relation entry1="24" entry2="23" type="PPrel">
        <subtype name="inhibition" value="--|"/>
    </relation>
    <relation entry1="69" entry2="41" type="PPrel">
        <subtype name="inhibition" value="--|"/>
    </relation>
    <relation entry1="46" entry2="41" type="PPrel">
        <subtype name="inhibition" value="--|"/>
    </relation>
    <relation entry1="46" entry2="59" type="PPrel">
        <subtype name="inhibition" value="--|"/>
    </relation>
    <relation entry1="18" entry2="19" type="PPrel">
        <subtype name="inhibition" value="--|"/>
    </relation>
    <relation entry1="18" entry2="16" type="PPrel">
        <subtype name="inhibition" value="--|"/>
    </relation>
    <relation entry1="60" entry2="56" type="PPrel">
        <subtype name="inhibition" value="--|"/>
    </relation>
    <relation entry1="57" entry2="56" type="PPrel">
        <subtype name="inhibition" value="--|"/>
    </relation>
    <relation entry1="2" entry2="1" type="PPrel">
        <subtype name="inhibition" value="--|"/>
    </relation>
    <relation entry1="1" entry2="50" type="PPrel">
        <subtype name="inhibition" value="--|"/>
    </relation>
    <relation entry1="51" entry2="50" type="PPrel">
        <subtype name="inhibition" value="--|"/>
    </relation>
    <relation entry1="31" entry2="50" type="PPrel">
        <subtype name="inhibition" value="--|"/>
    </relation>
    <relation entry1="33" entry2="50" type="PPrel">
        <subtype name="inhibition" value="--|"/>
    </relation>
    <relation entry1="32" entry2="31" type="PPrel">
        <subtype name="inhibition" value="--|"/>
    </relation>
    <relation entry1="31" entry2="17" type="PPrel">
        <subtype name="inhibition" value="--|"/>
    </relation>
    <relation entry1="33" entry2="17" type="PPrel">
        <subtype name="inhibition" value="--|"/>
    </relation>
    <relation entry1="47" entry2="70" type="PPrel">
        <subtype name="inhibition" value="--|"/>
    </relation>
    <relation entry1="46" entry2="47" type="PPrel">
        <subtype name="binding/association" value="---"/>
    </relation>
    <relation entry1="40" entry2="41" type="PPrel">
        <subtype name="dissociation" value="-+-"/>
    </relation>
    <relation entry1="37" entry2="36" type="PPrel">
        <subtype name="activation" value="--&gt;"/>
    </relation>
    <relation entry1="35" entry2="34" type="PPrel">
        <subtype name="dephosphorylation" value="-p"/>
    </relation>
    <relation entry1="48" entry2="37" type="PPrel">
        <subtype name="activation" value="--&gt;"/>
    </relation>
    <relation entry1="48" entry2="35" type="PPrel">
        <subtype name="activation" value="--&gt;"/>
    </relation>
    <relation entry1="53" entry2="46" type="PPrel">
        <subtype name="indirect effect" value="..&gt;"/>
    </relation>
    <relation entry1="52" entry2="46" type="PPrel">
        <subtype name="indirect effect" value="..&gt;"/>
    </relation>
    <relation entry1="43" entry2="64" type="PPrel">
        <subtype name="inhibition" value="--|"/>
        <subtype name="phosphorylation" value="+p"/>
    </relation>
    <relation entry1="43" entry2="67" type="PPrel">
        <subtype name="inhibition" value="--|"/>
        <subtype name="phosphorylation" value="+p"/>
    </relation>
    <relation entry1="61" entry2="55" type="PPrel">
        <subtype name="inhibition" value="--|"/>
    </relation>
    <relation entry1="62" entry2="49" type="PPrel">
        <subtype name="inhibition" value="--|"/>
    </relation>
    <relation entry1="63" entry2="30" type="PPrel">
        <subtype name="inhibition" value="--|"/>
    </relation>
</pathway>