<?xml version="1.0"?>
<!DOCTYPE pathway SYSTEM "http://www.kegg.jp/kegg/xml/KGML_v0.7.1_.dtd">
<!-- Creation date: Oct 2, 2012 11:56:50 +0900 (GMT+09:00) -->
<pathway name="path:hsa04621" org="hsa" number="04621"
         title="NOD-like receptor signaling pathway"
         image="http://www.kegg.jp/kegg/pathway/hsa/hsa04621.png"
         link="http://www.kegg.jp/kegg-bin/show_pathway?hsa04621">
    <entry id="1" name="hsa:10392" type="gene"
        link="http://www.kegg.jp/dbget-bin/www_bget?hsa:10392">
        <graphics name="NOD1, CARD4, CLR7.1, NLRC1" fgcolor="#000000" bgcolor="#BFFFBF"
             type="rectangle" x="423" y="230" width="46" height="17"/>
    </entry>
    <entry id="2" name="hsa:64127" type="gene"
        link="http://www.kegg.jp/dbget-bin/www_bget?hsa:64127">
        <graphics name="NOD2, ACUG, BLAU, CARD15, CD, CLR16.3, IBD1, NLRC2, NOD2B, PSORAS1" fgcolor="#000000" bgcolor="#BFFFBF"
             type="rectangle" x="423" y="342" width="46" height="17"/>
    </entry>
    <entry id="3" name="hsa:8767" type="gene"
        link="http://www.kegg.jp/dbget-bin/www_bget?hsa:8767">
        <graphics name="RIPK2, CARD3, CARDIAK, CCK, GIG30, RICK, RIP2" fgcolor="#000000" bgcolor="#BFFFBF"
             type="rectangle" x="600" y="284" width="46" height="17"/>
    </entry>
    <entry id="4" name="hsa:8517" type="gene"
        link="http://www.kegg.jp/dbget-bin/www_bget?hsa:8517">
        <graphics name="IKBKG, AMCBX1, FIP-3, FIP3, Fip3p, IKK-gamma, IP, IP1, IP2, IPD2, NEMO" fgcolor="#000000" bgcolor="#BFFFBF"
             type="rectangle" x="841" y="270" width="46" height="17"/>
    </entry>
    <entry id="5" name="hsa:4792 hsa:4793" type="gene"
        link="http://www.kegg.jp/dbget-bin/www_bget?hsa:4792+hsa:4793">
        <graphics name="NFKBIA, IKBA, MAD-3, NFKBI..." fgcolor="#000000" bgcolor="#BFFFBF"
             type="rectangle" x="984" y="273" width="46" height="17"/>
    </entry>
    <entry id="6" name="hsa:4790 hsa:5970" type="gene"
        link="http://www.kegg.jp/dbget-bin/www_bget?hsa:4790+hsa:5970">
        <graphics name="NFKB1, EBP-1, KBF1, NF-kB1, NF-kappa-B, NF-kappaB, NFKB-p105, NFKB-p50, NFkappaB, p105, p50..." fgcolor="#000000" bgcolor="#BFFFBF"
             type="rectangle" x="984" y="311" width="46" height="17"/>
    </entry>
    <entry id="7" name="hsa:1147" type="gene"
        link="http://www.kegg.jp/dbget-bin/www_bget?hsa:1147">
        <graphics name="CHUK, IKBKA, IKK-alpha, IKK1, IKKA, NFKBIKA, TCF16" fgcolor="#000000" bgcolor="#BFFFBF"
             type="rectangle" x="841" y="287" width="46" height="17"/>
    </entry>
    <entry id="8" name="hsa:3551" type="gene"
        link="http://www.kegg.jp/dbget-bin/www_bget?hsa:3551">
        <graphics name="IKBKB, IKK-beta, IKK2, IKKB, NFKBIKB" fgcolor="#000000" bgcolor="#BFFFBF"
             type="rectangle" x="841" y="304" width="46" height="17"/>
    </entry>
    <entry id="9" name="hsa:6885" type="gene"
        link="http://www.kegg.jp/dbget-bin/www_bget?hsa:6885">
        <graphics name="MAP3K7, MEKK7, TAK1, TGF1a" fgcolor="#000000" bgcolor="#BFFFBF"
             type="rectangle" x="708" y="361" width="46" height="17"/>
    </entry>
    <entry id="10" name="hsa:10454" type="gene"
        link="http://www.kegg.jp/dbget-bin/www_bget?hsa:10454">
        <graphics name="TAB1, 3'-Tab1, MAP3K7IP1" fgcolor="#000000" bgcolor="#BFFFBF"
             type="rectangle" x="708" y="378" width="46" height="17"/>
    </entry>
    <entry id="11" name="hsa:23118 hsa:257397" type="gene"
        link="http://www.kegg.jp/dbget-bin/www_bget?hsa:23118+hsa:257397">
        <graphics name="TAB2, CHTD2, MAP3K7IP2..." fgcolor="#000000" bgcolor="#BFFFBF"
             type="rectangle" x="708" y="395" width="46" height="17"/>
    </entry>
    <entry id="12" name="hsa:3576" type="gene"
        link="http://www.kegg.jp/dbget-bin/www_bget?hsa:3576">
        <graphics name="IL8, CXCL8, GCP-1, GCP1, LECT, LUCT, LYNAP, MDNCF, MONAP, NAF, NAP-1, NAP1" fgcolor="#000000" bgcolor="#BFFFBF"
             type="rectangle" x="1242" y="309" width="46" height="17"/>
    </entry>
    <entry id="13" name="hsa:2919" type="gene"
        link="http://www.kegg.jp/dbget-bin/www_bget?hsa:2919">
        <graphics name="CXCL1, FSP, GRO1, GROa, MGSA, MGSA-a, NAP-3, SCYB1" fgcolor="#000000" bgcolor="#BFFFBF"
             type="rectangle" x="1242" y="329" width="46" height="17"/>
    </entry>
    <entry id="14" name="hsa:2920" type="gene"
        link="http://www.kegg.jp/dbget-bin/www_bget?hsa:2920">
        <graphics name="CXCL2, CINC-2a, GRO2, GROb, MGSA-b, MIP-2a, MIP2, MIP2A, SCYB2" fgcolor="#000000" bgcolor="#BFFFBF"
             type="rectangle" x="1242" y="349" width="46" height="17"/>
    </entry>
    <entry id="15" name="hsa:6347" type="gene"
        link="http://www.kegg.jp/dbget-bin/www_bget?hsa:6347">
        <graphics name="CCL2, GDCF-2, HC11, HSMCR30, MCAF, MCP-1, MCP1, SCYA2, SMC-CF" fgcolor="#000000" bgcolor="#BFFFBF"
             type="rectangle" x="1242" y="369" width="46" height="17"/>
    </entry>
    <entry id="16" name="hsa:6352" type="gene"
        link="http://www.kegg.jp/dbget-bin/www_bget?hsa:6352">
        <graphics name="CCL5, D17S136E, RANTES, SCYA5, SISd, TCP228" fgcolor="#000000" bgcolor="#BFFFBF"
             type="rectangle" x="1242" y="389" width="46" height="17"/>
    </entry>
    <entry id="17" name="hsa:7124" type="gene"
        link="http://www.kegg.jp/dbget-bin/www_bget?hsa:7124">
        <graphics name="TNF, DIF, TNF-alpha, TNFA, TNFSF2" fgcolor="#000000" bgcolor="#BFFFBF"
             type="rectangle" x="1242" y="435" width="46" height="17"/>
    </entry>
    <entry id="18" name="hsa:64170" type="gene"
        link="http://www.kegg.jp/dbget-bin/www_bget?hsa:64170">
        <graphics name="CARD9, CANDF2, hCARD9" fgcolor="#000000" bgcolor="#BFFFBF"
             type="rectangle" x="600" y="321" width="46" height="17"/>
    </entry>
    <entry id="19" name="hsa:329 hsa:330" type="gene"
        link="http://www.kegg.jp/dbget-bin/www_bget?hsa:329+hsa:330">
        <graphics name="BIRC2, API1, HIAP2, Hiap-2, MIHB, RNF48, c-IAP1, cIAP1..." fgcolor="#000000" bgcolor="#BFFFBF"
             type="rectangle" x="598" y="155" width="46" height="17"/>
    </entry>
    <entry id="20" name="hsa:22861" type="gene"
        link="http://www.kegg.jp/dbget-bin/www_bget?hsa:22861">
        <graphics name="NLRP1, CARD7, CLR17.1, DEFCAP, DEFCAP-L/S, NAC, NALP1, PP1044, SLEV1, VAMAS1" fgcolor="#000000" bgcolor="#BFFFBF"
             type="rectangle" x="550" y="529" width="46" height="17"/>
    </entry>
    <entry id="21" name="hsa:114548" type="gene"
        link="http://www.kegg.jp/dbget-bin/www_bget?hsa:114548">
        <graphics name="NLRP3, AGTAVPRL, AII, AVP, C1orf7, CIAS1, CLR1.1, FCAS, FCU, MWS, NALP3, PYPAF1" fgcolor="#000000" bgcolor="#BFFFBF"
             type="rectangle" x="550" y="695" width="46" height="17"/>
    </entry>
    <entry id="22" name="hsa:29108" type="gene"
        link="http://www.kegg.jp/dbget-bin/www_bget?hsa:29108">
        <graphics name="PYCARD, ASC, CARD5, TMS, TMS-1, TMS1" fgcolor="#000000" bgcolor="#BFFFBF"
             type="rectangle" x="610" y="529" width="46" height="17"/>
    </entry>
    <entry id="23" name="hsa:834" type="gene"
        link="http://www.kegg.jp/dbget-bin/www_bget?hsa:834">
        <graphics name="CASP1, ICE, IL1BC, P45" fgcolor="#000000" bgcolor="#BFFFBF"
             type="rectangle" x="670" y="529" width="46" height="17"/>
    </entry>
    <entry id="24" name="hsa:3553" type="gene"
        link="http://www.kegg.jp/dbget-bin/www_bget?hsa:3553">
        <graphics name="IL1B, IL-1, IL1-BETA, IL1F2" fgcolor="#000000" bgcolor="#BFFFBF"
             type="rectangle" x="980" y="773" width="46" height="17"/>
    </entry>
    <entry id="25" name="hsa:3606" type="gene"
        link="http://www.kegg.jp/dbget-bin/www_bget?hsa:3606">
        <graphics name="IL18, IGIF, IL-18, IL-1g, IL1F4" fgcolor="#000000" bgcolor="#BFFFBF"
             type="rectangle" x="980" y="794" width="46" height="17"/>
    </entry>
    <entry id="26" name="path:hsa04120" type="map"
        link="http://www.kegg.jp/dbget-bin/www_bget?hsa04120">
        <graphics name="Ubiquitin mediated proteolysis" fgcolor="#000000" bgcolor="#FFFFFF"
             type="roundrectangle" x="982" y="159" width="110" height="34"/>
    </entry>
    <entry id="27" name="hsa:7205" type="gene"
        link="http://www.kegg.jp/dbget-bin/www_bget?hsa:7205">
        <graphics name="TRIP6, OIP-1, OIP1, TRIP-6, TRIP6i2, ZRP-1" fgcolor="#000000" bgcolor="#BFFFBF"
             type="rectangle" x="516" y="230" width="46" height="17"/>
    </entry>
    <entry id="28" name="hsa:841" type="gene"
        link="http://www.kegg.jp/dbget-bin/www_bget?hsa:841">
        <graphics name="CASP8, ALPS2B, CAP4, Casp-8, FLICE, MACH, MCH5" fgcolor="#000000" bgcolor="#BFFFBF"
             type="rectangle" x="802" y="206" width="46" height="17"/>
    </entry>
    <entry id="29" name="hsa:838" type="gene"
        link="http://www.kegg.jp/dbget-bin/www_bget?hsa:838">
        <graphics name="CASP5, ICE(rel)III, ICEREL-III, ICH-3" fgcolor="#000000" bgcolor="#BFFFBF"
             type="rectangle" x="610" y="561" width="46" height="17"/>
    </entry>
    <entry id="30" name="hsa:29108" type="gene"
        link="http://www.kegg.jp/dbget-bin/www_bget?hsa:29108">
        <graphics name="PYCARD, ASC, CARD5, TMS, TMS-1, TMS1" fgcolor="#000000" bgcolor="#BFFFBF"
             type="rectangle" x="610" y="695" width="46" height="17"/>
    </entry>
    <entry id="31" name="hsa:22900" type="gene"
        link="http://www.kegg.jp/dbget-bin/www_bget?hsa:22900">
        <graphics name="CARD8, CARDINAL, DACAR, DAKAR, NDPP, NDPP1, TUCAN" fgcolor="#000000" bgcolor="#BFFFBF"
             type="rectangle" x="610" y="727" width="46" height="17"/>
    </entry>
    <entry id="32" name="hsa:834" type="gene"
        link="http://www.kegg.jp/dbget-bin/www_bget?hsa:834">
        <graphics name="CASP1, ICE, IL1BC, P45" fgcolor="#000000" bgcolor="#BFFFBF"
             type="rectangle" x="670" y="695" width="46" height="17"/>
    </entry>
    <entry id="33" name="hsa:58484" type="gene"
        link="http://www.kegg.jp/dbget-bin/www_bget?hsa:58484">
        <graphics name="NLRC4, CARD12, CLAN, CLAN1, CLANA, CLANB, CLANC, CLAND, CLR2.1, IPAF" fgcolor="#000000" bgcolor="#BFFFBF"
             type="rectangle" x="550" y="872" width="46" height="17"/>
    </entry>
    <entry id="34" name="hsa:834" type="gene"
        link="http://www.kegg.jp/dbget-bin/www_bget?hsa:834">
        <graphics name="CASP1, ICE, IL1BC, P45" fgcolor="#000000" bgcolor="#BFFFBF"
             type="rectangle" x="670" y="872" width="46" height="17"/>
    </entry>
    <entry id="35" name="hsa:29108" type="gene"
        link="http://www.kegg.jp/dbget-bin/www_bget?hsa:29108">
        <graphics name="PYCARD, ASC, CARD5, TMS, TMS-1, TMS1" fgcolor="#000000" bgcolor="#BFFFBF"
             type="rectangle" x="610" y="872" width="46" height="17"/>
    </entry>
    <entry id="36" name="hsa:10910" type="gene"
        link="http://www.kegg.jp/dbget-bin/www_bget?hsa:10910">
        <graphics name="SUGT1, SGT1" fgcolor="#000000" bgcolor="#BFFFBF"
             type="rectangle" x="550" y="769" width="46" height="17"/>
    </entry>
    <entry id="37" name="hsa:3320 hsa:3326 hsa:7184" type="gene"
        link="http://www.kegg.jp/dbget-bin/www_bget?hsa:3320+hsa:3326+hsa:7184">
        <graphics name="HSP90AA1, HSP86, HSP89A, HSP90A, HSP90N, HSPC1, HSPCA, HSPCAL1, HSPCAL4, HSPN, Hsp89, Hsp90, LAP2..." fgcolor="#000000" bgcolor="#BFFFBF"
             type="rectangle" x="610" y="769" width="46" height="17"/>
    </entry>
    <entry id="38" name="hsa:55914" type="gene"
        link="http://www.kegg.jp/dbget-bin/www_bget?hsa:55914">
        <graphics name="ERBB2IP, ERBIN, LAP2" fgcolor="#000000" bgcolor="#BFFFBF"
             type="rectangle" x="423" y="383" width="46" height="17"/>
    </entry>
    <entry id="39" name="hsa:10910" type="gene"
        link="http://www.kegg.jp/dbget-bin/www_bget?hsa:10910">
        <graphics name="SUGT1, SGT1" fgcolor="#000000" bgcolor="#BFFFBF"
             type="rectangle" x="423" y="189" width="46" height="17"/>
    </entry>
    <entry id="40" name="hsa:3569" type="gene"
        link="http://www.kegg.jp/dbget-bin/www_bget?hsa:3569">
        <graphics name="IL6, BSF2, HGF, HSF, IFNB2, IL-6" fgcolor="#000000" bgcolor="#BFFFBF"
             type="rectangle" x="1242" y="455" width="46" height="17"/>
    </entry>
    <entry id="41" name="hsa:834" type="gene"
        link="http://www.kegg.jp/dbget-bin/www_bget?hsa:834">
        <graphics name="CASP1, ICE, IL1BC, P45" fgcolor="#000000" bgcolor="#BFFFBF"
             type="rectangle" x="670" y="727" width="46" height="17"/>
    </entry>
    <entry id="42" name="hsa:5599 hsa:5601 hsa:5602" type="gene"
        link="http://www.kegg.jp/dbget-bin/www_bget?hsa:5599+hsa:5601+hsa:5602">
        <graphics name="MAPK8, JNK, JNK-46, JNK1, JNK1A2, JNK21B1/2, PRKM8, SAPK1, SAPK1c..." fgcolor="#000000" bgcolor="#BFFFBF"
             type="rectangle" x="868" y="426" width="46" height="17"/>
    </entry>
    <entry id="43" name="hsa:5594 hsa:5595" type="gene"
        link="http://www.kegg.jp/dbget-bin/www_bget?hsa:5594+hsa:5595">
        <graphics name="MAPK1, ERK, ERK2, ERT1, MAPK2, P42MAPK, PRKM1, PRKM2, p38, p40, p41, p41mapk..." fgcolor="#000000" bgcolor="#BFFFBF"
             type="rectangle" x="868" y="406" width="46" height="17"/>
    </entry>
    <entry id="44" name="hsa:1432 hsa:5600 hsa:5603 hsa:6300" type="gene"
        link="http://www.kegg.jp/dbget-bin/www_bget?hsa:1432+hsa:5600+hsa:5603+hsa:6300">
        <graphics name="MAPK14, CSBP, CSBP1, CSBP2, CSPB1, EXIP, Mxi2, PRKM14, PRKM15, RK, SAPK2A, p38, p38ALPHA..." fgcolor="#000000" bgcolor="#BFFFBF"
             type="rectangle" x="868" y="446" width="46" height="17"/>
    </entry>
    <entry id="45" name="hsa:84674" type="gene"
        link="http://www.kegg.jp/dbget-bin/www_bget?hsa:84674">
        <graphics name="CARD6, CINCIN1" fgcolor="#000000" bgcolor="#BFFFBF"
             type="rectangle" x="558" y="193" width="46" height="17"/>
    </entry>
    <entry id="46" name="path:map00550" type="map"
        link="http://www.kegg.jp/dbget-bin/www_bget?map00550">
        <graphics name="Peptidoglycan biosynthesis" fgcolor="#000000" bgcolor="#FFFFFF"
             type="roundrectangle" x="119" y="315" width="151" height="25"/>
    </entry>
    <entry id="47" name="path:map02040" type="map"
        link="http://www.kegg.jp/dbget-bin/www_bget?map02040">
        <graphics name="Flagellar assembly" fgcolor="#000000" bgcolor="#FFFFFF"
             type="roundrectangle" x="104" y="898" width="115" height="25"/>
    </entry>
    <entry id="48" name="path:hsa04010" type="map"
        link="http://www.kegg.jp/dbget-bin/www_bget?hsa04010">
        <graphics name="MAPK signaling pathway" fgcolor="#000000" bgcolor="#FFFFFF"
             type="roundrectangle" x="845" y="372" width="96" height="34"/>
    </entry>
    <entry id="49" name="hsa:7128" type="gene"
        link="http://www.kegg.jp/dbget-bin/www_bget?hsa:7128">
        <graphics name="TNFAIP3, A20, OTUD7C, TNFA1P2" fgcolor="#000000" bgcolor="#BFFFBF"
             type="rectangle" x="636" y="178" width="46" height="17"/>
    </entry>
    <entry id="50" name="path:hsa04210" type="map"
        link="http://www.kegg.jp/dbget-bin/www_bget?hsa04210">
        <graphics name="Apoptosis" fgcolor="#000000" bgcolor="#FFFFFF"
             type="roundrectangle" x="806" y="158" width="92" height="25"/>
    </entry>
    <entry id="51" name="path:hsa04620" type="map"
        link="http://www.kegg.jp/dbget-bin/www_bget?hsa04620">
        <graphics name="Toll-like receptor signaling pathway" fgcolor="#000000" bgcolor="#FFFFFF"
             type="roundrectangle" x="981" y="941" width="148" height="34"/>
    </entry>
    <entry id="52" name="hsa:58484" type="gene"
        link="http://www.kegg.jp/dbget-bin/www_bget?hsa:58484">
        <graphics name="NLRC4, CARD12, CLAN, CLAN1, CLANA, CLANB, CLANC, CLAND, CLR2.1, IPAF" fgcolor="#000000" bgcolor="#BFFFBF"
             type="rectangle" x="550" y="986" width="46" height="17"/>
    </entry>
    <entry id="53" name="hsa:834" type="gene"
        link="http://www.kegg.jp/dbget-bin/www_bget?hsa:834">
        <graphics name="CASP1, ICE, IL1BC, P45" fgcolor="#000000" bgcolor="#BFFFBF"
             type="rectangle" x="670" y="986" width="46" height="17"/>
    </entry>
    <entry id="54" name="hsa:4671" type="gene"
        link="http://www.kegg.jp/dbget-bin/www_bget?hsa:4671">
        <graphics name="NAIP, BIRC1, NLRB1, psiNAIP" fgcolor="#000000" bgcolor="#BFFFBF"
             type="rectangle" x="550" y="1003" width="46" height="17"/>
    </entry>
    <entry id="55" name="hsa:59082" type="gene"
        link="http://www.kegg.jp/dbget-bin/www_bget?hsa:59082">
        <graphics name="CARD18, ICEBERG, UNQ5804, pseudo-ICE" fgcolor="#000000" bgcolor="#BFFFBF"
             type="rectangle" x="628" y="834" width="46" height="17"/>
    </entry>
    <entry id="56" name="hsa:260434" type="gene"
        link="http://www.kegg.jp/dbget-bin/www_bget?hsa:260434">
        <graphics name="PYDC1, ASC2, POP1, PYC1" fgcolor="#000000" bgcolor="#BFFFBF"
             type="rectangle" x="573" y="649" width="46" height="17"/>
    </entry>
    <entry id="57" name="hsa:4210" type="gene"
        link="http://www.kegg.jp/dbget-bin/www_bget?hsa:4210">
        <graphics name="MEFV, FMF, MEF, TRIM20" fgcolor="#000000" bgcolor="#BFFFBF"
             type="rectangle" x="648" y="649" width="46" height="17"/>
    </entry>
    <entry id="58" name="hsa:9051" type="gene"
        link="http://www.kegg.jp/dbget-bin/www_bget?hsa:9051">
        <graphics name="PSTPIP1, CD2BP1, CD2BP1L, CD2BP1S, H-PIP, PAPAS, PSTPIP" fgcolor="#000000" bgcolor="#BFFFBF"
             type="rectangle" x="708" y="649" width="46" height="17"/>
    </entry>
    <entry id="59" name="hsa:7189" type="gene"
        link="http://www.kegg.jp/dbget-bin/www_bget?hsa:7189">
        <graphics name="TRAF6, MGC:3310, RNF85" fgcolor="#000000" bgcolor="#BFFFBF"
             type="rectangle" x="727" y="270" width="46" height="17"/>
    </entry>
    <entry id="60" name="ko:K10948" type="ortholog"
        link="http://www.kegg.jp/dbget-bin/www_bget?K10948">
        <graphics name="K10948" fgcolor="#000000" bgcolor="#FFFFFF"
             type="rectangle" x="245" y="652" width="46" height="17"/>
    </entry>
    <entry id="61" name="ko:K11031" type="ortholog"
        link="http://www.kegg.jp/dbget-bin/www_bget?K11031">
        <graphics name="K11031" fgcolor="#000000" bgcolor="#FFFFFF"
             type="rectangle" x="245" y="627" width="46" height="17"/>
    </entry>
    <entry id="62" name="ko:K08645 ko:K11030" type="ortholog"
        link="http://www.kegg.jp/dbget-bin/www_bget?K08645+K11030">
        <graphics name="K08645..." fgcolor="#000000" bgcolor="#FFFFFF"
             type="rectangle" x="337" y="553" width="46" height="17"/>
    </entry>
    <entry id="63" name="path:map03070" type="map"
        link="http://www.kegg.jp/dbget-bin/www_bget?map03070">
        <graphics name="Bacterial secretion system" fgcolor="#000000" bgcolor="#FFFFFF"
             type="roundrectangle" x="193" y="941" width="146" height="25"/>
    </entry>
    <entry id="64" name="cpd:C16060" type="compound"
        link="http://www.kegg.jp/dbget-bin/www_bget?C16060">
        <graphics name="C16060" fgcolor="#000000" bgcolor="#FFFFFF"
             type="circle" x="1233" y="222" width="8" height="8"/>
    </entry>
    <entry id="65" name="path:hsa04621" type="map"
        link="http://www.kegg.jp/dbget-bin/www_bget?hsa04621">
        <graphics name="TITLE:NOD-like receptor signaling pathway" fgcolor="#000000" bgcolor="#FFFFFF"
             type="roundrectangle" x="204" y="58" width="327" height="25"/>
    </entry>
    <entry id="66" name="path:hsa04064" type="map"
        link="http://www.kegg.jp/dbget-bin/www_bget?hsa04064">
        <graphics name="NF-kappa B signaling pathway" fgcolor="#000000" bgcolor="#FFFFFF"
             type="roundrectangle" x="908" y="232" width="110" height="34"/>
    </entry>
    <entry id="67" name="undefined" type="group">
        <graphics fgcolor="#000000" bgcolor="#FFFFFF"
             type="rectangle" x="841" y="287" width="46" height="51"/>
        <component id="4"/>
        <component id="7"/>
        <component id="8"/>
    </entry>
    <entry id="68" name="undefined" type="group">
        <graphics fgcolor="#000000" bgcolor="#FFFFFF"
             type="rectangle" x="708" y="378" width="46" height="51"/>
        <component id="10"/>
        <component id="11"/>
        <component id="9"/>
    </entry>
    <entry id="69" name="undefined" type="group">
        <graphics fgcolor="#000000" bgcolor="#FFFFFF"
             type="rectangle" x="550" y="994" width="46" height="34"/>
        <component id="52"/>
        <component id="54"/>
    </entry>
    <relation entry1="1" entry2="3" type="PPrel">
        <subtype name="activation" value="--&gt;"/>
    </relation>
    <relation entry1="2" entry2="3" type="PPrel">
        <subtype name="activation" value="--&gt;"/>
    </relation>
    <relation entry1="3" entry2="59" type="PPrel">
        <subtype name="activation" value="--&gt;"/>
        <subtype name="indirect effect" value="..&gt;"/>
    </relation>
    <relation entry1="59" entry2="67" type="PPrel">
        <subtype name="activation" value="--&gt;"/>
        <subtype name="ubiquitination" value="+u"/>
    </relation>
    <relation entry1="5" entry2="6" type="PPrel">
        <subtype name="dissociation" value="-+-"/>
    </relation>
    <relation entry1="3" entry2="68" type="PPrel">
        <subtype name="activation" value="--&gt;"/>
    </relation>
    <relation entry1="68" entry2="43" type="PPrel">
        <subtype name="activation" value="--&gt;"/>
        <subtype name="phosphorylation" value="+p"/>
        <subtype name="indirect effect" value="..&gt;"/>
    </relation>
    <relation entry1="68" entry2="42" type="PPrel">
        <subtype name="activation" value="--&gt;"/>
        <subtype name="phosphorylation" value="+p"/>
        <subtype name="indirect effect" value="..&gt;"/>
    </relation>
    <relation entry1="68" entry2="44" type="PPrel">
        <subtype name="activation" value="--&gt;"/>
        <subtype name="phosphorylation" value="+p"/>
        <subtype name="indirect effect" value="..&gt;"/>
    </relation>
    <relation entry1="18" entry2="42" type="PPrel">
        <subtype name="activation" value="--&gt;"/>
        <subtype name="indirect effect" value="..&gt;"/>
    </relation>
    <relation entry1="18" entry2="44" type="PPrel">
        <subtype name="activation" value="--&gt;"/>
        <subtype name="indirect effect" value="..&gt;"/>
    </relation>
    <relation entry1="3" entry2="28" type="PPrel">
        <subtype name="activation" value="--&gt;"/>
        <subtype name="indirect effect" value="..&gt;"/>
    </relation>
    <relation entry1="1" entry2="27" type="PPrel">
        <subtype name="binding/association" value="---"/>
    </relation>
    <relation entry1="27" entry2="3" type="PPrel">
        <subtype name="binding/association" value="---"/>
    </relation>
    <relation entry1="3" entry2="18" type="PPrel">
        <subtype name="binding/association" value="---"/>
    </relation>
    <relation entry1="39" entry2="1" type="PPrel">
        <subtype name="activation" value="--&gt;"/>
        <subtype name="indirect effect" value="..&gt;"/>
    </relation>
    <relation entry1="45" entry2="3" type="PPrel">
        <subtype name="activation" value="--&gt;"/>
    </relation>
    <relation entry1="19" entry2="3" type="PPrel">
        <subtype name="activation" value="--&gt;"/>
        <subtype name="ubiquitination" value="+u"/>
    </relation>
    <relation entry1="49" entry2="3" type="PPrel">
        <subtype name="inhibition" value="--|"/>
    </relation>
    <relation entry1="38" entry2="2" type="PPrel">
        <subtype name="inhibition" value="--|"/>
    </relation>
    <relation entry1="20" entry2="22" type="PPrel">
        <subtype name="binding/association" value="---"/>
    </relation>
    <relation entry1="22" entry2="23" type="PPrel">
        <subtype name="activation" value="--&gt;"/>
    </relation>
    <relation entry1="22" entry2="29" type="PPrel">
        <subtype name="activation" value="--&gt;"/>
    </relation>
    <relation entry1="20" entry2="29" type="PPrel">
        <subtype name="binding/association" value="---"/>
    </relation>
    <relation entry1="21" entry2="30" type="PPrel">
        <subtype name="binding/association" value="---"/>
    </relation>
    <relation entry1="30" entry2="32" type="PPrel">
        <subtype name="binding/association" value="---"/>
    </relation>
    <relation entry1="21" entry2="31" type="PPrel">
        <subtype name="binding/association" value="---"/>
    </relation>
    <relation entry1="31" entry2="41" type="PPrel">
        <subtype name="binding/association" value="---"/>
    </relation>
    <relation entry1="56" entry2="30" type="PPrel">
        <subtype name="inhibition" value="--|"/>
    </relation>
    <relation entry1="57" entry2="30" type="PPrel">
        <subtype name="inhibition" value="--|"/>
    </relation>
    <relation entry1="57" entry2="58" type="PPrel">
        <subtype name="binding/association" value="---"/>
    </relation>
    <relation entry1="36" entry2="21" type="PPrel">
        <subtype name="activation" value="--&gt;"/>
    </relation>
    <relation entry1="36" entry2="37" type="PPrel">
        <subtype name="binding/association" value="---"/>
    </relation>
    <relation entry1="37" entry2="21" type="PPrel">
        <subtype name="binding/association" value="---"/>
    </relation>
    <relation entry1="33" entry2="35" type="PPrel">
        <subtype name="binding/association" value="---"/>
    </relation>
    <relation entry1="35" entry2="34" type="PPrel">
        <subtype name="binding/association" value="---"/>
    </relation>
    <relation entry1="55" entry2="35" type="PPrel">
        <subtype name="inhibition" value="--|"/>
    </relation>
    <relation entry1="69" entry2="53" type="PPrel">
        <subtype name="binding/association" value="---"/>
    </relation>
    <relation entry1="9" entry2="8" type="PPrel">
        <subtype name="activation" value="--&gt;"/>
        <subtype name="phosphorylation" value="+p"/>
    </relation>
    <relation entry1="8" entry2="5" type="PPrel">
        <subtype name="phosphorylation" value="+p"/>
    </relation>
</pathway>