<?xml version="1.0"?>
<!DOCTYPE pathway SYSTEM "http://www.kegg.jp/kegg/xml/KGML_v0.7.1_.dtd">
<!-- Creation date: Jul 26, 2013 14:08:45 +0900 (GMT+09:00) -->
<pathway name="path:hsa05131" org="hsa" number="05131"
         title="Shigellosis"
         image="http://www.kegg.jp/kegg/pathway/hsa/hsa05131.png"
         link="http://www.kegg.jp/kegg-bin/show_pathway?hsa05131">
    <entry id="1" name="path:hsa05130" type="map"
        link="http://www.kegg.jp/dbget-bin/www_bget?hsa05130">
        <graphics name="Pathogenic Escherichia coli infection" fgcolor="#000000" bgcolor="#FFFFFF"
             type="roundrectangle" x="100" y="58" width="119" height="25"/>
    </entry>
    <entry id="2" name="hsa:5879" type="gene"
        link="http://www.kegg.jp/dbget-bin/www_bget?hsa:5879">
        <graphics name="RAC1, Rac-1, TC-25, p21-Rac1" fgcolor="#000000" bgcolor="#BFFFBF"
             type="rectangle" x="626" y="257" width="46" height="17"/>
    </entry>
    <entry id="3" name="hsa:1793" type="gene"
        link="http://www.kegg.jp/dbget-bin/www_bget?hsa:1793">
        <graphics name="DOCK1, DOCK180, ced5" fgcolor="#000000" bgcolor="#BFFFBF"
             type="rectangle" x="626" y="218" width="46" height="17"/>
    </entry>
    <entry id="4" name="hsa:1398 hsa:1399" type="gene"
        link="http://www.kegg.jp/dbget-bin/www_bget?hsa:1398+hsa:1399">
        <graphics name="CRK, CRKII, p38..." fgcolor="#000000" bgcolor="#BFFFBF"
             type="rectangle" x="484" y="218" width="46" height="17"/>
    </entry>
    <entry id="5" name="hsa:2017 hsa:3059" type="gene"
        link="http://www.kegg.jp/dbget-bin/www_bget?hsa:2017+hsa:3059">
        <graphics name="CTTN, EMS1..." fgcolor="#000000" bgcolor="#BFFFBF"
             type="rectangle" x="434" y="208" width="46" height="17"/>
    </entry>
    <entry id="6" name="hsa:6714" type="gene"
        link="http://www.kegg.jp/dbget-bin/www_bget?hsa:6714">
        <graphics name="SRC, ASV, SRC1, c-SRC, p60-Src" fgcolor="#000000" bgcolor="#BFFFBF"
             type="rectangle" x="384" y="218" width="46" height="17"/>
    </entry>
    <entry id="7" name="hsa:25" type="gene"
        link="http://www.kegg.jp/dbget-bin/www_bget?hsa:25">
        <graphics name="ABL1, ABL, JTK7, bcr/abl, c-ABL, p150, v-abl" fgcolor="#000000" bgcolor="#BFFFBF"
             type="rectangle" x="434" y="229" width="46" height="17"/>
    </entry>
    <entry id="8" name="hsa:9844" type="gene"
        link="http://www.kegg.jp/dbget-bin/www_bget?hsa:9844">
        <graphics name="ELMO1, CED-12, CED12, ELMO-1" fgcolor="#000000" bgcolor="#BFFFBF"
             type="rectangle" x="626" y="179" width="46" height="17"/>
    </entry>
    <entry id="9" name="hsa:391" type="gene"
        link="http://www.kegg.jp/dbget-bin/www_bget?hsa:391">
        <graphics name="RHOG, ARHG" fgcolor="#000000" bgcolor="#BFFFBF"
             type="rectangle" x="626" y="138" width="46" height="17"/>
    </entry>
    <entry id="10" name="hsa:998" type="gene"
        link="http://www.kegg.jp/dbget-bin/www_bget?hsa:998">
        <graphics name="CDC42, CDC42Hs, G25K" fgcolor="#000000" bgcolor="#BFFFBF"
             type="rectangle" x="503" y="243" width="46" height="17"/>
    </entry>
    <entry id="11" name="hsa:10163 hsa:8936" type="gene"
        link="http://www.kegg.jp/dbget-bin/www_bget?hsa:10163+hsa:8936">
        <graphics name="WASF2, IMD2, SCAR2, WASF4, WAVE2, dJ393P12.2..." fgcolor="#000000" bgcolor="#BFFFBF"
             type="rectangle" x="627" y="300" width="46" height="17"/>
    </entry>
    <entry id="12" name="hsa:10092 hsa:10093 hsa:10094 hsa:10095 hsa:10109 hsa:10552 hsa:81873" type="gene"
        link="http://www.kegg.jp/dbget-bin/www_bget?hsa:10092+hsa:10093+hsa:10094+hsa:10095+hsa:10109+hsa:10552+hsa:81873">
        <graphics name="ARPC5, ARC16, dJ127C7.3, p16-Arc..." fgcolor="#000000" bgcolor="#BFFFBF"
             type="rectangle" x="627" y="346" width="46" height="17"/>
    </entry>
    <entry id="13" name="hsa:7414" type="gene"
        link="http://www.kegg.jp/dbget-bin/www_bget?hsa:7414">
        <graphics name="VCL, CMD1W, CMH15, MVCL" fgcolor="#000000" bgcolor="#BFFFBF"
             type="rectangle" x="458" y="323" width="46" height="17"/>
    </entry>
    <entry id="14" name="ko:K13742" type="ortholog"
        link="http://www.kegg.jp/dbget-bin/www_bget?K13742">
        <graphics name="K13742" fgcolor="#000000" bgcolor="#FFFFFF"
             type="rectangle" x="322" y="189" width="46" height="17"/>
    </entry>
    <entry id="15" name="ko:K12785" type="ortholog"
        link="http://www.kegg.jp/dbget-bin/www_bget?K12785">
        <graphics name="K12785" fgcolor="#000000" bgcolor="#FFFFFF"
             type="rectangle" x="323" y="273" width="46" height="17"/>
    </entry>
    <entry id="16" name="ko:K13286" type="ortholog"
        link="http://www.kegg.jp/dbget-bin/www_bget?K13286">
        <graphics name="K13286" fgcolor="#000000" bgcolor="#FFFFFF"
             type="rectangle" x="322" y="235" width="46" height="17"/>
    </entry>
    <entry id="17" name="ko:K13286" type="ortholog"
        link="http://www.kegg.jp/dbget-bin/www_bget?K13286">
        <graphics name="K13286" fgcolor="#000000" bgcolor="#FFFFFF"
             type="rectangle" x="108" y="258" width="46" height="17"/>
    </entry>
    <entry id="18" name="ko:K13285" type="ortholog"
        link="http://www.kegg.jp/dbget-bin/www_bget?K13285">
        <graphics name="K13285" fgcolor="#000000" bgcolor="#FFFFFF"
             type="rectangle" x="108" y="279" width="46" height="17"/>
    </entry>
    <entry id="19" name="ko:K13085" type="ortholog"
        link="http://www.kegg.jp/dbget-bin/www_bget?K13085">
        <graphics name="K13085" fgcolor="#000000" bgcolor="#FFFFFF"
             type="rectangle" x="323" y="352" width="46" height="17"/>
    </entry>
    <entry id="20" name="cpd:C04637" type="compound"
        link="http://www.kegg.jp/dbget-bin/www_bget?C04637">
        <graphics name="C04637" fgcolor="#000000" bgcolor="#FFFFFF"
             type="circle" x="456" y="359" width="8" height="8"/>
    </entry>
    <entry id="21" name="ko:K13790" type="ortholog"
        link="http://www.kegg.jp/dbget-bin/www_bget?K13790">
        <graphics name="K13790" fgcolor="#000000" bgcolor="#FFFFFF"
             type="rectangle" x="666" y="513" width="46" height="17"/>
    </entry>
    <entry id="22" name="hsa:9474" type="gene"
        link="http://www.kegg.jp/dbget-bin/www_bget?hsa:9474">
        <graphics name="ATG5, APG5, APG5-LIKE, APG5L, ASP, hAPG5" fgcolor="#000000" bgcolor="#BFFFBF"
             type="rectangle" x="627" y="568" width="46" height="17"/>
    </entry>
    <entry id="23" name="path:hsa04140" type="map"
        link="http://www.kegg.jp/dbget-bin/www_bget?hsa04140">
        <graphics name="Regulation of autophagy" fgcolor="#000000" bgcolor="#FFFFFF"
             type="roundrectangle" x="826" y="562" width="148" height="25"/>
    </entry>
    <entry id="24" name="ko:K12679" type="ortholog"
        link="http://www.kegg.jp/dbget-bin/www_bget?K12679">
        <graphics name="K12679" fgcolor="#000000" bgcolor="#FFFFFF"
             type="rectangle" x="652" y="496" width="46" height="17"/>
    </entry>
    <entry id="25" name="ko:K12785" type="ortholog"
        link="http://www.kegg.jp/dbget-bin/www_bget?K12785">
        <graphics name="K12785" fgcolor="#000000" bgcolor="#FFFFFF"
             type="rectangle" x="715" y="496" width="46" height="17"/>
    </entry>
    <entry id="26" name="hsa:10392 hsa:64127" type="gene"
        link="http://www.kegg.jp/dbget-bin/www_bget?hsa:10392+hsa:64127">
        <graphics name="NOD1, CARD4, CLR7.1, NLRC1..." fgcolor="#000000" bgcolor="#BFFFBF"
             type="rectangle" x="374" y="720" width="46" height="17"/>
    </entry>
    <entry id="27" name="hsa:8767" type="gene"
        link="http://www.kegg.jp/dbget-bin/www_bget?hsa:8767">
        <graphics name="RIPK2, CARD3, CARDIAK, CCK, GIG30, RICK, RIP2" fgcolor="#000000" bgcolor="#BFFFBF"
             type="rectangle" x="444" y="720" width="46" height="17"/>
    </entry>
    <entry id="28" name="hsa:8517" type="gene"
        link="http://www.kegg.jp/dbget-bin/www_bget?hsa:8517">
        <graphics name="IKBKG, AMCBX1, FIP-3, FIP3, Fip3p, IKK-gamma, IP, IP1, IP2, IPD2, NEMO, ZC2HC9" fgcolor="#000000" bgcolor="#BFFFBF"
             type="rectangle" x="503" y="765" width="46" height="17"/>
    </entry>
    <entry id="29" name="hsa:1147" type="gene"
        link="http://www.kegg.jp/dbget-bin/www_bget?hsa:1147">
        <graphics name="CHUK, IKBKA, IKK-alpha, IKK1, IKKA, NFKBIKA, TCF16" fgcolor="#000000" bgcolor="#BFFFBF"
             type="rectangle" x="503" y="782" width="46" height="17"/>
    </entry>
    <entry id="30" name="hsa:3551" type="gene"
        link="http://www.kegg.jp/dbget-bin/www_bget?hsa:3551">
        <graphics name="IKBKB, IKK-beta, IKK2, IKKB, NFKBIKB" fgcolor="#000000" bgcolor="#BFFFBF"
             type="rectangle" x="503" y="799" width="46" height="17"/>
    </entry>
    <entry id="31" name="hsa:4792 hsa:4793" type="gene"
        link="http://www.kegg.jp/dbget-bin/www_bget?hsa:4792+hsa:4793">
        <graphics name="NFKBIA, IKBA, MAD-3, NFKBI..." fgcolor="#000000" bgcolor="#BFFFBF"
             type="rectangle" x="577" y="782" width="46" height="17"/>
    </entry>
    <entry id="32" name="hsa:4790 hsa:5970" type="gene"
        link="http://www.kegg.jp/dbget-bin/www_bget?hsa:4790+hsa:5970">
        <graphics name="NFKB1, EBP-1, KBF1, NF-kB1, NF-kappa-B, NF-kappaB, NFKB-p105, NFKB-p50, NFkappaB, p105, p50..." fgcolor="#000000" bgcolor="#BFFFBF"
             type="rectangle" x="577" y="748" width="46" height="17"/>
    </entry>
    <entry id="33" name="path:hsa04010" type="map"
        link="http://www.kegg.jp/dbget-bin/www_bget?hsa04010">
        <graphics name="MAPK signaling pathway" fgcolor="#000000" bgcolor="#FFFFFF"
             type="roundrectangle" x="488" y="668" width="107" height="34"/>
    </entry>
    <entry id="34" name="hsa:5599 hsa:5601 hsa:5602" type="gene"
        link="http://www.kegg.jp/dbget-bin/www_bget?hsa:5599+hsa:5601+hsa:5602">
        <graphics name="MAPK8, JNK, JNK-46, JNK1, JNK1A2, JNK21B1/2, PRKM8, SAPK1, SAPK1c..." fgcolor="#000000" bgcolor="#BFFFBF"
             type="rectangle" x="578" y="668" width="46" height="17"/>
    </entry>
    <entry id="35" name="hsa:5594 hsa:5595" type="gene"
        link="http://www.kegg.jp/dbget-bin/www_bget?hsa:5594+hsa:5595">
        <graphics name="MAPK1, ERK, ERK2, ERT1, MAPK2, P42MAPK, PRKM1, PRKM2, p38, p40, p41, p41mapk..." fgcolor="#000000" bgcolor="#BFFFBF"
             type="rectangle" x="578" y="688" width="46" height="17"/>
    </entry>
    <entry id="36" name="hsa:1432 hsa:5600 hsa:5603 hsa:6300" type="gene"
        link="http://www.kegg.jp/dbget-bin/www_bget?hsa:1432+hsa:5600+hsa:5603+hsa:6300">
        <graphics name="MAPK14, CSBP, CSBP1, CSBP2, CSPB1, EXIP, Mxi2, PRKM14, PRKM15, RK, SAPK2A, p38, p38ALPHA..." fgcolor="#000000" bgcolor="#BFFFBF"
             type="rectangle" x="578" y="708" width="46" height="17"/>
    </entry>
    <entry id="37" name="ko:K13450" type="ortholog"
        link="http://www.kegg.jp/dbget-bin/www_bget?K13450">
        <graphics name="K13450" fgcolor="#000000" bgcolor="#FFFFFF"
             type="rectangle" x="657" y="615" width="43" height="17"/>
    </entry>
    <entry id="38" name="hsa:3576" type="gene"
        link="http://www.kegg.jp/dbget-bin/www_bget?hsa:3576">
        <graphics name="IL8, CXCL8, GCP-1, GCP1, LECT, LUCT, LYNAP, MDNCF, MONAP, NAF, NAP-1, NAP1" fgcolor="#000000" bgcolor="#BFFFBF"
             type="rectangle" x="754" y="729" width="43" height="17"/>
    </entry>
    <entry id="39" name="hsa:7307" type="gene"
        link="http://www.kegg.jp/dbget-bin/www_bget?hsa:7307">
        <graphics name="U2AF1, FP793, RN, RNU2AF1, U2AF35, U2AFBP" fgcolor="#000000" bgcolor="#BFFFBF"
             type="rectangle" x="706" y="671" width="43" height="17"/>
    </entry>
    <entry id="40" name="ko:K13791" type="ortholog"
        link="http://www.kegg.jp/dbget-bin/www_bget?K13791">
        <graphics name="K13791" fgcolor="#000000" bgcolor="#FFFFFF"
             type="rectangle" x="706" y="615" width="43" height="17"/>
    </entry>
    <entry id="41" name="hsa:7322" type="gene"
        link="http://www.kegg.jp/dbget-bin/www_bget?hsa:7322">
        <graphics name="UBE2D2, E2(17)KB2, PUBC1, UBC4, UBC4/5, UBCH5B" fgcolor="#000000" bgcolor="#BFFFBF"
             type="rectangle" x="503" y="829" width="46" height="17"/>
    </entry>
    <entry id="42" name="hsa:23291 hsa:8945" type="gene"
        link="http://www.kegg.jp/dbget-bin/www_bget?hsa:23291+hsa:8945">
        <graphics name="FBXW11, BTRC2, BTRCP2, FBW1B, FBXW1B, Fbw11, Hos..." fgcolor="#000000" bgcolor="#BFFFBF"
             type="rectangle" x="503" y="846" width="46" height="17"/>
    </entry>
    <entry id="43" name="ko:K13792" type="ortholog"
        link="http://www.kegg.jp/dbget-bin/www_bget?K13792">
        <graphics name="K13792" fgcolor="#000000" bgcolor="#FFFFFF"
             type="rectangle" x="322" y="828" width="43" height="17"/>
    </entry>
    <entry id="44" name="ko:K11006" type="ortholog"
        link="http://www.kegg.jp/dbget-bin/www_bget?K11006">
        <graphics name="K11006" fgcolor="#000000" bgcolor="#FFFFFF"
             type="rectangle" x="462" y="974" width="46" height="17"/>
    </entry>
    <entry id="45" name="ko:K11007" type="ortholog"
        link="http://www.kegg.jp/dbget-bin/www_bget?K11007">
        <graphics name="K11007" fgcolor="#000000" bgcolor="#FFFFFF"
             type="rectangle" x="462" y="1005" width="46" height="17"/>
    </entry>
    <entry id="46" name="path:hsa05100" type="map"
        link="http://www.kegg.jp/dbget-bin/www_bget?hsa05100">
        <graphics name="Bacterial invasion of epithelial cells" fgcolor="#000000" bgcolor="#FFFFFF"
             type="roundrectangle" x="735" y="215" width="133" height="34"/>
    </entry>
    <entry id="47" name="path:hsa04621" type="map"
        link="http://www.kegg.jp/dbget-bin/www_bget?hsa04621">
        <graphics name="NOD-like receptor signaling pathway" fgcolor="#000000" bgcolor="#FFFFFF"
             type="roundrectangle" x="391" y="756" width="110" height="34"/>
    </entry>
    <entry id="48" name="ko:K13285" type="ortholog"
        link="http://www.kegg.jp/dbget-bin/www_bget?K13285">
        <graphics name="K13285" fgcolor="#000000" bgcolor="#FFFFFF"
             type="rectangle" x="322" y="879" width="43" height="17"/>
    </entry>
    <entry id="49" name="hsa:10459" type="gene"
        link="http://www.kegg.jp/dbget-bin/www_bget?hsa:10459">
        <graphics name="MAD2L2, MAD2B, POLZ2, REV7" fgcolor="#000000" bgcolor="#BFFFBF"
             type="rectangle" x="707" y="879" width="46" height="17"/>
    </entry>
    <entry id="50" name="path:hsa04110" type="map"
        link="http://www.kegg.jp/dbget-bin/www_bget?hsa04110">
        <graphics name="Cell cycle" fgcolor="#000000" bgcolor="#FFFFFF"
             type="roundrectangle" x="827" y="857" width="81" height="25"/>
    </entry>
    <entry id="51" name="ko:K13793" type="ortholog"
        link="http://www.kegg.jp/dbget-bin/www_bget?K13793">
        <graphics name="K13793" fgcolor="#000000" bgcolor="#FFFFFF"
             type="rectangle" x="322" y="925" width="43" height="17"/>
    </entry>
    <entry id="52" name="ko:K13284" type="ortholog"
        link="http://www.kegg.jp/dbget-bin/www_bget?K13284">
        <graphics name="K13284" fgcolor="#000000" bgcolor="#FFFFFF"
             type="rectangle" x="323" y="309" width="46" height="17"/>
    </entry>
    <entry id="53" name="ko:K13743" type="ortholog"
        link="http://www.kegg.jp/dbget-bin/www_bget?K13743">
        <graphics name="K13743" fgcolor="#000000" bgcolor="#FFFFFF"
             type="rectangle" x="323" y="400" width="46" height="17"/>
    </entry>
    <entry id="54" name="hsa:6093 hsa:9475" type="gene"
        link="http://www.kegg.jp/dbget-bin/www_bget?hsa:6093+hsa:9475">
        <graphics name="ROCK1, P160ROCK, ROCK-I..." fgcolor="#000000" bgcolor="#BFFFBF"
             type="rectangle" x="458" y="411" width="46" height="17"/>
    </entry>
    <entry id="55" name="hsa:7454 hsa:8976" type="gene"
        link="http://www.kegg.jp/dbget-bin/www_bget?hsa:7454+hsa:8976">
        <graphics name="WAS, IMD2, SCNX, THC, THC1, WASP..." fgcolor="#000000" bgcolor="#BFFFBF"
             type="rectangle" x="595" y="496" width="46" height="17"/>
    </entry>
    <entry id="56" name="hsa:7414" type="gene"
        link="http://www.kegg.jp/dbget-bin/www_bget?hsa:7414">
        <graphics name="VCL, CMD1W, CMH15, MVCL" fgcolor="#000000" bgcolor="#BFFFBF"
             type="rectangle" x="573" y="529" width="46" height="17"/>
    </entry>
    <entry id="57" name="hsa:345456 hsa:375189 hsa:5216 hsa:5217" type="gene"
        link="http://www.kegg.jp/dbget-bin/www_bget?hsa:345456+hsa:375189+hsa:5216+hsa:5217">
        <graphics name="PFN3..." fgcolor="#000000" bgcolor="#BFFFBF"
             type="rectangle" x="553" y="563" width="46" height="17"/>
    </entry>
    <entry id="58" name="hsa:998" type="gene"
        link="http://www.kegg.jp/dbget-bin/www_bget?hsa:998">
        <graphics name="CDC42, CDC42Hs, G25K" fgcolor="#000000" bgcolor="#BFFFBF"
             type="rectangle" x="573" y="463" width="46" height="17"/>
    </entry>
    <entry id="59" name="hsa:10092 hsa:10093 hsa:10094 hsa:10095 hsa:10109 hsa:10552 hsa:81873" type="gene"
        link="http://www.kegg.jp/dbget-bin/www_bget?hsa:10092+hsa:10093+hsa:10094+hsa:10095+hsa:10109+hsa:10552+hsa:81873">
        <graphics name="ARPC5, ARC16, dJ127C7.3, p16-Arc..." fgcolor="#000000" bgcolor="#BFFFBF"
             type="rectangle" x="538" y="496" width="46" height="17"/>
    </entry>
    <entry id="60" name="path:map03070" type="map"
        link="http://www.kegg.jp/dbget-bin/www_bget?map03070">
        <graphics name="Bacterial secretion system" fgcolor="#000000" bgcolor="#FFFFFF"
             type="roundrectangle" x="325" y="615" width="133" height="34"/>
    </entry>
    <entry id="61" name="path:hsa04510" type="map"
        link="http://www.kegg.jp/dbget-bin/www_bget?hsa04510">
        <graphics name="Focal adhesion" fgcolor="#000000" bgcolor="#FFFFFF"
             type="roundrectangle" x="536" y="324" width="90" height="25"/>
    </entry>
    <entry id="62" name="path:hsa04810" type="map"
        link="http://www.kegg.jp/dbget-bin/www_bget?hsa04810">
        <graphics name="Regulation of actin cytoskeleton" fgcolor="#000000" bgcolor="#FFFFFF"
             type="roundrectangle" x="735" y="269" width="133" height="34"/>
    </entry>
    <entry id="63" name="hsa:60 hsa:71" type="gene"
        link="http://www.kegg.jp/dbget-bin/www_bget?hsa:60+hsa:71">
        <graphics name="ACTB, BRWS1, PS1TP5BP1..." fgcolor="#000000" bgcolor="#BFFFBF"
             type="rectangle" x="481" y="496" width="46" height="17"/>
    </entry>
    <entry id="64" name="ko:K11011 ko:K11012" type="ortholog"
        link="http://www.kegg.jp/dbget-bin/www_bget?K11011+K11012">
        <graphics name="K11011..." fgcolor="#000000" bgcolor="#FFFFFF"
             type="rectangle" x="462" y="1041" width="46" height="17"/>
    </entry>
    <entry id="65" name="ko:K13287" type="ortholog"
        link="http://www.kegg.jp/dbget-bin/www_bget?K13287">
        <graphics name="K13287" fgcolor="#000000" bgcolor="#FFFFFF"
             type="rectangle" x="58" y="267" width="46" height="17"/>
    </entry>
    <entry id="66" name="cpd:C04737" type="compound"
        link="http://www.kegg.jp/dbget-bin/www_bget?C04737">
        <graphics name="C04737" fgcolor="#000000" bgcolor="#FFFFFF"
             type="circle" x="195" y="1005" width="8" height="8"/>
    </entry>
    <entry id="67" name="hsa:1729" type="gene"
        link="http://www.kegg.jp/dbget-bin/www_bget?hsa:1729">
        <graphics name="DIAPH1, DFNA1, DIA1, DRF1, LFHL1, hDIA1" fgcolor="#000000" bgcolor="#BFFFBF"
             type="rectangle" x="458" y="390" width="46" height="17"/>
    </entry>
    <entry id="68" name="hsa:3678" type="gene"
        link="http://www.kegg.jp/dbget-bin/www_bget?hsa:3678">
        <graphics name="ITGA5, CD49e, FNRA, VLA5A" fgcolor="#000000" bgcolor="#BFFFBF"
             type="rectangle" x="195" y="260" width="46" height="17"/>
    </entry>
    <entry id="69" name="hsa:3688" type="gene"
        link="http://www.kegg.jp/dbget-bin/www_bget?hsa:3688">
        <graphics name="ITGB1, CD29, FNRB, GPIIA, MDF2, MSK12, VLA-BETA, VLAB" fgcolor="#000000" bgcolor="#BFFFBF"
             type="rectangle" x="195" y="277" width="46" height="17"/>
    </entry>
    <entry id="70" name="hsa:960" type="gene"
        link="http://www.kegg.jp/dbget-bin/www_bget?hsa:960">
        <graphics name="CD44, CDW44, CSPG8, ECMR-III, HCELL, HUTCH-I, IN, LHR, MC56, MDU2, MDU3, MIC4, Pgp1" fgcolor="#000000" bgcolor="#BFFFBF"
             type="rectangle" x="196" y="321" width="46" height="17"/>
    </entry>
    <entry id="71" name="path:map03070" type="map"
        link="http://www.kegg.jp/dbget-bin/www_bget?map03070">
        <graphics name="Bacterial secretion system" fgcolor="#000000" bgcolor="#FFFFFF"
             type="roundrectangle" x="197" y="224" width="133" height="34"/>
    </entry>
    <entry id="72" name="path:hsa04510" type="map"
        link="http://www.kegg.jp/dbget-bin/www_bget?hsa04510">
        <graphics name="Focal adhesion" fgcolor="#000000" bgcolor="#FFFFFF"
             type="roundrectangle" x="193" y="926" width="90" height="25"/>
    </entry>
    <entry id="73" name="undefined" type="group">
        <graphics fgcolor="#000000" bgcolor="#FFFFFF"
             type="rectangle" x="503" y="782" width="46" height="51"/>
        <component id="28"/>
        <component id="29"/>
        <component id="30"/>
    </entry>
    <entry id="74" name="undefined" type="group">
        <graphics fgcolor="#000000" bgcolor="#FFFFFF"
             type="rectangle" x="503" y="837" width="46" height="34"/>
        <component id="41"/>
        <component id="42"/>
    </entry>
    <relation entry1="9" entry2="8" type="PPrel">
        <subtype name="activation" value="--&gt;"/>
    </relation>
    <relation entry1="8" entry2="3" type="PPrel">
        <subtype name="activation" value="--&gt;"/>
    </relation>
    <relation entry1="3" entry2="2" type="PPrel">
        <subtype name="activation" value="--&gt;"/>
    </relation>
    <relation entry1="2" entry2="11" type="PPrel">
        <subtype name="activation" value="--&gt;"/>
        <subtype name="indirect effect" value="..&gt;"/>
    </relation>
    <relation entry1="11" entry2="12" type="PPrel">
        <subtype name="activation" value="--&gt;"/>
        <subtype name="indirect effect" value="..&gt;"/>
    </relation>
    <relation entry1="10" entry2="2" type="PPrel">
        <subtype name="activation" value="--&gt;"/>
        <subtype name="indirect effect" value="..&gt;"/>
    </relation>
    <relation entry1="63" entry2="59" type="PPrel">
        <subtype name="binding/association" value="---"/>
    </relation>
    <relation entry1="59" entry2="55" type="PPrel">
        <subtype name="binding/association" value="---"/>
    </relation>
    <relation entry1="55" entry2="58" type="PPrel">
        <subtype name="binding/association" value="---"/>
    </relation>
    <relation entry1="55" entry2="56" type="PPrel">
        <subtype name="binding/association" value="---"/>
    </relation>
    <relation entry1="56" entry2="57" type="PPrel">
        <subtype name="binding/association" value="---"/>
    </relation>
    <relation entry1="26" entry2="27" type="PPrel">
        <subtype name="activation" value="--&gt;"/>
    </relation>
    <relation entry1="27" entry2="34" type="PPrel">
        <subtype name="activation" value="--&gt;"/>
        <subtype name="phosphorylation" value="+p"/>
        <subtype name="indirect effect" value="..&gt;"/>
    </relation>
    <relation entry1="27" entry2="35" type="PPrel">
        <subtype name="activation" value="--&gt;"/>
        <subtype name="phosphorylation" value="+p"/>
        <subtype name="indirect effect" value="..&gt;"/>
    </relation>
    <relation entry1="27" entry2="36" type="PPrel">
        <subtype name="activation" value="--&gt;"/>
        <subtype name="phosphorylation" value="+p"/>
        <subtype name="indirect effect" value="..&gt;"/>
    </relation>
    <relation entry1="27" entry2="73" type="PPrel">
        <subtype name="activation" value="--&gt;"/>
        <subtype name="indirect effect" value="..&gt;"/>
    </relation>
    <relation entry1="73" entry2="31" type="PPrel">
        <subtype name="activation" value="--&gt;"/>
        <subtype name="phosphorylation" value="+p"/>
    </relation>
    <relation entry1="31" entry2="32" type="PPrel">
        <subtype name="dissociation" value="-+-"/>
    </relation>
    <relation entry1="32" entry2="38" type="GErel">
        <subtype name="expression" value="--&gt;"/>
    </relation>
    <relation entry1="34" entry2="38" type="GErel">
        <subtype name="expression" value="--&gt;"/>
        <subtype name="indirect effect" value="..&gt;"/>
    </relation>
    <relation entry1="35" entry2="38" type="GErel">
        <subtype name="expression" value="--&gt;"/>
        <subtype name="indirect effect" value="..&gt;"/>
    </relation>
    <relation entry1="36" entry2="38" type="GErel">
        <subtype name="expression" value="--&gt;"/>
        <subtype name="indirect effect" value="..&gt;"/>
    </relation>
    <relation entry1="39" entry2="38" type="GErel">
        <subtype name="repression" value="--|"/>
        <subtype name="indirect effect" value="..&gt;"/>
    </relation>
    <relation entry1="74" entry2="31" type="PPrel">
        <subtype name="ubiquitination" value="+u"/>
    </relation>
</pathway>