<?xml version="1.0"?>
<!DOCTYPE pathway SYSTEM "http://www.kegg.jp/kegg/xml/KGML_v0.7.1_.dtd">
<!-- Creation date: May 30, 2013 16:02:22 +0900 (GMT+09:00) -->
<pathway name="path:hsa04150" org="hsa" number="04150"
         title="mTOR signaling pathway"
         image="http://www.kegg.jp/kegg/pathway/hsa/hsa04150.png"
         link="http://www.kegg.jp/kegg-bin/show_pathway?hsa04150">
    <entry id="1" name="path:hsa04140" type="map"
        link="http://www.kegg.jp/dbget-bin/www_bget?hsa04140">
        <graphics name="Regulation of autophagy" fgcolor="#000000" bgcolor="#FFFFFF"
             type="roundrectangle" x="813" y="430" width="109" height="40"/>
    </entry>
    <entry id="2" name="path:hsa04370" type="map"
        link="http://www.kegg.jp/dbget-bin/www_bget?hsa04370">
        <graphics name="VEGF signaling pathway" fgcolor="#000000" bgcolor="#FFFFFF"
             type="roundrectangle" x="830" y="324" width="109" height="40"/>
    </entry>
    <entry id="3" name="cpd:C04677" type="compound"
        link="http://www.kegg.jp/dbget-bin/www_bget?C04677">
        <graphics name="C04677" fgcolor="#000000" bgcolor="#FFFFFF"
             type="circle" x="273" y="552" width="8" height="8"/>
    </entry>
    <entry id="4" name="cpd:C00020" type="compound"
        link="http://www.kegg.jp/dbget-bin/www_bget?C00020">
        <graphics name="C00020" fgcolor="#000000" bgcolor="#FFFFFF"
             type="circle" x="273" y="523" width="8" height="8"/>
    </entry>
    <entry id="5" name="cpd:C05981" type="compound"
        link="http://www.kegg.jp/dbget-bin/www_bget?C05981">
        <graphics name="C05981" fgcolor="#000000" bgcolor="#FFFFFF"
             type="circle" x="340" y="218" width="8" height="8"/>
    </entry>
    <entry id="6" name="cpd:C15195" type="compound"
        link="http://www.kegg.jp/dbget-bin/www_bget?C15195">
        <graphics name="C15195" fgcolor="#000000" bgcolor="#FFFFFF"
             type="circle" x="407" y="194" width="8" height="8"/>
    </entry>
    <entry id="7" name="cpd:C15181" type="compound"
        link="http://www.kegg.jp/dbget-bin/www_bget?C15181">
        <graphics name="C15181" fgcolor="#000000" bgcolor="#FFFFFF"
             type="circle" x="407" y="179" width="8" height="8"/>
    </entry>
    <entry id="8" name="dr:D00753 dr:D02714 cpd:C15182 cpd:C15183" type="compound"
        link="http://www.kegg.jp/dbget-bin/www_bget?D00753+D02714+C15182+C15183">
        <graphics name="D00753..." fgcolor="#000000" bgcolor="#FFFFFF"
             type="circle" x="505" y="302" width="8" height="8"/>
    </entry>
    <entry id="9" name="dr:D00944" type="compound"
        link="http://www.kegg.jp/dbget-bin/www_bget?D00944">
        <graphics name="D00944" fgcolor="#000000" bgcolor="#FFFFFF"
             type="circle" x="273" y="537" width="8" height="8"/>
    </entry>
    <entry id="10" name="hsa:51719 hsa:81617" type="gene"
        link="http://www.kegg.jp/dbget-bin/www_bget?hsa:51719+hsa:81617">
        <graphics name="CAB39, MO25..." fgcolor="#000000" bgcolor="#BFFFBF"
             type="rectangle" x="341" y="543" width="46" height="17"/>
    </entry>
    <entry id="11" name="hsa:92335" type="gene"
        link="http://www.kegg.jp/dbget-bin/www_bget?hsa:92335">
        <graphics name="STRADA, LYK5, NY-BR-96, PMSE, STRAD, Stlk" fgcolor="#000000" bgcolor="#BFFFBF"
             type="rectangle" x="341" y="526" width="46" height="17"/>
    </entry>
    <entry id="12" name="hsa:6794" type="gene"
        link="http://www.kegg.jp/dbget-bin/www_bget?hsa:6794">
        <graphics name="STK11, LKB1, PJS, hLKB1" fgcolor="#000000" bgcolor="#BFFFBF"
             type="rectangle" x="341" y="509" width="46" height="17"/>
    </entry>
    <entry id="13" name="hsa:673" type="gene"
        link="http://www.kegg.jp/dbget-bin/www_bget?hsa:673">
        <graphics name="BRAF, B-RAF1, BRAF1, NS7, RAFB1" fgcolor="#000000" bgcolor="#BFFFBF"
             type="rectangle" x="505" y="517" width="46" height="17"/>
    </entry>
    <entry id="14" name="hsa:25989 hsa:8408 hsa:9706" type="gene"
        link="http://www.kegg.jp/dbget-bin/www_bget?hsa:25989+hsa:8408+hsa:9706">
        <graphics name="ULK3..." fgcolor="#000000" bgcolor="#BFFFBF"
             type="rectangle" x="602" y="431" width="46" height="17"/>
    </entry>
    <entry id="15" name="hsa:1977 hsa:253314 hsa:9470" type="gene"
        link="http://www.kegg.jp/dbget-bin/www_bget?hsa:1977+hsa:253314+hsa:9470">
        <graphics name="EIF4E, AUTS19, CBP, EIF4E1, EIF4EL1, EIF4F..." fgcolor="#000000" bgcolor="#BFFFBF"
             type="rectangle" x="715" y="395" width="46" height="17"/>
    </entry>
    <entry id="16" name="hsa:1978" type="gene"
        link="http://www.kegg.jp/dbget-bin/www_bget?hsa:1978">
        <graphics name="EIF4EBP1, 4E-BP1, 4EBP1, BP-1, PHAS-I" fgcolor="#000000" bgcolor="#BFFFBF"
             type="rectangle" x="602" y="395" width="46" height="17"/>
    </entry>
    <entry id="17" name="hsa:6194" type="gene"
        link="http://www.kegg.jp/dbget-bin/www_bget?hsa:6194">
        <graphics name="RPS6, S6" fgcolor="#000000" bgcolor="#BFFFBF"
             type="rectangle" x="715" y="373" width="46" height="17"/>
    </entry>
    <entry id="18" name="hsa:1975" type="gene"
        link="http://www.kegg.jp/dbget-bin/www_bget?hsa:1975">
        <graphics name="EIF4B, EIF-4B, PRO1843" fgcolor="#000000" bgcolor="#BFFFBF"
             type="rectangle" x="715" y="352" width="46" height="17"/>
    </entry>
    <entry id="19" name="hsa:6198 hsa:6199" type="gene"
        link="http://www.kegg.jp/dbget-bin/www_bget?hsa:6198+hsa:6199">
        <graphics name="RPS6KB1, PS6K, S6K, S6K-beta-1, S6K1, STK14A, p70_S6KA, p70(S6K)-alpha, p70-S6K, p70-alpha..." fgcolor="#000000" bgcolor="#BFFFBF"
             type="rectangle" x="602" y="363" width="46" height="17"/>
    </entry>
    <entry id="20" name="hsa:7422" type="gene"
        link="http://www.kegg.jp/dbget-bin/www_bget?hsa:7422">
        <graphics name="VEGFA, MVCD1, VEGF, VPF" fgcolor="#000000" bgcolor="#BFFFBF"
             type="rectangle" x="715" y="326" width="46" height="17"/>
    </entry>
    <entry id="21" name="hsa:3091" type="gene"
        link="http://www.kegg.jp/dbget-bin/www_bget?hsa:3091">
        <graphics name="HIF1A, HIF-1A, HIF-1alpha, HIF1, HIF1-ALPHA, MOP1, PASD8, bHLHe78" fgcolor="#000000" bgcolor="#BFFFBF"
             type="rectangle" x="602" y="326" width="46" height="17"/>
    </entry>
    <entry id="22" name="hsa:57521" type="gene"
        link="http://www.kegg.jp/dbget-bin/www_bget?hsa:57521">
        <graphics name="RPTOR, KOG1, Mip1" fgcolor="#000000" bgcolor="#BFFFBF"
             type="rectangle" x="505" y="397" width="46" height="17"/>
    </entry>
    <entry id="23" name="hsa:2475" type="gene"
        link="http://www.kegg.jp/dbget-bin/www_bget?hsa:2475">
        <graphics name="MTOR, FRAP, FRAP1, FRAP2, RAFT1, RAPT1" fgcolor="#000000" bgcolor="#BFFFBF"
             type="rectangle" x="505" y="380" width="46" height="17"/>
    </entry>
    <entry id="24" name="hsa:64223" type="gene"
        link="http://www.kegg.jp/dbget-bin/www_bget?hsa:64223">
        <graphics name="MLST8, GBL, GbetaL, LST8, POP3, WAT1" fgcolor="#000000" bgcolor="#BFFFBF"
             type="rectangle" x="505" y="363" width="46" height="17"/>
    </entry>
    <entry id="25" name="hsa:253260" type="gene"
        link="http://www.kegg.jp/dbget-bin/www_bget?hsa:253260">
        <graphics name="RICTOR, PIA, mAVO3" fgcolor="#000000" bgcolor="#BFFFBF"
             type="rectangle" x="423" y="320" width="46" height="17"/>
    </entry>
    <entry id="26" name="hsa:2475" type="gene"
        link="http://www.kegg.jp/dbget-bin/www_bget?hsa:2475">
        <graphics name="MTOR, FRAP, FRAP1, FRAP2, RAFT1, RAPT1" fgcolor="#000000" bgcolor="#BFFFBF"
             type="rectangle" x="423" y="303" width="46" height="17"/>
    </entry>
    <entry id="27" name="hsa:64223" type="gene"
        link="http://www.kegg.jp/dbget-bin/www_bget?hsa:64223">
        <graphics name="MLST8, GBL, GbetaL, LST8, POP3, WAT1" fgcolor="#000000" bgcolor="#BFFFBF"
             type="rectangle" x="423" y="286" width="46" height="17"/>
    </entry>
    <entry id="28" name="hsa:6009" type="gene"
        link="http://www.kegg.jp/dbget-bin/www_bget?hsa:6009">
        <graphics name="RHEB, RHEB2" fgcolor="#000000" bgcolor="#BFFFBF"
             type="rectangle" x="423" y="380" width="46" height="17"/>
    </entry>
    <entry id="29" name="hsa:5562 hsa:5563" type="gene"
        link="http://www.kegg.jp/dbget-bin/www_bget?hsa:5562+hsa:5563">
        <graphics name="PRKAA1, AMPK, AMPKa1..." fgcolor="#000000" bgcolor="#BFFFBF"
             type="rectangle" x="341" y="446" width="46" height="17"/>
    </entry>
    <entry id="30" name="hsa:54541" type="gene"
        link="http://www.kegg.jp/dbget-bin/www_bget?hsa:54541">
        <graphics name="DDIT4, Dig2, REDD-1, REDD1" fgcolor="#000000" bgcolor="#BFFFBF"
             type="rectangle" x="248" y="435" width="46" height="17"/>
    </entry>
    <entry id="31" name="hsa:7249" type="gene"
        link="http://www.kegg.jp/dbget-bin/www_bget?hsa:7249">
        <graphics name="TSC2, LAM, TSC4" fgcolor="#000000" bgcolor="#BFFFBF"
             type="rectangle" x="341" y="389" width="46" height="17"/>
    </entry>
    <entry id="32" name="hsa:7248" type="gene"
        link="http://www.kegg.jp/dbget-bin/www_bget?hsa:7248">
        <graphics name="TSC1, LAM, TSC" fgcolor="#000000" bgcolor="#BFFFBF"
             type="rectangle" x="341" y="372" width="46" height="17"/>
    </entry>
    <entry id="33" name="hsa:27330 hsa:6195 hsa:6196 hsa:6197" type="gene"
        link="http://www.kegg.jp/dbget-bin/www_bget?hsa:27330+hsa:6195+hsa:6196+hsa:6197">
        <graphics name="RPS6KA6, PP90RSK4, RSK4..." fgcolor="#000000" bgcolor="#BFFFBF"
             type="rectangle" x="247" y="339" width="46" height="17"/>
    </entry>
    <entry id="34" name="hsa:5594 hsa:5595" type="gene"
        link="http://www.kegg.jp/dbget-bin/www_bget?hsa:5594+hsa:5595">
        <graphics name="MAPK1, ERK, ERK2, ERT1, MAPK2, P42MAPK, PRKM1, PRKM2, p38, p40, p41, p41mapk..." fgcolor="#000000" bgcolor="#BFFFBF"
             type="rectangle" x="247" y="318" width="46" height="17"/>
    </entry>
    <entry id="35" name="hsa:10000 hsa:207 hsa:208" type="gene"
        link="http://www.kegg.jp/dbget-bin/www_bget?hsa:10000+hsa:207+hsa:208">
        <graphics name="AKT3, MPPH, PKB-GAMMA, PKBG, PRKBG, RAC-PK-gamma, RAC-gamma, STK-2..." fgcolor="#000000" bgcolor="#BFFFBF"
             type="rectangle" x="340" y="303" width="46" height="17"/>
    </entry>
    <entry id="36" name="hsa:5170" type="gene"
        link="http://www.kegg.jp/dbget-bin/www_bget?hsa:5170">
        <graphics name="PDPK1, PDK1, PDPK2, PRO0461" fgcolor="#000000" bgcolor="#BFFFBF"
             type="rectangle" x="340" y="250" width="46" height="17"/>
    </entry>
    <entry id="37" name="hsa:23533 hsa:5290 hsa:5291 hsa:5293 hsa:5294 hsa:5295 hsa:5296 hsa:8503" type="gene"
        link="http://www.kegg.jp/dbget-bin/www_bget?hsa:23533+hsa:5290+hsa:5291+hsa:5293+hsa:5294+hsa:5295+hsa:5296+hsa:8503">
        <graphics name="PIK3R5, F730038I15Rik, FOAP-2, P101-PI3K, p101..." fgcolor="#000000" bgcolor="#BFFFBF"
             type="rectangle" x="340" y="186" width="46" height="17"/>
    </entry>
    <entry id="38" name="path:hsa04010" type="map"
        link="http://www.kegg.jp/dbget-bin/www_bget?hsa04010">
        <graphics name="MAPK signaling pathway" fgcolor="#000000" bgcolor="#FFFFFF"
             type="roundrectangle" x="246" y="247" width="109" height="40"/>
    </entry>
    <entry id="39" name="path:hsa04910" type="map"
        link="http://www.kegg.jp/dbget-bin/www_bget?hsa04910">
        <graphics name="Insulin signaling pathway" fgcolor="#000000" bgcolor="#FFFFFF"
             type="roundrectangle" x="343" y="104" width="109" height="40"/>
    </entry>
    <entry id="40" name="hsa:3479 hsa:3630" type="gene"
        link="http://www.kegg.jp/dbget-bin/www_bget?hsa:3479+hsa:3630">
        <graphics name="IGF1, IGF-I, IGF1A, IGFI..." fgcolor="#000000" bgcolor="#BFFFBF"
             type="rectangle" x="79" y="133" width="46" height="17"/>
    </entry>
    <entry id="41" name="path:hsa04150" type="map"
        link="http://www.kegg.jp/dbget-bin/www_bget?hsa04150">
        <graphics name="TITLE:mTOR signaling pathway" fgcolor="#000000" bgcolor="#FFFFFF"
             type="roundrectangle" x="150" y="58" width="220" height="25"/>
    </entry>
    <entry id="42" name="hsa:5728" type="gene"
        link="http://www.kegg.jp/dbget-bin/www_bget?hsa:5728">
        <graphics name="PTEN, 10q23del, BZS, CWS1, DEC, GLM2, MHAM, MMAC1, PTEN1, TEP1" fgcolor="#000000" bgcolor="#BFFFBF"
             type="rectangle" x="401" y="219" width="46" height="17"/>
    </entry>
    <entry id="43" name="hsa:84335" type="gene"
        link="http://www.kegg.jp/dbget-bin/www_bget?hsa:84335">
        <graphics name="AKT1S1, Lobe, PRAS40" fgcolor="#000000" bgcolor="#BFFFBF"
             type="rectangle" x="375" y="350" width="46" height="17"/>
    </entry>
    <entry id="44" name="hsa:10325 hsa:10670" type="gene"
        link="http://www.kegg.jp/dbget-bin/www_bget?hsa:10325+hsa:10670">
        <graphics name="RRAGB, RAGB, bA465E19.1..." fgcolor="#000000" bgcolor="#BFFFBF"
             type="rectangle" x="506" y="439" width="46" height="17"/>
    </entry>
    <entry id="45" name="hsa:58528 hsa:64121" type="gene"
        link="http://www.kegg.jp/dbget-bin/www_bget?hsa:58528+hsa:64121">
        <graphics name="RRAGD, RAGD, bA11D8.2.1..." fgcolor="#000000" bgcolor="#BFFFBF"
             type="rectangle" x="506" y="455" width="46" height="16"/>
    </entry>
    <entry id="46" name="hsa:5578 hsa:5579 hsa:5582" type="gene"
        link="http://www.kegg.jp/dbget-bin/www_bget?hsa:5578+hsa:5579+hsa:5582">
        <graphics name="PRKCA, AAG6, PKC-alpha, PKCA, PRKACA..." fgcolor="#000000" bgcolor="#BFFFBF"
             type="rectangle" x="425" y="242" width="46" height="17"/>
    </entry>
    <entry id="47" name="hsa:3667" type="gene"
        link="http://www.kegg.jp/dbget-bin/www_bget?hsa:3667">
        <graphics name="IRS1, HIRS-1" fgcolor="#000000" bgcolor="#BFFFBF"
             type="rectangle" x="342" y="135" width="46" height="17"/>
    </entry>
    <entry id="48" name="hsa:7124" type="gene"
        link="http://www.kegg.jp/dbget-bin/www_bget?hsa:7124">
        <graphics name="TNF, DIF, TNF-alpha, TNFA, TNFSF2" fgcolor="#000000" bgcolor="#BFFFBF"
             type="rectangle" x="85" y="497" width="46" height="17"/>
    </entry>
    <entry id="49" name="hsa:3551" type="gene"
        link="http://www.kegg.jp/dbget-bin/www_bget?hsa:3551">
        <graphics name="IKBKB, IKK-beta, IKK2, IKKB, NFKBIKB" fgcolor="#000000" bgcolor="#BFFFBF"
             type="rectangle" x="248" y="497" width="46" height="17"/>
    </entry>
    <entry id="50" name="undefined" type="group">
        <graphics fgcolor="#000000" bgcolor="#FFFFFF"
             type="rectangle" x="505" y="380" width="46" height="51"/>
        <component id="22"/>
        <component id="23"/>
        <component id="24"/>
    </entry>
    <entry id="51" name="undefined" type="group">
        <graphics fgcolor="#000000" bgcolor="#FFFFFF"
             type="rectangle" x="506" y="446" width="46" height="32"/>
        <component id="44"/>
        <component id="45"/>
    </entry>
    <entry id="52" name="undefined" type="group">
        <graphics fgcolor="#000000" bgcolor="#FFFFFF"
             type="rectangle" x="423" y="303" width="46" height="51"/>
        <component id="25"/>
        <component id="26"/>
        <component id="27"/>
    </entry>
    <relation entry1="36" entry2="35" type="PPrel">
        <subtype name="phosphorylation" value="+p"/>
    </relation>
    <relation entry1="28" entry2="23" type="PPrel">
        <subtype name="activation" value="--&gt;"/>
    </relation>
    <relation entry1="23" entry2="21" type="PPrel">
        <subtype name="phosphorylation" value="+p"/>
    </relation>
    <relation entry1="23" entry2="19" type="PPrel">
        <subtype name="phosphorylation" value="+p"/>
    </relation>
    <relation entry1="23" entry2="16" type="PPrel">
        <subtype name="inhibition" value="--|"/>
        <subtype name="phosphorylation" value="+p"/>
    </relation>
    <relation entry1="23" entry2="14" type="PPrel">
        <subtype name="inhibition" value="--|"/>
        <subtype name="phosphorylation" value="+p"/>
    </relation>
    <relation entry1="19" entry2="18" type="PPrel">
        <subtype name="phosphorylation" value="+p"/>
    </relation>
    <relation entry1="19" entry2="17" type="PPrel">
        <subtype name="phosphorylation" value="+p"/>
    </relation>
    <relation entry1="16" entry2="15" type="PPrel">
        <subtype name="inhibition" value="--|"/>
    </relation>
    <relation entry1="21" entry2="20" type="GErel">
        <subtype name="expression" value="--&gt;"/>
    </relation>
    <relation entry1="12" entry2="29" type="PPrel">
        <subtype name="phosphorylation" value="+p"/>
    </relation>
    <relation entry1="28" entry2="13" type="PPrel">
        <subtype name="inhibition" value="--|"/>
    </relation>
    <relation entry1="28" entry2="26" type="PPrel">
        <subtype name="indirect effect" value="..&gt;"/>
    </relation>
    <relation entry1="29" entry2="23" type="PPrel">
        <subtype name="inhibition" value="--|"/>
        <subtype name="phosphorylation" value="+p"/>
    </relation>
    <relation entry1="37" entry2="36" type="PPrel">
        <subtype name="compound" value="5"/>
    </relation>
    <relation entry1="35" entry2="31" type="PPrel">
        <subtype name="inhibition" value="--|"/>
        <subtype name="phosphorylation" value="+p"/>
    </relation>
    <relation entry1="34" entry2="31" type="PPrel">
        <subtype name="inhibition" value="--|"/>
        <subtype name="phosphorylation" value="+p"/>
    </relation>
    <relation entry1="33" entry2="31" type="PPrel">
        <subtype name="inhibition" value="--|"/>
        <subtype name="phosphorylation" value="+p"/>
    </relation>
    <relation entry1="29" entry2="31" type="PPrel">
        <subtype name="phosphorylation" value="+p"/>
    </relation>
    <relation entry1="30" entry2="31" type="PPrel">
        <subtype name="indirect effect" value="..&gt;"/>
    </relation>
    <relation entry1="7" entry2="37" type="PCrel">
        <subtype name="inhibition" value="--|"/>
    </relation>
    <relation entry1="6" entry2="37" type="PCrel">
        <subtype name="inhibition" value="--|"/>
    </relation>
    <relation entry1="4" entry2="29" type="PCrel">
        <subtype name="activation" value="--&gt;"/>
    </relation>
    <relation entry1="9" entry2="29" type="PCrel">
        <subtype name="activation" value="--&gt;"/>
    </relation>
    <relation entry1="3" entry2="29" type="PCrel">
        <subtype name="activation" value="--&gt;"/>
    </relation>
    <relation entry1="26" entry2="35" type="PPrel">
        <subtype name="phosphorylation" value="+p"/>
    </relation>
    <relation entry1="31" entry2="28" type="PPrel">
        <subtype name="inhibition" value="--|"/>
    </relation>
    <relation entry1="40" entry2="34" type="PPrel">
        <subtype name="indirect effect" value="..&gt;"/>
    </relation>
    <relation entry1="40" entry2="33" type="PPrel">
        <subtype name="indirect effect" value="..&gt;"/>
    </relation>
    <relation entry1="40" entry2="37" type="PPrel">
        <subtype name="indirect effect" value="..&gt;"/>
    </relation>
    <relation entry1="8" entry2="50" type="PCrel">
        <subtype name="inhibition" value="--|"/>
    </relation>
    <relation entry1="48" entry2="49" type="PPrel">
        <subtype name="activation" value="--&gt;"/>
        <subtype name="indirect effect" value="..&gt;"/>
    </relation>
    <relation entry1="49" entry2="32" type="PPrel">
        <subtype name="inhibition" value="--|"/>
        <subtype name="phosphorylation" value="+p"/>
    </relation>
    <relation entry1="35" entry2="43" type="PPrel">
        <subtype name="inhibition" value="--|"/>
        <subtype name="phosphorylation" value="+p"/>
    </relation>
    <relation entry1="43" entry2="23" type="PPrel">
        <subtype name="inhibition" value="--|"/>
        <subtype name="phosphorylation" value="+p"/>
    </relation>
    <relation entry1="51" entry2="22" type="PPrel">
        <subtype name="activation" value="--&gt;"/>
    </relation>
    <relation entry1="19" entry2="47" type="PPrel">
        <subtype name="inhibition" value="--|"/>
        <subtype name="phosphorylation" value="+p"/>
    </relation>
    <relation entry1="42" entry2="5" type="PCrel">
        <subtype name="inhibition" value="--|"/>
        <subtype name="dephosphorylation" value="-p"/>
    </relation>
    <relation entry1="52" entry2="46" type="PPrel">
        <subtype name="activation" value="--&gt;"/>
        <subtype name="phosphorylation" value="+p"/>
    </relation>
    <relation entry1="47" entry2="37" type="PPrel">
        <subtype name="activation" value="--&gt;"/>
        <subtype name="indirect effect" value="..&gt;"/>
    </relation>
</pathway>