<?xml version="1.0"?>
<!DOCTYPE pathway SYSTEM "http://www.kegg.jp/kegg/xml/KGML_v0.7.1_.dtd">
<!-- Creation date: Nov 16, 2010 13:05:49 +0900 (GMT+09:00) -->
<pathway name="path:hsa05010" org="hsa" number="05010"
         title="Alzheimer's disease"
         image="http://www.kegg.jp/kegg/pathway/hsa/hsa05010.png"
         link="http://www.kegg.jp/kegg-bin/show_pathway?hsa05010">
    <entry id="1" name="hsa:55851" type="gene"
        link="http://www.kegg.jp/dbget-bin/www_bget?hsa:55851">
        <graphics name="PSENEN, MSTP064, PEN-2, PEN2" fgcolor="#000000" bgcolor="#BFFFBF"
             type="rectangle" x="379" y="280" width="46" height="17"/>
    </entry>
    <entry id="2" name="hsa:5663 hsa:5664" type="gene"
        link="http://www.kegg.jp/dbget-bin/www_bget?hsa:5663+hsa:5664">
        <graphics name="PSEN1, AD3, FAD, PS-1, PS1, S182..." fgcolor="#000000" bgcolor="#BFFFBF"
             type="rectangle" x="425" y="280" width="46" height="17"/>
    </entry>
    <entry id="3" name="hsa:23385" type="gene"
        link="http://www.kegg.jp/dbget-bin/www_bget?hsa:23385">
        <graphics name="NCSTN, APH2" fgcolor="#000000" bgcolor="#BFFFBF"
             type="rectangle" x="379" y="297" width="46" height="17"/>
    </entry>
    <entry id="4" name="hsa:51107 hsa:83464" type="gene"
        link="http://www.kegg.jp/dbget-bin/www_bget?hsa:51107+hsa:83464">
        <graphics name="APH1A, 6530402N02Rik, APH-1, APH-1A, CGI-78..." fgcolor="#000000" bgcolor="#BFFFBF"
             type="rectangle" x="425" y="297" width="46" height="17"/>
    </entry>
    <entry id="5" name="hsa:23621 hsa:25825" type="gene"
        link="http://www.kegg.jp/dbget-bin/www_bget?hsa:23621+hsa:25825">
        <graphics name="BACE1, ASP2, BACE, HSPC104..." fgcolor="#000000" bgcolor="#BFFFBF"
             type="rectangle" x="399" y="230" width="46" height="17"/>
    </entry>
    <entry id="6" name="hsa:102 hsa:6868" type="gene"
        link="http://www.kegg.jp/dbget-bin/www_bget?hsa:102+hsa:6868">
        <graphics name="ADAM10, AD10, CD156c, HsT18717, MADM, kuz..." fgcolor="#000000" bgcolor="#BFFFBF"
             type="rectangle" x="397" y="127" width="46" height="17"/>
    </entry>
    <entry id="7" name="hsa:7124" type="gene"
        link="http://www.kegg.jp/dbget-bin/www_bget?hsa:7124">
        <graphics name="TNF, DIF, TNF-alpha, TNFA, TNFSF2" fgcolor="#000000" bgcolor="#BFFFBF"
             type="rectangle" x="195" y="795" width="46" height="17"/>
    </entry>
    <entry id="8" name="hsa:351" type="gene"
        link="http://www.kegg.jp/dbget-bin/www_bget?hsa:351">
        <graphics name="APP, AAA, ABETA, ABPP, AD1, APPI, CTFgamma, CVAP, PN-II, PN2" fgcolor="#000000" bgcolor="#BFFFBF"
             type="rectangle" x="276" y="175" width="46" height="17"/>
    </entry>
    <entry id="9" name="path:hsa05010" type="map"
        link="http://www.kegg.jp/dbget-bin/www_bget?hsa05010">
        <graphics name="TITLE:Alzheimer's disease" fgcolor="#000000" bgcolor="#FFFFFF"
             type="roundrectangle" x="132" y="58" width="184" height="25"/>
    </entry>
    <entry id="10" name="hsa:842" type="gene"
        link="http://www.kegg.jp/dbget-bin/www_bget?hsa:842">
        <graphics name="CASP9, APAF-3, APAF3, ICE-LAP6, MCH6, PPP1R56" fgcolor="#000000" bgcolor="#BFFFBF"
             type="rectangle" x="810" y="429" width="46" height="17"/>
    </entry>
    <entry id="11" name="hsa:100506742" type="gene"
        link="http://www.kegg.jp/dbget-bin/www_bget?hsa:100506742">
        <graphics name="CASP12, CASP-12, CASP12P1" fgcolor="#000000" bgcolor="#BFFFBF"
             type="rectangle" x="900" y="599" width="46" height="17"/>
    </entry>
    <entry id="12" name="hsa:836" type="gene"
        link="http://www.kegg.jp/dbget-bin/www_bget?hsa:836">
        <graphics name="CASP3, CPP32, CPP32B, SCA-1" fgcolor="#000000" bgcolor="#BFFFBF"
             type="rectangle" x="885" y="429" width="46" height="17"/>
    </entry>
    <entry id="13" name="hsa:54205" type="gene"
        link="http://www.kegg.jp/dbget-bin/www_bget?hsa:54205">
        <graphics name="CYCS, CYC, HCS, THC4" fgcolor="#000000" bgcolor="#BFFFBF"
             type="rectangle" x="712" y="410" width="46" height="17"/>
    </entry>
    <entry id="14" name="hsa:317" type="gene"
        link="http://www.kegg.jp/dbget-bin/www_bget?hsa:317">
        <graphics name="APAF1, APAF-1, CED4" fgcolor="#000000" bgcolor="#BFFFBF"
             type="rectangle" x="712" y="448" width="46" height="17"/>
    </entry>
    <entry id="15" name="hsa:100532726 hsa:126328 hsa:374291 hsa:4694 hsa:4695 hsa:4696 hsa:4697 hsa:4698 hsa:4700 hsa:4701 hsa:4702 hsa:4704 hsa:4705 hsa:4706 hsa:4707 hsa:4708 hsa:4709 hsa:4710 hsa:4711 hsa:4712 hsa:4713 hsa:4714 hsa:4715 hsa:4716 hsa:4717 hsa:4718 hsa:4719 hsa:4720 hsa:4722 hsa:4723 hsa:4724 hsa:4725 hsa:4726 hsa:4728 hsa:4729 hsa:4731 hsa:51079 hsa:54539 hsa:55967 hsa:56901" type="gene"
        link="http://www.kegg.jp/dbget-bin/www_bget?hsa:100532726+hsa:126328+hsa:374291+hsa:4694+hsa:4695+hsa:4696+hsa:4697+hsa:4698+hsa:4700+hsa:4701+hsa:4702+hsa:4704+hsa:4705+hsa:4706+hsa:4707+hsa:4708+hsa:4709+hsa:4710+hsa:4711+hsa:4712+hsa:4713+hsa:4714+hsa:4715+hsa:4716+hsa:4717+hsa:4718+hsa:4719+hsa:4720+hsa:4722+hsa:4723+hsa:4724+hsa:4725+hsa:4726+hsa:4728+hsa:4729+hsa:4731+hsa:51079+hsa:54539+hsa:55967+hsa:56901">
        <graphics name="NDUFC2-KCTD14..." fgcolor="#000000" bgcolor="#BFFFBF"
             type="rectangle" x="569" y="210" width="46" height="17"/>
    </entry>
    <entry id="16" name="hsa:6389 hsa:6390 hsa:6391 hsa:6392" type="gene"
        link="http://www.kegg.jp/dbget-bin/www_bget?hsa:6389+hsa:6390+hsa:6391+hsa:6392">
        <graphics name="SDHA, CMD1GG, FP, PGL5, SDH1, SDH2, SDHF..." fgcolor="#000000" bgcolor="#BFFFBF"
             type="rectangle" x="569" y="239" width="46" height="17"/>
    </entry>
    <entry id="17" name="hsa:10975 hsa:1537 hsa:27089 hsa:29796 hsa:440567 hsa:4519 hsa:7381 hsa:7384 hsa:7385 hsa:7386 hsa:7388" type="gene"
        link="http://www.kegg.jp/dbget-bin/www_bget?hsa:10975+hsa:1537+hsa:27089+hsa:29796+hsa:440567+hsa:4519+hsa:7381+hsa:7384+hsa:7385+hsa:7386+hsa:7388">
        <graphics name="UQCR11, 0710008D09Rik, QCR10, UQCR..." fgcolor="#000000" bgcolor="#BFFFBF"
             type="rectangle" x="569" y="267" width="46" height="17"/>
    </entry>
    <entry id="18" name="hsa:10476 hsa:4508 hsa:4509 hsa:498 hsa:506 hsa:509 hsa:513 hsa:514 hsa:515 hsa:516 hsa:517 hsa:518 hsa:522 hsa:539" type="gene"
        link="http://www.kegg.jp/dbget-bin/www_bget?hsa:10476+hsa:4508+hsa:4509+hsa:498+hsa:506+hsa:509+hsa:513+hsa:514+hsa:515+hsa:516+hsa:517+hsa:518+hsa:522+hsa:539">
        <graphics name="ATP5H, ATPQ..." fgcolor="#000000" bgcolor="#BFFFBF"
             type="rectangle" x="569" y="325" width="46" height="17"/>
    </entry>
    <entry id="19" name="hsa:125965 hsa:1327 hsa:1329 hsa:1337 hsa:1339 hsa:1340 hsa:1345 hsa:1346 hsa:1347 hsa:1349 hsa:1350 hsa:1351 hsa:170712 hsa:341947 hsa:4512 hsa:4513 hsa:4514 hsa:84701 hsa:9167 hsa:9377" type="gene"
        link="http://www.kegg.jp/dbget-bin/www_bget?hsa:125965+hsa:1327+hsa:1329+hsa:1337+hsa:1339+hsa:1340+hsa:1345+hsa:1346+hsa:1347+hsa:1349+hsa:1350+hsa:1351+hsa:170712+hsa:341947+hsa:4512+hsa:4513+hsa:4514+hsa:84701+hsa:9167+hsa:9377">
        <graphics name="COX6B2, COXVIB2, CT59..." fgcolor="#000000" bgcolor="#BFFFBF"
             type="rectangle" x="569" y="297" width="46" height="17"/>
    </entry>
    <entry id="20" name="hsa:6263" type="gene"
        link="http://www.kegg.jp/dbget-bin/www_bget?hsa:6263">
        <graphics name="RYR3" fgcolor="#000000" bgcolor="#BFFFBF"
             type="rectangle" x="587" y="585" width="46" height="17"/>
    </entry>
    <entry id="21" name="hsa:3708 hsa:3709 hsa:3710" type="gene"
        link="http://www.kegg.jp/dbget-bin/www_bget?hsa:3708+hsa:3709+hsa:3710">
        <graphics name="ITPR1, INSP3R1, IP3R, IP3R1, SCA15, SCA16, SCA29..." fgcolor="#000000" bgcolor="#BFFFBF"
             type="rectangle" x="587" y="615" width="46" height="17"/>
    </entry>
    <entry id="22" name="hsa:487 hsa:488 hsa:489" type="gene"
        link="http://www.kegg.jp/dbget-bin/www_bget?hsa:487+hsa:488+hsa:489">
        <graphics name="ATP2A1, ATP2A, SERCA1..." fgcolor="#000000" bgcolor="#BFFFBF"
             type="rectangle" x="743" y="556" width="46" height="17"/>
    </entry>
    <entry id="23" name="hsa:5663 hsa:5664" type="gene"
        link="http://www.kegg.jp/dbget-bin/www_bget?hsa:5663+hsa:5664">
        <graphics name="PSEN1, AD3, FAD, PS-1, PS1, S182..." fgcolor="#000000" bgcolor="#BFFFBF"
             type="rectangle" x="679" y="557" width="46" height="17"/>
    </entry>
    <entry id="25" name="hsa:2776" type="gene"
        link="http://www.kegg.jp/dbget-bin/www_bget?hsa:2776">
        <graphics name="GNAQ, CMC1, G-ALPHA-q, GAQ, SWS" fgcolor="#000000" bgcolor="#BFFFBF"
             type="rectangle" x="352" y="498" width="46" height="17"/>
    </entry>
    <entry id="26" name="hsa:23236 hsa:5330 hsa:5331 hsa:5332" type="gene"
        link="http://www.kegg.jp/dbget-bin/www_bget?hsa:23236+hsa:5330+hsa:5331+hsa:5332">
        <graphics name="PLCB1, EIEE12, PI-PLC, PLC-154, PLC-I, PLC154, PLCB1A, PLCB1B..." fgcolor="#000000" bgcolor="#BFFFBF"
             type="rectangle" x="424" y="499" width="46" height="17"/>
    </entry>
    <entry id="27" name="cpd:C01245" type="compound"
        link="http://www.kegg.jp/dbget-bin/www_bget?C01245">
        <graphics name="C01245" fgcolor="#000000" bgcolor="#FFFFFF"
             type="circle" x="425" y="540" width="8" height="8"/>
    </entry>
    <entry id="28" name="hsa:2902 hsa:2903 hsa:2904 hsa:2905 hsa:2906" type="gene"
        link="http://www.kegg.jp/dbget-bin/www_bget?hsa:2902+hsa:2903+hsa:2904+hsa:2905+hsa:2906">
        <graphics name="GRIN1, GluN1, MRD8, NMDA1, NMDAR1, NR1..." fgcolor="#000000" bgcolor="#BFFFBF"
             type="rectangle" x="278" y="597" width="46" height="17"/>
    </entry>
    <entry id="29" name="hsa:775 hsa:776 hsa:778 hsa:779" type="gene"
        link="http://www.kegg.jp/dbget-bin/www_bget?hsa:775+hsa:776+hsa:778+hsa:779">
        <graphics name="CACNA1C, CACH2, CACN2, CACNL1A1, CCHL1A1, CaV1.2, LQT8, TS..." fgcolor="#000000" bgcolor="#BFFFBF"
             type="rectangle" x="278" y="632" width="46" height="17"/>
    </entry>
    <entry id="30" name="cpd:C00076" type="compound"
        link="http://www.kegg.jp/dbget-bin/www_bget?C00076">
        <graphics name="C00076" fgcolor="#000000" bgcolor="#FFFFFF"
             type="circle" x="408" y="595" width="8" height="8"/>
    </entry>
    <entry id="31" name="hsa:3028" type="gene"
        link="http://www.kegg.jp/dbget-bin/www_bget?hsa:3028">
        <graphics name="HSD17B10, 17b-HSD10, ABAD, CAMR, DUPXp11.22, ERAB, HADH2, HCD2, MHBD, MRPP2, MRX17, MRX31, MRXS10, SCHAD, SDR5C1" fgcolor="#000000" bgcolor="#BFFFBF"
             type="rectangle" x="637" y="334" width="46" height="17"/>
    </entry>
    <entry id="32" name="cpd:C00076" type="compound"
        link="http://www.kegg.jp/dbget-bin/www_bget?C00076">
        <graphics name="C00076" fgcolor="#000000" bgcolor="#FFFFFF"
             type="circle" x="744" y="514" width="8" height="8"/>
    </entry>
    <entry id="33" name="hsa:823 hsa:824" type="gene"
        link="http://www.kegg.jp/dbget-bin/www_bget?hsa:823+hsa:824">
        <graphics name="CAPN1, CANP, CANP1, CANPL1, muCANP, muCL..." fgcolor="#000000" bgcolor="#BFFFBF"
             type="rectangle" x="409" y="701" width="46" height="17"/>
    </entry>
    <entry id="34" name="hsa:8851" type="gene"
        link="http://www.kegg.jp/dbget-bin/www_bget?hsa:8851">
        <graphics name="CDK5R1, CDK5P35, CDK5R, NCK5A, p23, p25, p35, p35nck5a" fgcolor="#000000" bgcolor="#BFFFBF"
             type="rectangle" x="409" y="752" width="46" height="17"/>
    </entry>
    <entry id="35" name="hsa:8851" type="gene"
        link="http://www.kegg.jp/dbget-bin/www_bget?hsa:8851">
        <graphics name="CDK5R1, CDK5P35, CDK5R, NCK5A, p23, p25, p35, p35nck5a" fgcolor="#000000" bgcolor="#BFFFBF"
             type="rectangle" x="498" y="752" width="46" height="17"/>
    </entry>
    <entry id="36" name="hsa:1020" type="gene"
        link="http://www.kegg.jp/dbget-bin/www_bget?hsa:1020">
        <graphics name="CDK5, PSSALRE" fgcolor="#000000" bgcolor="#BFFFBF"
             type="rectangle" x="498" y="792" width="46" height="17"/>
    </entry>
    <entry id="37" name="hsa:4137" type="gene"
        link="http://www.kegg.jp/dbget-bin/www_bget?hsa:4137">
        <graphics name="MAPT, DDPAC, FTDP-17, MAPTL, MSTD, MTBT1, MTBT2, PPND, TAU" fgcolor="#000000" bgcolor="#BFFFBF"
             type="rectangle" x="611" y="772" width="46" height="17"/>
    </entry>
    <entry id="38" name="hsa:355 hsa:7132" type="gene"
        link="http://www.kegg.jp/dbget-bin/www_bget?hsa:355+hsa:7132">
        <graphics name="FAS, ALPS1A, APO-1, APT1, CD95, FAS1, FASTM, TNFRSF6..." fgcolor="#000000" bgcolor="#BFFFBF"
             type="rectangle" x="277" y="432" width="46" height="17"/>
    </entry>
    <entry id="39" name="hsa:8772" type="gene"
        link="http://www.kegg.jp/dbget-bin/www_bget?hsa:8772">
        <graphics name="FADD, MORT1" fgcolor="#000000" bgcolor="#BFFFBF"
             type="rectangle" x="350" y="433" width="46" height="17"/>
    </entry>
    <entry id="40" name="hsa:841" type="gene"
        link="http://www.kegg.jp/dbget-bin/www_bget?hsa:841">
        <graphics name="CASP8, ALPS2B, CAP4, Casp-8, FLICE, MACH, MCH5" fgcolor="#000000" bgcolor="#BFFFBF"
             type="rectangle" x="423" y="433" width="46" height="17"/>
    </entry>
    <entry id="41" name="hsa:637" type="gene"
        link="http://www.kegg.jp/dbget-bin/www_bget?hsa:637">
        <graphics name="BID, FP497" fgcolor="#000000" bgcolor="#BFFFBF"
             type="rectangle" x="494" y="433" width="46" height="17"/>
    </entry>
    <entry id="42" name="hsa:5594 hsa:5595" type="gene"
        link="http://www.kegg.jp/dbget-bin/www_bget?hsa:5594+hsa:5595">
        <graphics name="MAPK1, ERK, ERK2, ERT1, MAPK2, P42MAPK, PRKM1, PRKM2, p38, p40, p41, p41mapk..." fgcolor="#000000" bgcolor="#BFFFBF"
             type="rectangle" x="589" y="502" width="46" height="17"/>
    </entry>
    <entry id="43" name="path:hsa00190" type="map"
        link="http://www.kegg.jp/dbget-bin/www_bget?hsa00190">
        <graphics name="Oxidative phosphorylation" fgcolor="#000000" bgcolor="#FFFFFF"
             type="roundrectangle" x="569" y="137" width="113" height="34"/>
    </entry>
    <entry id="44" name="path:hsa04210" type="map"
        link="http://www.kegg.jp/dbget-bin/www_bget?hsa04210">
        <graphics name="Apoptosis" fgcolor="#000000" bgcolor="#FFFFFF"
             type="roundrectangle" x="887" y="400" width="113" height="25"/>
    </entry>
    <entry id="45" name="path:hsa04020" type="map"
        link="http://www.kegg.jp/dbget-bin/www_bget?hsa04020">
        <graphics name="Calcium signaling pathway" fgcolor="#000000" bgcolor="#FFFFFF"
             type="roundrectangle" x="524" y="650" width="113" height="34"/>
    </entry>
    <entry id="46" name="hsa:4842" type="gene"
        link="http://www.kegg.jp/dbget-bin/www_bget?hsa:4842">
        <graphics name="NOS1, IHPS1, N-NOS, NC-NOS, NOS, bNOS, nNOS" fgcolor="#000000" bgcolor="#BFFFBF"
             type="rectangle" x="468" y="701" width="46" height="17"/>
    </entry>
    <entry id="47" name="cpd:C00533" type="compound"
        link="http://www.kegg.jp/dbget-bin/www_bget?C00533">
        <graphics name="C00533" fgcolor="#000000" bgcolor="#FFFFFF"
             type="circle" x="561" y="702" width="8" height="8"/>
    </entry>
    <entry id="48" name="cpd:C16845" type="compound"
        link="http://www.kegg.jp/dbget-bin/www_bget?C16845">
        <graphics name="C16845" fgcolor="#000000" bgcolor="#FFFFFF"
             type="circle" x="638" y="703" width="8" height="8"/>
    </entry>
    <entry id="49" name="hsa:9451" type="gene"
        link="http://www.kegg.jp/dbget-bin/www_bget?hsa:9451">
        <graphics name="EIF2AK3, PEK, PERK, WRS" fgcolor="#000000" bgcolor="#BFFFBF"
             type="rectangle" x="659" y="640" width="46" height="17"/>
    </entry>
    <entry id="50" name="hsa:2081" type="gene"
        link="http://www.kegg.jp/dbget-bin/www_bget?hsa:2081">
        <graphics name="ERN1, IRE1, IRE1P, IRE1a, hIRE1p" fgcolor="#000000" bgcolor="#BFFFBF"
             type="rectangle" x="714" y="640" width="46" height="17"/>
    </entry>
    <entry id="51" name="hsa:22926" type="gene"
        link="http://www.kegg.jp/dbget-bin/www_bget?hsa:22926">
        <graphics name="ATF6, ATF6A" fgcolor="#000000" bgcolor="#BFFFBF"
             type="rectangle" x="768" y="640" width="46" height="17"/>
    </entry>
    <entry id="52" name="hsa:348" type="gene"
        link="http://www.kegg.jp/dbget-bin/www_bget?hsa:348">
        <graphics name="APOE, AD2, LDLCQ5, LPG" fgcolor="#000000" bgcolor="#BFFFBF"
             type="rectangle" x="211" y="401" width="46" height="17"/>
    </entry>
    <entry id="53" name="hsa:163688 hsa:51806 hsa:801 hsa:805 hsa:808 hsa:810" type="gene"
        link="http://www.kegg.jp/dbget-bin/www_bget?hsa:163688+hsa:51806+hsa:801+hsa:805+hsa:808+hsa:810">
        <graphics name="CALML6, CAGLP..." fgcolor="#000000" bgcolor="#BFFFBF"
             type="rectangle" x="567" y="455" width="46" height="17"/>
    </entry>
    <entry id="54" name="hsa:5530 hsa:5532 hsa:5533 hsa:5534 hsa:5535" type="gene"
        link="http://www.kegg.jp/dbget-bin/www_bget?hsa:5530+hsa:5532+hsa:5533+hsa:5534+hsa:5535">
        <graphics name="PPP3CA, CALN, CALNA, CALNA1, CCN1, CNA1, PPP2B..." fgcolor="#000000" bgcolor="#BFFFBF"
             type="rectangle" x="637" y="455" width="46" height="17"/>
    </entry>
    <entry id="55" name="hsa:572" type="gene"
        link="http://www.kegg.jp/dbget-bin/www_bget?hsa:572">
        <graphics name="BAD, BBC2, BCL2L8" fgcolor="#000000" bgcolor="#BFFFBF"
             type="rectangle" x="655" y="415" width="46" height="17"/>
    </entry>
    <entry id="56" name="hsa:3416" type="gene"
        link="http://www.kegg.jp/dbget-bin/www_bget?hsa:3416">
        <graphics name="IDE, INSULYSIN" fgcolor="#000000" bgcolor="#BFFFBF"
             type="rectangle" x="127" y="324" width="46" height="17"/>
    </entry>
    <entry id="57" name="hsa:4311" type="gene"
        link="http://www.kegg.jp/dbget-bin/www_bget?hsa:4311">
        <graphics name="MME, CALLA, CD10, NEP, SFE" fgcolor="#000000" bgcolor="#BFFFBF"
             type="rectangle" x="127" y="360" width="46" height="17"/>
    </entry>
    <entry id="58" name="hsa:322" type="gene"
        link="http://www.kegg.jp/dbget-bin/www_bget?hsa:322">
        <graphics name="APBB1, FE65, MGC:9072, RIR" fgcolor="#000000" bgcolor="#BFFFBF"
             type="rectangle" x="356" y="177" width="46" height="17"/>
    </entry>
    <entry id="59" name="hsa:4035" type="gene"
        link="http://www.kegg.jp/dbget-bin/www_bget?hsa:4035">
        <graphics name="LRP1, A2MR, APOER, APR, CD91, IGFBP3R, LRP, LRP1A, TGFBR5" fgcolor="#000000" bgcolor="#BFFFBF"
             type="rectangle" x="277" y="392" width="46" height="17"/>
    </entry>
    <entry id="60" name="hsa:4023" type="gene"
        link="http://www.kegg.jp/dbget-bin/www_bget?hsa:4023">
        <graphics name="LPL, HDLCQ11, LIPD" fgcolor="#000000" bgcolor="#BFFFBF"
             type="rectangle" x="211" y="384" width="46" height="17"/>
    </entry>
    <entry id="61" name="hsa:2597" type="gene"
        link="http://www.kegg.jp/dbget-bin/www_bget?hsa:2597">
        <graphics name="GAPDH, G3PD, GAPD" fgcolor="#000000" bgcolor="#BFFFBF"
             type="rectangle" x="356" y="201" width="46" height="17"/>
    </entry>
    <entry id="62" name="hsa:8883" type="gene"
        link="http://www.kegg.jp/dbget-bin/www_bget?hsa:8883">
        <graphics name="NAE1, A-116A10.1, APPBP1, ula-1" fgcolor="#000000" bgcolor="#BFFFBF"
             type="rectangle" x="356" y="153" width="46" height="17"/>
    </entry>
    <entry id="63" name="hsa:836" type="gene"
        link="http://www.kegg.jp/dbget-bin/www_bget?hsa:836">
        <graphics name="CASP3, CPP32, CPP32B, SCA-1" fgcolor="#000000" bgcolor="#BFFFBF"
             type="rectangle" x="663" y="814" width="46" height="17"/>
    </entry>
    <entry id="64" name="hsa:840" type="gene"
        link="http://www.kegg.jp/dbget-bin/www_bget?hsa:840">
        <graphics name="CASP7, CASP-7, CMH-1, ICE-LAP3, LICE2, MCH3" fgcolor="#000000" bgcolor="#BFFFBF"
             type="rectangle" x="663" y="837" width="46" height="17"/>
    </entry>
    <entry id="65" name="hsa:2932" type="gene"
        link="http://www.kegg.jp/dbget-bin/www_bget?hsa:2932">
        <graphics name="GSK3B" fgcolor="#000000" bgcolor="#BFFFBF"
             type="rectangle" x="580" y="806" width="46" height="17"/>
    </entry>
    <entry id="66" name="hsa:6622" type="gene"
        link="http://www.kegg.jp/dbget-bin/www_bget?hsa:6622">
        <graphics name="SNCA, NACP, PARK1, PARK4, PD1" fgcolor="#000000" bgcolor="#BFFFBF"
             type="rectangle" x="127" y="503" width="46" height="17"/>
    </entry>
    <entry id="67" name="hsa:3553" type="gene"
        link="http://www.kegg.jp/dbget-bin/www_bget?hsa:3553">
        <graphics name="IL1B, IL-1, IL1-BETA, IL1F2" fgcolor="#000000" bgcolor="#BFFFBF"
             type="rectangle" x="195" y="831" width="46" height="17"/>
    </entry>
    <entry id="68" name="cpd:C00076" type="compound"
        link="http://www.kegg.jp/dbget-bin/www_bget?C00076">
        <graphics name="C00076" fgcolor="#000000" bgcolor="#FFFFFF"
             type="circle" x="681" y="513" width="8" height="8"/>
    </entry>
    <entry id="69" name="cpd:C00027" type="compound"
        link="http://www.kegg.jp/dbget-bin/www_bget?C00027">
        <graphics name="C00027" fgcolor="#000000" bgcolor="#FFFFFF"
             type="circle" x="238" y="751" width="8" height="8"/>
    </entry>
    <entry id="70" name="cpd:C00070" type="compound"
        link="http://www.kegg.jp/dbget-bin/www_bget?C00070">
        <graphics name="C00070" fgcolor="#000000" bgcolor="#FFFFFF"
             type="circle" x="201" y="695" width="8" height="8"/>
    </entry>
    <entry id="71" name="cpd:C14818" type="compound"
        link="http://www.kegg.jp/dbget-bin/www_bget?C14818">
        <graphics name="C14818" fgcolor="#000000" bgcolor="#FFFFFF"
             type="circle" x="201" y="725" width="8" height="8"/>
    </entry>
    <entry id="72" name="undefined" type="group">
        <graphics fgcolor="#000000" bgcolor="#FFFFFF"
             type="rectangle" x="211" y="392" width="46" height="34"/>
        <component id="52"/>
        <component id="60"/>
    </entry>
    <relation entry1="8" entry2="62" type="PPrel">
        <subtype name="binding/association" value="---"/>
    </relation>
    <relation entry1="8" entry2="58" type="PPrel">
        <subtype name="binding/association" value="---"/>
    </relation>
    <relation entry1="72" entry2="59" type="PPrel">
        <subtype name="activation" value="--&gt;"/>
    </relation>
    <relation entry1="38" entry2="39" type="PPrel">
        <subtype name="activation" value="--&gt;"/>
    </relation>
    <relation entry1="39" entry2="40" type="PPrel">
        <subtype name="activation" value="--&gt;"/>
    </relation>
    <relation entry1="40" entry2="41" type="PPrel">
        <subtype name="activation" value="--&gt;"/>
    </relation>
    <relation entry1="25" entry2="26" type="PPrel">
        <subtype name="activation" value="--&gt;"/>
    </relation>
    <relation entry1="26" entry2="27" type="PCrel">
        <subtype name="activation" value="--&gt;"/>
    </relation>
    <relation entry1="53" entry2="54" type="PPrel">
        <subtype name="activation" value="--&gt;"/>
    </relation>
    <relation entry1="54" entry2="55" type="PPrel">
        <subtype name="activation" value="--&gt;"/>
        <subtype name="dephosphorylation" value="-p"/>
    </relation>
    <relation entry1="13" entry2="10" type="PPrel">
        <subtype name="activation" value="--&gt;"/>
    </relation>
    <relation entry1="14" entry2="10" type="PPrel">
        <subtype name="activation" value="--&gt;"/>
    </relation>
    <relation entry1="10" entry2="12" type="PPrel">
        <subtype name="activation" value="--&gt;"/>
    </relation>
    <relation entry1="23" entry2="49" type="PPrel">
        <subtype name="inhibition" value="--|"/>
    </relation>
    <relation entry1="23" entry2="50" type="PPrel">
        <subtype name="inhibition" value="--|"/>
    </relation>
    <relation entry1="23" entry2="51" type="PPrel">
        <subtype name="inhibition" value="--|"/>
    </relation>
    <relation entry1="46" entry2="47" type="PCrel">
        <subtype name="activation" value="--&gt;"/>
    </relation>
    <relation entry1="30" entry2="33" type="PCrel">
        <subtype name="activation" value="--&gt;"/>
    </relation>
    <relation entry1="33" entry2="34" type="PPrel">
        <subtype name="activation" value="--&gt;"/>
    </relation>
    <relation entry1="34" entry2="35" type="PPrel">
        <subtype name="state change" value="..."/>
    </relation>
    <relation entry1="35" entry2="37" type="PPrel">
        <subtype name="phosphorylation" value="+p"/>
    </relation>
    <relation entry1="36" entry2="37" type="PPrel">
        <subtype name="phosphorylation" value="+p"/>
    </relation>
    <relation entry1="65" entry2="37" type="PPrel">
        <subtype name="phosphorylation" value="+p"/>
    </relation>
    <relation entry1="8" entry2="61" type="PPrel">
        <subtype name="inhibition" value="--|"/>
    </relation>
    <relation entry1="27" entry2="21" type="PCrel">
        <subtype name="activation" value="--&gt;"/>
    </relation>
</pathway>