<?xml version="1.0"?>
<!DOCTYPE pathway SYSTEM "http://www.kegg.jp/kegg/xml/KGML_v0.7.1_.dtd">
<!-- Creation date: May 30, 2013 16:48:09 +0900 (GMT+09:00) -->
<pathway name="path:hsa04066" org="hsa" number="04066"
         title="HIF-1 signaling pathway"
         image="http://www.kegg.jp/kegg/pathway/hsa/hsa04066.png"
         link="http://www.kegg.jp/kegg-bin/show_pathway?hsa04066">
    <entry id="1" name="hsa:8453" type="gene"
        link="http://www.kegg.jp/dbget-bin/www_bget?hsa:8453">
        <graphics name="CUL2" fgcolor="#000000" bgcolor="#BFFFBF"
             type="rectangle" x="746" y="265" width="46" height="17"/>
    </entry>
    <entry id="2" name="hsa:9978" type="gene"
        link="http://www.kegg.jp/dbget-bin/www_bget?hsa:9978">
        <graphics name="RBX1, BA554C12.1, RNF75, ROC1" fgcolor="#000000" bgcolor="#BFFFBF"
             type="rectangle" x="746" y="248" width="46" height="17"/>
    </entry>
    <entry id="3" name="hsa:6923" type="gene"
        link="http://www.kegg.jp/dbget-bin/www_bget?hsa:6923">
        <graphics name="TCEB2, ELOB, SIII" fgcolor="#000000" bgcolor="#BFFFBF"
             type="rectangle" x="700" y="282" width="46" height="17"/>
    </entry>
    <entry id="4" name="hsa:6921" type="gene"
        link="http://www.kegg.jp/dbget-bin/www_bget?hsa:6921">
        <graphics name="TCEB1, SIII, eloC" fgcolor="#000000" bgcolor="#BFFFBF"
             type="rectangle" x="700" y="265" width="46" height="17"/>
    </entry>
    <entry id="5" name="hsa:7422" type="gene"
        link="http://www.kegg.jp/dbget-bin/www_bget?hsa:7422">
        <graphics name="VEGFA, MVCD1, VEGF, VPF" fgcolor="#000000" bgcolor="#BFFFBF"
             type="rectangle" x="1099" y="363" width="46" height="17"/>
    </entry>
    <entry id="6" name="hsa:112398 hsa:112399 hsa:54583" type="gene"
        link="http://www.kegg.jp/dbget-bin/www_bget?hsa:112398+hsa:112399+hsa:54583">
        <graphics name="EGLN2, EIT6, HIF-PH1, HIFPH1, HPH-1, HPH-3, PHD1..." fgcolor="#000000" bgcolor="#BFFFBF"
             type="rectangle" x="688" y="351" width="46" height="17"/>
    </entry>
    <entry id="7" name="hsa:7428" type="gene"
        link="http://www.kegg.jp/dbget-bin/www_bget?hsa:7428">
        <graphics name="VHL, HRCA1, RCA1, VHL1, pVHL" fgcolor="#000000" bgcolor="#BFFFBF"
             type="rectangle" x="700" y="248" width="46" height="17"/>
    </entry>
    <entry id="8" name="hsa:405" type="gene"
        link="http://www.kegg.jp/dbget-bin/www_bget?hsa:405">
        <graphics name="ARNT, HIF-1-beta, HIF-1beta, HIF1-beta, HIF1B, HIF1BETA, TANGO, bHLHe2" fgcolor="#000000" bgcolor="#BFFFBF"
             type="rectangle" x="947" y="417" width="46" height="17"/>
    </entry>
    <entry id="9" name="hsa:1387 hsa:2033" type="gene"
        link="http://www.kegg.jp/dbget-bin/www_bget?hsa:1387+hsa:2033">
        <graphics name="CREBBP, CBP, KAT3A, RSTS..." fgcolor="#000000" bgcolor="#BFFFBF"
             type="rectangle" x="959" y="485" width="46" height="17"/>
    </entry>
    <entry id="10" name="hsa:3091" type="gene"
        link="http://www.kegg.jp/dbget-bin/www_bget?hsa:3091">
        <graphics name="HIF1A, HIF-1A, HIF-1alpha, HIF1, HIF1-ALPHA, MOP1, PASD8, bHLHe78" fgcolor="#000000" bgcolor="#BFFFBF"
             type="rectangle" x="550" y="379" width="46" height="17"/>
    </entry>
    <entry id="11" name="hsa:6513" type="gene"
        link="http://www.kegg.jp/dbget-bin/www_bget?hsa:6513">
        <graphics name="SLC2A1, DYT17, DYT18, DYT9, EIG12, GLUT, GLUT1, GLUT1DS, HTLVR, PED" fgcolor="#000000" bgcolor="#BFFFBF"
             type="rectangle" x="1099" y="615" width="46" height="17"/>
    </entry>
    <entry id="12" name="hsa:1950 hsa:3479 hsa:3630" type="gene"
        link="http://www.kegg.jp/dbget-bin/www_bget?hsa:1950+hsa:3479+hsa:3630">
        <graphics name="EGF, HOMG4, URG..." fgcolor="#000000" bgcolor="#BFFFBF"
             type="rectangle" x="87" y="272" width="46" height="17"/>
    </entry>
    <entry id="13" name="path:hsa05211" type="map"
        link="http://www.kegg.jp/dbget-bin/www_bget?hsa05211">
        <graphics name="Renal cell carcinoma" fgcolor="#000000" bgcolor="#FFFFFF"
             type="roundrectangle" x="154" y="58" width="228" height="25"/>
    </entry>
    <entry id="14" name="path:hsa04150" type="map"
        link="http://www.kegg.jp/dbget-bin/www_bget?hsa04150">
        <graphics name="mTOR signaling pathway" fgcolor="#000000" bgcolor="#FFFFFF"
             type="roundrectangle" x="258" y="398" width="115" height="34"/>
    </entry>
    <entry id="15" name="path:hsa04120" type="map"
        link="http://www.kegg.jp/dbget-bin/www_bget?hsa04120">
        <graphics name="Ubiquitin mediated proteolysis" fgcolor="#000000" bgcolor="#FFFFFF"
             type="roundrectangle" x="836" y="281" width="100" height="34"/>
    </entry>
    <entry id="16" name="path:hsa04370" type="map"
        link="http://www.kegg.jp/dbget-bin/www_bget?hsa04370">
        <graphics name="VEGF signaling pathway" fgcolor="#000000" bgcolor="#FFFFFF"
             type="roundrectangle" x="1278" y="429" width="100" height="34"/>
    </entry>
    <entry id="17" name="hsa:1956 hsa:2064 hsa:3480 hsa:3643" type="gene"
        link="http://www.kegg.jp/dbget-bin/www_bget?hsa:1956+hsa:2064+hsa:3480+hsa:3643">
        <graphics name="EGFR, ERBB, ERBB1, HER1, PIG61, mENA..." fgcolor="#000000" bgcolor="#BFFFBF"
             type="rectangle" x="169" y="272" width="46" height="17"/>
    </entry>
    <entry id="18" name="hsa:23533 hsa:5290 hsa:5291 hsa:5293 hsa:5294 hsa:5295 hsa:5296 hsa:8503" type="gene"
        link="http://www.kegg.jp/dbget-bin/www_bget?hsa:23533+hsa:5290+hsa:5291+hsa:5293+hsa:5294+hsa:5295+hsa:5296+hsa:8503">
        <graphics name="PIK3R5, F730038I15Rik, FOAP-2, P101-PI3K, p101..." fgcolor="#000000" bgcolor="#BFFFBF"
             type="rectangle" x="260" y="310" width="46" height="17"/>
    </entry>
    <entry id="19" name="hsa:10000 hsa:207 hsa:208" type="gene"
        link="http://www.kegg.jp/dbget-bin/www_bget?hsa:10000+hsa:207+hsa:208">
        <graphics name="AKT3, MPPH, PKB-GAMMA, PKBG, PRKBG, RAC-PK-gamma, RAC-gamma, STK-2..." fgcolor="#000000" bgcolor="#BFFFBF"
             type="rectangle" x="260" y="353" width="46" height="17"/>
    </entry>
    <entry id="20" name="hsa:2475" type="gene"
        link="http://www.kegg.jp/dbget-bin/www_bget?hsa:2475">
        <graphics name="MTOR, FRAP, FRAP1, FRAP2, RAFT1, RAPT1" fgcolor="#000000" bgcolor="#BFFFBF"
             type="rectangle" x="333" y="353" width="46" height="17"/>
    </entry>
    <entry id="21" name="path:hsa04151" type="map"
        link="http://www.kegg.jp/dbget-bin/www_bget?hsa04151">
        <graphics name="PI3K-Akt signaling pathway" fgcolor="#000000" bgcolor="#FFFFFF"
             type="roundrectangle" x="258" y="440" width="115" height="34"/>
    </entry>
    <entry id="22" name="hsa:1536 hsa:27035 hsa:50508" type="gene"
        link="http://www.kegg.jp/dbget-bin/www_bget?hsa:1536+hsa:27035+hsa:50508">
        <graphics name="CYBB, AMCBX2, CGD, GP91-1, GP91-PHOX, GP91PHOX, NOX2, p91-PHOX..." fgcolor="#000000" bgcolor="#BFFFBF"
             type="rectangle" x="336" y="563" width="46" height="17"/>
    </entry>
    <entry id="23" name="hsa:5335 hsa:5336" type="gene"
        link="http://www.kegg.jp/dbget-bin/www_bget?hsa:5335+hsa:5336">
        <graphics name="PLCG1, NCKAP3, PLC-II, PLC1, PLC148, PLCgamma1..." fgcolor="#000000" bgcolor="#BFFFBF"
             type="rectangle" x="421" y="526" width="46" height="17"/>
    </entry>
    <entry id="24" name="hsa:5578 hsa:5579 hsa:5582" type="gene"
        link="http://www.kegg.jp/dbget-bin/www_bget?hsa:5578+hsa:5579+hsa:5582">
        <graphics name="PRKCA, AAG6, PKC-alpha, PKCA, PRKACA..." fgcolor="#000000" bgcolor="#BFFFBF"
             type="rectangle" x="421" y="433" width="46" height="17"/>
    </entry>
    <entry id="25" name="cpd:C00165" type="compound"
        link="http://www.kegg.jp/dbget-bin/www_bget?C00165">
        <graphics name="C00165" fgcolor="#000000" bgcolor="#FFFFFF"
             type="circle" x="420" y="477" width="8" height="8"/>
    </entry>
    <entry id="26" name="cpd:C01245" type="compound"
        link="http://www.kegg.jp/dbget-bin/www_bget?C01245">
        <graphics name="C01245" fgcolor="#000000" bgcolor="#FFFFFF"
             type="circle" x="515" y="480" width="8" height="8"/>
    </entry>
    <entry id="27" name="cpd:C00704" type="compound"
        link="http://www.kegg.jp/dbget-bin/www_bget?C00704">
        <graphics name="C00704" fgcolor="#000000" bgcolor="#FFFFFF"
             type="circle" x="422" y="563" width="8" height="8"/>
    </entry>
    <entry id="28" name="hsa:6513" type="gene"
        link="http://www.kegg.jp/dbget-bin/www_bget?hsa:6513">
        <graphics name="SLC2A1, DYT17, DYT18, DYT9, EIG12, GLUT, GLUT1, GLUT1DS, HTLVR, PED" fgcolor="#000000" bgcolor="#BFFFBF"
             type="rectangle" x="171" y="710" width="46" height="17"/>
    </entry>
    <entry id="29" name="hsa:3939" type="gene"
        link="http://www.kegg.jp/dbget-bin/www_bget?hsa:3939">
        <graphics name="LDHA, GSD11, LDH1, LDHM" fgcolor="#000000" bgcolor="#BFFFBF"
             type="rectangle" x="1099" y="809" width="46" height="17"/>
    </entry>
    <entry id="30" name="hsa:5163" type="gene"
        link="http://www.kegg.jp/dbget-bin/www_bget?hsa:5163">
        <graphics name="PDK1" fgcolor="#000000" bgcolor="#BFFFBF"
             type="rectangle" x="1099" y="652" width="46" height="17"/>
    </entry>
    <entry id="31" name="cpd:C00031" type="compound"
        link="http://www.kegg.jp/dbget-bin/www_bget?C00031">
        <graphics name="C00031" fgcolor="#000000" bgcolor="#FFFFFF"
             type="circle" x="114" y="708" width="8" height="8"/>
    </entry>
    <entry id="32" name="cpd:C00022" type="compound"
        link="http://www.kegg.jp/dbget-bin/www_bget?C00022">
        <graphics name="C00022" fgcolor="#000000" bgcolor="#FFFFFF"
             type="circle" x="319" y="711" width="8" height="8"/>
    </entry>
    <entry id="33" name="cpd:C00186" type="compound"
        link="http://www.kegg.jp/dbget-bin/www_bget?C00186">
        <graphics name="C00186" fgcolor="#000000" bgcolor="#FFFFFF"
             type="circle" x="319" y="865" width="8" height="8"/>
    </entry>
    <entry id="34" name="hsa:3939" type="gene"
        link="http://www.kegg.jp/dbget-bin/www_bget?hsa:3939">
        <graphics name="LDHA, GSD11, LDH1, LDHM" fgcolor="#000000" bgcolor="#BFFFBF"
             type="rectangle" x="353" y="808" width="46" height="17"/>
    </entry>
    <entry id="35" name="path:hsa00020" type="map"
        link="http://www.kegg.jp/dbget-bin/www_bget?hsa00020">
        <graphics name="Citrate cycle (TCA cycle)" fgcolor="#000000" bgcolor="#FFFFFF"
             type="roundrectangle" x="632" y="713" width="115" height="34"/>
    </entry>
    <entry id="36" name="cpd:C00024" type="compound"
        link="http://www.kegg.jp/dbget-bin/www_bget?C00024">
        <graphics name="C00024" fgcolor="#000000" bgcolor="#FFFFFF"
             type="circle" x="502" y="713" width="8" height="8"/>
    </entry>
    <entry id="37" name="hsa:5160 hsa:5161 hsa:5162" type="gene"
        link="http://www.kegg.jp/dbget-bin/www_bget?hsa:5160+hsa:5161+hsa:5162">
        <graphics name="PDHA1, PDHA, PDHCE1A, PHE1A..." fgcolor="#000000" bgcolor="#BFFFBF"
             type="rectangle" x="447" y="695" width="46" height="17"/>
    </entry>
    <entry id="38" name="hsa:5163" type="gene"
        link="http://www.kegg.jp/dbget-bin/www_bget?hsa:5163">
        <graphics name="PDK1" fgcolor="#000000" bgcolor="#BFFFBF"
             type="rectangle" x="447" y="653" width="46" height="17"/>
    </entry>
    <entry id="39" name="cpd:C00002" type="compound"
        link="http://www.kegg.jp/dbget-bin/www_bget?C00002">
        <graphics name="C00002" fgcolor="#000000" bgcolor="#FFFFFF"
             type="circle" x="745" y="712" width="8" height="8"/>
    </entry>
    <entry id="40" name="cpd:C00076" type="compound"
        link="http://www.kegg.jp/dbget-bin/www_bget?C00076">
        <graphics name="C00076" fgcolor="#000000" bgcolor="#FFFFFF"
             type="circle" x="746" y="483" width="8" height="8"/>
    </entry>
    <entry id="41" name="hsa:815 hsa:816 hsa:817 hsa:818" type="gene"
        link="http://www.kegg.jp/dbget-bin/www_bget?hsa:815+hsa:816+hsa:817+hsa:818">
        <graphics name="CAMK2A, CAMKA..." fgcolor="#000000" bgcolor="#BFFFBF"
             type="rectangle" x="811" y="483" width="46" height="17"/>
    </entry>
    <entry id="42" name="hsa:3098 hsa:3099 hsa:3101 hsa:80201" type="gene"
        link="http://www.kegg.jp/dbget-bin/www_bget?hsa:3098+hsa:3099+hsa:3101+hsa:80201">
        <graphics name="HK1, HK1-ta, HK1-tb, HK1-tc, HKI, HXK1..." fgcolor="#000000" bgcolor="#BFFFBF"
             type="rectangle" x="1099" y="688" width="46" height="17"/>
    </entry>
    <entry id="43" name="hsa:5211" type="gene"
        link="http://www.kegg.jp/dbget-bin/www_bget?hsa:5211">
        <graphics name="PFKL, PFK-B" fgcolor="#000000" bgcolor="#BFFFBF"
             type="rectangle" x="1160" y="688" width="46" height="17"/>
    </entry>
    <entry id="44" name="hsa:2597" type="gene"
        link="http://www.kegg.jp/dbget-bin/www_bget?hsa:2597">
        <graphics name="GAPDH, G3PD, GAPD" fgcolor="#000000" bgcolor="#BFFFBF"
             type="rectangle" x="1099" y="719" width="46" height="17"/>
    </entry>
    <entry id="45" name="hsa:226" type="gene"
        link="http://www.kegg.jp/dbget-bin/www_bget?hsa:226">
        <graphics name="ALDOA, ALDA, GSD12" fgcolor="#000000" bgcolor="#BFFFBF"
             type="rectangle" x="1160" y="719" width="46" height="17"/>
    </entry>
    <entry id="46" name="hsa:2023 hsa:2026 hsa:2027" type="gene"
        link="http://www.kegg.jp/dbget-bin/www_bget?hsa:2023+hsa:2026+hsa:2027">
        <graphics name="ENO1, ENO1L1, MPB1, NNE, PPH..." fgcolor="#000000" bgcolor="#BFFFBF"
             type="rectangle" x="1099" y="749" width="46" height="17"/>
    </entry>
    <entry id="47" name="hsa:5230" type="gene"
        link="http://www.kegg.jp/dbget-bin/www_bget?hsa:5230">
        <graphics name="PGK1, MIG10, PGKA" fgcolor="#000000" bgcolor="#BFFFBF"
             type="rectangle" x="1160" y="749" width="46" height="17"/>
    </entry>
    <entry id="48" name="hsa:5207 hsa:5208 hsa:5209 hsa:5210" type="gene"
        link="http://www.kegg.jp/dbget-bin/www_bget?hsa:5207+hsa:5208+hsa:5209+hsa:5210">
        <graphics name="PFKFB1, F6PK, HL2K, PFRX..." fgcolor="#000000" bgcolor="#BFFFBF"
             type="rectangle" x="1099" y="778" width="46" height="17"/>
    </entry>
    <entry id="49" name="hsa:2056" type="gene"
        link="http://www.kegg.jp/dbget-bin/www_bget?hsa:2056">
        <graphics name="EPO, EP, MVCD2" fgcolor="#000000" bgcolor="#BFFFBF"
             type="rectangle" x="1099" y="294" width="46" height="17"/>
    </entry>
    <entry id="50" name="hsa:7018" type="gene"
        link="http://www.kegg.jp/dbget-bin/www_bget?hsa:7018">
        <graphics name="TF, PRO1557, PRO2086, TFQTL1" fgcolor="#000000" bgcolor="#BFFFBF"
             type="rectangle" x="1099" y="326" width="46" height="17"/>
    </entry>
    <entry id="51" name="hsa:7037" type="gene"
        link="http://www.kegg.jp/dbget-bin/www_bget?hsa:7037">
        <graphics name="TFRC, CD71, T9, TFR, TFR1, TR, TRFR, p90" fgcolor="#000000" bgcolor="#BFFFBF"
             type="rectangle" x="1160" y="326" width="46" height="17"/>
    </entry>
    <entry id="52" name="hsa:2321" type="gene"
        link="http://www.kegg.jp/dbget-bin/www_bget?hsa:2321">
        <graphics name="FLT1, FLT, FLT-1, VEGFR-1, VEGFR1" fgcolor="#000000" bgcolor="#BFFFBF"
             type="rectangle" x="1160" y="363" width="46" height="17"/>
    </entry>
    <entry id="53" name="hsa:1950" type="gene"
        link="http://www.kegg.jp/dbget-bin/www_bget?hsa:1950">
        <graphics name="EGF, HOMG4, URG" fgcolor="#000000" bgcolor="#BFFFBF"
             type="rectangle" x="1099" y="389" width="46" height="17"/>
    </entry>
    <entry id="54" name="hsa:5054" type="gene"
        link="http://www.kegg.jp/dbget-bin/www_bget?hsa:5054">
        <graphics name="SERPINE1, PAI, PAI-1, PAI1, PLANH1" fgcolor="#000000" bgcolor="#BFFFBF"
             type="rectangle" x="1160" y="389" width="46" height="17"/>
    </entry>
    <entry id="55" name="hsa:284 hsa:285 hsa:51378" type="gene"
        link="http://www.kegg.jp/dbget-bin/www_bget?hsa:284+hsa:285+hsa:51378">
        <graphics name="ANGPT1, AGP1, AGPT, ANG1..." fgcolor="#000000" bgcolor="#BFFFBF"
             type="rectangle" x="1099" y="415" width="46" height="17"/>
    </entry>
    <entry id="56" name="hsa:7010" type="gene"
        link="http://www.kegg.jp/dbget-bin/www_bget?hsa:7010">
        <graphics name="TEK, CD202B, TIE-2, TIE2, VMCM, VMCM1" fgcolor="#000000" bgcolor="#BFFFBF"
             type="rectangle" x="1160" y="415" width="46" height="17"/>
    </entry>
    <entry id="57" name="hsa:7076" type="gene"
        link="http://www.kegg.jp/dbget-bin/www_bget?hsa:7076">
        <graphics name="TIMP1, CLGI, EPA, EPO, HCI, TIMP" fgcolor="#000000" bgcolor="#BFFFBF"
             type="rectangle" x="1099" y="442" width="46" height="17"/>
    </entry>
    <entry id="58" name="hsa:1906" type="gene"
        link="http://www.kegg.jp/dbget-bin/www_bget?hsa:1906">
        <graphics name="EDN1, ET1, HDLCQ7, PPET1" fgcolor="#000000" bgcolor="#BFFFBF"
             type="rectangle" x="1099" y="483" width="46" height="17"/>
    </entry>
    <entry id="59" name="hsa:4843" type="gene"
        link="http://www.kegg.jp/dbget-bin/www_bget?hsa:4843">
        <graphics name="NOS2, HEP-NOS, INOS, NOS, NOS2A" fgcolor="#000000" bgcolor="#BFFFBF"
             type="rectangle" x="1160" y="483" width="46" height="17"/>
    </entry>
    <entry id="60" name="hsa:4846" type="gene"
        link="http://www.kegg.jp/dbget-bin/www_bget?hsa:4846">
        <graphics name="NOS3, ECNOS, eNOS" fgcolor="#000000" bgcolor="#BFFFBF"
             type="rectangle" x="1099" y="510" width="46" height="17"/>
    </entry>
    <entry id="61" name="hsa:3162" type="gene"
        link="http://www.kegg.jp/dbget-bin/www_bget?hsa:3162">
        <graphics name="HMOX1, HMOX1D, HO-1, HSP32, bK286B10" fgcolor="#000000" bgcolor="#BFFFBF"
             type="rectangle" x="1160" y="510" width="46" height="17"/>
    </entry>
    <entry id="62" name="hsa:4878" type="gene"
        link="http://www.kegg.jp/dbget-bin/www_bget?hsa:4878">
        <graphics name="NPPA, ANF, ANP, ATFB6, CDD-ANF, PND" fgcolor="#000000" bgcolor="#BFFFBF"
             type="rectangle" x="1099" y="538" width="46" height="17"/>
    </entry>
    <entry id="63" name="hsa:7076" type="gene"
        link="http://www.kegg.jp/dbget-bin/www_bget?hsa:7076">
        <graphics name="TIMP1, CLGI, EPA, EPO, HCI, TIMP" fgcolor="#000000" bgcolor="#BFFFBF"
             type="rectangle" x="1099" y="195" width="46" height="17"/>
    </entry>
    <entry id="64" name="hsa:4055" type="gene"
        link="http://www.kegg.jp/dbget-bin/www_bget?hsa:4055">
        <graphics name="LTBR, CD18, D12S370, LT-BETA-R, TNF-R-III, TNFCR, TNFR-RP, TNFR2-RP, TNFR3, TNFRSF3" fgcolor="#000000" bgcolor="#BFFFBF"
             type="rectangle" x="1099" y="221" width="46" height="17"/>
    </entry>
    <entry id="65" name="cpd:C00007" type="compound"
        link="http://www.kegg.jp/dbget-bin/www_bget?C00007">
        <graphics name="C00007" fgcolor="#000000" bgcolor="#FFFFFF"
             type="circle" x="628" y="788" width="8" height="8"/>
    </entry>
    <entry id="66" name="hsa:7099" type="gene"
        link="http://www.kegg.jp/dbget-bin/www_bget?hsa:7099">
        <graphics name="TLR4, ARMD10, CD284, TLR-4, TOLL" fgcolor="#000000" bgcolor="#BFFFBF"
             type="rectangle" x="169" y="156" width="46" height="17"/>
    </entry>
    <entry id="67" name="hsa:4790 hsa:5970" type="gene"
        link="http://www.kegg.jp/dbget-bin/www_bget?hsa:4790+hsa:5970">
        <graphics name="NFKB1, EBP-1, KBF1, NF-kB1, NF-kappa-B, NF-kappaB, NFKB-p105, NFKB-p50, NFkappaB, p105, p50..." fgcolor="#000000" bgcolor="#BFFFBF"
             type="rectangle" x="443" y="158" width="46" height="17"/>
    </entry>
    <entry id="68" name="cpd:C00338" type="compound"
        link="http://www.kegg.jp/dbget-bin/www_bget?C00338">
        <graphics name="C00338" fgcolor="#000000" bgcolor="#FFFFFF"
             type="circle" x="107" y="154" width="8" height="8"/>
    </entry>
    <entry id="69" name="hsa:3458" type="gene"
        link="http://www.kegg.jp/dbget-bin/www_bget?hsa:3458">
        <graphics name="IFNG, IFG, IFI" fgcolor="#000000" bgcolor="#BFFFBF"
             type="rectangle" x="87" y="196" width="46" height="17"/>
    </entry>
    <entry id="70" name="hsa:3459 hsa:3460" type="gene"
        link="http://www.kegg.jp/dbget-bin/www_bget?hsa:3459+hsa:3460">
        <graphics name="IFNGR1, CD119, IFNGR..." fgcolor="#000000" bgcolor="#BFFFBF"
             type="rectangle" x="169" y="196" width="46" height="17"/>
    </entry>
    <entry id="71" name="path:hsa04020" type="map"
        link="http://www.kegg.jp/dbget-bin/www_bget?hsa04020">
        <graphics name="Calcium signaling pathway" fgcolor="#000000" bgcolor="#FFFFFF"
             type="roundrectangle" x="667" y="510" width="115" height="34"/>
    </entry>
    <entry id="72" name="hsa:3569" type="gene"
        link="http://www.kegg.jp/dbget-bin/www_bget?hsa:3569">
        <graphics name="IL6, BSF2, HGF, HSF, IFNB2, IL-6" fgcolor="#000000" bgcolor="#BFFFBF"
             type="rectangle" x="87" y="125" width="46" height="17"/>
    </entry>
    <entry id="73" name="hsa:3570" type="gene"
        link="http://www.kegg.jp/dbget-bin/www_bget?hsa:3570">
        <graphics name="IL6R, CD126, IL-6R-1, IL-6RA, IL6Q, IL6RA, IL6RQ, gp80" fgcolor="#000000" bgcolor="#BFFFBF"
             type="rectangle" x="169" y="125" width="46" height="17"/>
    </entry>
    <entry id="74" name="hsa:6774" type="gene"
        link="http://www.kegg.jp/dbget-bin/www_bget?hsa:6774">
        <graphics name="STAT3, APRF, HIES" fgcolor="#000000" bgcolor="#BFFFBF"
             type="rectangle" x="443" y="126" width="46" height="17"/>
    </entry>
    <entry id="75" name="cpd:C00533" type="compound"
        link="http://www.kegg.jp/dbget-bin/www_bget?C00533">
        <graphics name="C00533" fgcolor="#000000" bgcolor="#FFFFFF"
             type="circle" x="635" y="395" width="8" height="8"/>
    </entry>
    <entry id="76" name="cpd:C00007" type="compound"
        link="http://www.kegg.jp/dbget-bin/www_bget?C00007">
        <graphics name="C00007" fgcolor="#000000" bgcolor="#FFFFFF"
             type="circle" x="719" y="394" width="8" height="8"/>
    </entry>
    <entry id="77" name="cpd:C14818" type="compound"
        link="http://www.kegg.jp/dbget-bin/www_bget?C14818">
        <graphics name="C14818" fgcolor="#000000" bgcolor="#FFFFFF"
             type="circle" x="750" y="386" width="8" height="8"/>
    </entry>
    <entry id="78" name="cpd:C00072" type="compound"
        link="http://www.kegg.jp/dbget-bin/www_bget?C00072">
        <graphics name="C00072" fgcolor="#000000" bgcolor="#FFFFFF"
             type="circle" x="783" y="374" width="8" height="8"/>
    </entry>
    <entry id="79" name="cpd:C00026" type="compound"
        link="http://www.kegg.jp/dbget-bin/www_bget?C00026">
        <graphics name="C00026" fgcolor="#000000" bgcolor="#FFFFFF"
             type="circle" x="807" y="356" width="8" height="8"/>
    </entry>
    <entry id="80" name="hsa:1978" type="gene"
        link="http://www.kegg.jp/dbget-bin/www_bget?hsa:1978">
        <graphics name="EIF4EBP1, 4E-BP1, 4EBP1, BP-1, PHAS-I" fgcolor="#000000" bgcolor="#BFFFBF"
             type="rectangle" x="419" y="315" width="46" height="17"/>
    </entry>
    <entry id="81" name="hsa:1977 hsa:253314 hsa:9470" type="gene"
        link="http://www.kegg.jp/dbget-bin/www_bget?hsa:1977+hsa:253314+hsa:9470">
        <graphics name="EIF4E, AUTS19, CBP, EIF4E1, EIF4EL1, EIF4F..." fgcolor="#000000" bgcolor="#BFFFBF"
             type="rectangle" x="491" y="315" width="46" height="17"/>
    </entry>
    <entry id="82" name="hsa:6198 hsa:6199" type="gene"
        link="http://www.kegg.jp/dbget-bin/www_bget?hsa:6198+hsa:6199">
        <graphics name="RPS6KB1, PS6K, S6K, S6K-beta-1, S6K1, STK14A, p70_S6KA, p70(S6K)-alpha, p70-S6K, p70-alpha..." fgcolor="#000000" bgcolor="#BFFFBF"
             type="rectangle" x="420" y="353" width="46" height="17"/>
    </entry>
    <entry id="83" name="hsa:6194" type="gene"
        link="http://www.kegg.jp/dbget-bin/www_bget?hsa:6194">
        <graphics name="RPS6, S6" fgcolor="#000000" bgcolor="#BFFFBF"
             type="rectangle" x="492" y="353" width="46" height="17"/>
    </entry>
    <entry id="84" name="hsa:5594 hsa:5595" type="gene"
        link="http://www.kegg.jp/dbget-bin/www_bget?hsa:5594+hsa:5595">
        <graphics name="MAPK1, ERK, ERK2, ERT1, MAPK2, P42MAPK, PRKM1, PRKM2, p38, p40, p41, p41mapk..." fgcolor="#000000" bgcolor="#BFFFBF"
             type="rectangle" x="335" y="254" width="46" height="17"/>
    </entry>
    <entry id="85" name="hsa:5604 hsa:5605" type="gene"
        link="http://www.kegg.jp/dbget-bin/www_bget?hsa:5604+hsa:5605">
        <graphics name="MAP2K1, MAPKK1, MEK1, MKK1, PRKMK1..." fgcolor="#000000" bgcolor="#BFFFBF"
             type="rectangle" x="260" y="254" width="46" height="17"/>
    </entry>
    <entry id="86" name="hsa:2872 hsa:8569" type="gene"
        link="http://www.kegg.jp/dbget-bin/www_bget?hsa:2872+hsa:8569">
        <graphics name="MKNK2, GPRK7, MNK2..." fgcolor="#000000" bgcolor="#BFFFBF"
             type="rectangle" x="419" y="254" width="46" height="17"/>
    </entry>
    <entry id="87" name="path:hsa04010" type="map"
        link="http://www.kegg.jp/dbget-bin/www_bget?hsa04010">
        <graphics name="MAPK signaling pathway" fgcolor="#000000" bgcolor="#FFFFFF"
             type="roundrectangle" x="345" y="216" width="115" height="34"/>
    </entry>
    <entry id="88" name="hsa:596" type="gene"
        link="http://www.kegg.jp/dbget-bin/www_bget?hsa:596">
        <graphics name="BCL2, Bcl-2, PPP1R50" fgcolor="#000000" bgcolor="#BFFFBF"
             type="rectangle" x="1099" y="845" width="46" height="17"/>
    </entry>
    <entry id="89" name="hsa:1026 hsa:1027" type="gene"
        link="http://www.kegg.jp/dbget-bin/www_bget?hsa:1026+hsa:1027">
        <graphics name="CDKN1A, CAP20, CDKN1, CIP1, MDA-6, P21, SDI1, WAF1, p21CIP1..." fgcolor="#000000" bgcolor="#BFFFBF"
             type="rectangle" x="1099" y="870" width="46" height="17"/>
    </entry>
    <entry id="90" name="undefined" type="group">
        <graphics fgcolor="#000000" bgcolor="#FFFFFF"
             type="rectangle" x="723" y="265" width="92" height="51"/>
        <component id="2"/>
        <component id="3"/>
        <component id="4"/>
        <component id="7"/>
    </entry>
    <entry id="91" name="undefined" type="group">
        <graphics fgcolor="#000000" bgcolor="#FFFFFF"
             type="rectangle" x="754" y="432" width="455" height="123"/>
        <component id="10"/>
        <component id="8"/>
        <component id="9"/>
    </entry>
    <relation entry1="72" entry2="73" type="PPrel">
        <subtype name="activation" value="--&gt;"/>
    </relation>
    <relation entry1="68" entry2="66" type="PCrel">
        <subtype name="activation" value="--&gt;"/>
    </relation>
    <relation entry1="69" entry2="70" type="PPrel">
        <subtype name="activation" value="--&gt;"/>
    </relation>
    <relation entry1="12" entry2="17" type="PPrel">
        <subtype name="activation" value="--&gt;"/>
    </relation>
    <relation entry1="85" entry2="84" type="PPrel">
        <subtype name="activation" value="--&gt;"/>
    </relation>
    <relation entry1="84" entry2="86" type="PPrel">
        <subtype name="activation" value="--&gt;"/>
    </relation>
    <relation entry1="18" entry2="19" type="PPrel">
        <subtype name="activation" value="--&gt;"/>
    </relation>
    <relation entry1="20" entry2="82" type="PPrel">
        <subtype name="activation" value="--&gt;"/>
    </relation>
    <relation entry1="82" entry2="83" type="PPrel">
        <subtype name="activation" value="--&gt;"/>
    </relation>
    <relation entry1="86" entry2="81" type="PPrel">
        <subtype name="activation" value="--&gt;"/>
    </relation>
    <relation entry1="27" entry2="23" type="PCrel">
        <subtype name="activation" value="--&gt;"/>
    </relation>
    <relation entry1="25" entry2="24" type="PCrel">
        <subtype name="activation" value="--&gt;"/>
    </relation>
    <relation entry1="24" entry2="20" type="PPrel">
        <subtype name="activation" value="--&gt;"/>
    </relation>
    <relation entry1="76" entry2="6" type="PCrel">
        <subtype name="activation" value="--&gt;"/>
    </relation>
    <relation entry1="77" entry2="6" type="PCrel">
        <subtype name="activation" value="--&gt;"/>
    </relation>
    <relation entry1="78" entry2="6" type="PCrel">
        <subtype name="activation" value="--&gt;"/>
    </relation>
    <relation entry1="79" entry2="6" type="PCrel">
        <subtype name="activation" value="--&gt;"/>
    </relation>
    <relation entry1="40" entry2="41" type="PCrel">
        <subtype name="activation" value="--&gt;"/>
    </relation>
    <relation entry1="41" entry2="9" type="PPrel">
        <subtype name="activation" value="--&gt;"/>
    </relation>
    <relation entry1="6" entry2="10" type="PPrel">
        <subtype name="activation" value="--&gt;"/>
    </relation>
    <relation entry1="90" entry2="10" type="PPrel">
        <subtype name="inhibition" value="--|"/>
        <subtype name="ubiquitination" value="+u"/>
    </relation>
    <relation entry1="73" entry2="74" type="PPrel">
        <subtype name="activation" value="--&gt;"/>
        <subtype name="indirect effect" value="..&gt;"/>
    </relation>
    <relation entry1="66" entry2="67" type="PPrel">
        <subtype name="activation" value="--&gt;"/>
        <subtype name="indirect effect" value="..&gt;"/>
    </relation>
    <relation entry1="70" entry2="67" type="PPrel">
        <subtype name="activation" value="--&gt;"/>
        <subtype name="indirect effect" value="..&gt;"/>
    </relation>
    <relation entry1="24" entry2="6" type="PPrel">
        <subtype name="inhibition" value="--|"/>
    </relation>
    <relation entry1="75" entry2="6" type="PCrel">
        <subtype name="inhibition" value="--|"/>
    </relation>
    <relation entry1="84" entry2="80" type="PPrel">
        <subtype name="inhibition" value="--|"/>
    </relation>
    <relation entry1="20" entry2="80" type="PPrel">
        <subtype name="inhibition" value="--|"/>
    </relation>
    <relation entry1="38" entry2="37" type="PPrel">
        <subtype name="inhibition" value="--|"/>
        <subtype name="phosphorylation" value="+p"/>
    </relation>
    <relation entry1="74" entry2="10" type="GErel">
        <subtype name="expression" value="--&gt;"/>
    </relation>
    <relation entry1="67" entry2="10" type="GErel">
        <subtype name="expression" value="--&gt;"/>
    </relation>
    <relation entry1="91" entry2="63" type="GErel">
        <subtype name="expression" value="--&gt;"/>
    </relation>
    <relation entry1="91" entry2="64" type="GErel">
        <subtype name="expression" value="--&gt;"/>
    </relation>
    <relation entry1="91" entry2="49" type="GErel">
        <subtype name="expression" value="--&gt;"/>
    </relation>
    <relation entry1="91" entry2="50" type="GErel">
        <subtype name="expression" value="--&gt;"/>
    </relation>
    <relation entry1="91" entry2="51" type="GErel">
        <subtype name="expression" value="--&gt;"/>
    </relation>
    <relation entry1="91" entry2="5" type="GErel">
        <subtype name="expression" value="--&gt;"/>
    </relation>
    <relation entry1="91" entry2="52" type="GErel">
        <subtype name="expression" value="--&gt;"/>
    </relation>
    <relation entry1="91" entry2="53" type="GErel">
        <subtype name="expression" value="--&gt;"/>
    </relation>
    <relation entry1="91" entry2="54" type="GErel">
        <subtype name="expression" value="--&gt;"/>
    </relation>
    <relation entry1="91" entry2="55" type="GErel">
        <subtype name="expression" value="--&gt;"/>
    </relation>
    <relation entry1="91" entry2="56" type="GErel">
        <subtype name="expression" value="--&gt;"/>
    </relation>
    <relation entry1="91" entry2="57" type="GErel">
        <subtype name="expression" value="--&gt;"/>
    </relation>
    <relation entry1="91" entry2="58" type="GErel">
        <subtype name="expression" value="--&gt;"/>
    </relation>
    <relation entry1="91" entry2="59" type="GErel">
        <subtype name="expression" value="--&gt;"/>
    </relation>
    <relation entry1="91" entry2="60" type="GErel">
        <subtype name="expression" value="--&gt;"/>
    </relation>
    <relation entry1="91" entry2="61" type="GErel">
        <subtype name="expression" value="--&gt;"/>
    </relation>
    <relation entry1="91" entry2="62" type="GErel">
        <subtype name="expression" value="--&gt;"/>
    </relation>
    <relation entry1="91" entry2="11" type="GErel">
        <subtype name="expression" value="--&gt;"/>
    </relation>
    <relation entry1="91" entry2="30" type="GErel">
        <subtype name="expression" value="--&gt;"/>
    </relation>
    <relation entry1="91" entry2="42" type="GErel">
        <subtype name="expression" value="--&gt;"/>
    </relation>
    <relation entry1="91" entry2="43" type="GErel">
        <subtype name="expression" value="--&gt;"/>
    </relation>
    <relation entry1="91" entry2="44" type="GErel">
        <subtype name="expression" value="--&gt;"/>
    </relation>
    <relation entry1="91" entry2="45" type="GErel">
        <subtype name="expression" value="--&gt;"/>
    </relation>
    <relation entry1="91" entry2="47" type="GErel">
        <subtype name="expression" value="--&gt;"/>
    </relation>
    <relation entry1="91" entry2="48" type="GErel">
        <subtype name="expression" value="--&gt;"/>
    </relation>
    <relation entry1="91" entry2="29" type="GErel">
        <subtype name="expression" value="--&gt;"/>
    </relation>
    <relation entry1="91" entry2="88" type="GErel">
        <subtype name="expression" value="--&gt;"/>
    </relation>
    <relation entry1="91" entry2="89" type="GErel">
        <subtype name="expression" value="--&gt;"/>
    </relation>
    <relation entry1="91" entry2="46" type="GErel">
        <subtype name="expression" value="--&gt;"/>
    </relation>
    <relation entry1="17" entry2="85" type="PPrel">
        <subtype name="activation" value="--&gt;"/>
        <subtype name="indirect effect" value="..&gt;"/>
    </relation>
    <relation entry1="17" entry2="18" type="PPrel">
        <subtype name="activation" value="--&gt;"/>
        <subtype name="indirect effect" value="..&gt;"/>
    </relation>
    <relation entry1="19" entry2="20" type="PPrel">
        <subtype name="activation" value="--&gt;"/>
        <subtype name="indirect effect" value="..&gt;"/>
    </relation>
    <relation entry1="22" entry2="27" type="PCrel">
        <subtype name="activation" value="--&gt;"/>
    </relation>
    <relation entry1="23" entry2="25" type="PCrel">
        <subtype name="activation" value="--&gt;"/>
    </relation>
    <relation entry1="23" entry2="26" type="PCrel">
        <subtype name="activation" value="--&gt;"/>
    </relation>
</pathway>