<?xml version="1.0"?>
<!DOCTYPE pathway SYSTEM "http://www.kegg.jp/kegg/xml/KGML_v0.7.1_.dtd">
<!-- Creation date: Aug 30, 2011 13:12:47 +0900 (GMT+09:00) -->
<pathway name="path:hsa05134" org="hsa" number="05134"
         title="Legionellosis"
         image="http://www.kegg.jp/kegg/pathway/hsa/hsa05134.png"
         link="http://www.kegg.jp/kegg-bin/show_pathway?hsa05134">
    <entry id="1" name="path:hsa05134" type="map"
        link="http://www.kegg.jp/dbget-bin/www_bget?hsa05134">
        <graphics name="TITLE:Legionellosis" fgcolor="#000000" bgcolor="#FFFFFF"
             type="roundrectangle" x="108" y="58" width="135" height="25"/>
    </entry>
    <entry id="2" name="ko:K02406" type="ortholog"
        link="http://www.kegg.jp/dbget-bin/www_bget?K02406">
        <graphics name="K02406" fgcolor="#000000" bgcolor="#FFFFFF"
             type="rectangle" x="498" y="973" width="46" height="17"/>
    </entry>
    <entry id="3" name="hsa:58484" type="gene"
        link="http://www.kegg.jp/dbget-bin/www_bget?hsa:58484">
        <graphics name="NLRC4, CARD12, CLAN, CLAN1, CLANA, CLANB, CLANC, CLAND, CLR2.1, IPAF" fgcolor="#000000" bgcolor="#BFFFBF"
             type="rectangle" x="620" y="993" width="46" height="17"/>
    </entry>
    <entry id="4" name="hsa:29108" type="gene"
        link="http://www.kegg.jp/dbget-bin/www_bget?hsa:29108">
        <graphics name="PYCARD, ASC, CARD5, TMS, TMS-1, TMS1" fgcolor="#000000" bgcolor="#BFFFBF"
             type="rectangle" x="666" y="993" width="46" height="17"/>
    </entry>
    <entry id="5" name="hsa:834" type="gene"
        link="http://www.kegg.jp/dbget-bin/www_bget?hsa:834">
        <graphics name="CASP1, ICE, IL1BC, P45" fgcolor="#000000" bgcolor="#BFFFBF"
             type="rectangle" x="760" y="993" width="46" height="17"/>
    </entry>
    <entry id="6" name="hsa:3553" type="gene"
        link="http://www.kegg.jp/dbget-bin/www_bget?hsa:3553">
        <graphics name="IL1B, IL-1, IL1-BETA, IL1F2" fgcolor="#000000" bgcolor="#BFFFBF"
             type="rectangle" x="918" y="1003" width="43" height="17"/>
    </entry>
    <entry id="7" name="hsa:3606" type="gene"
        link="http://www.kegg.jp/dbget-bin/www_bget?hsa:3606">
        <graphics name="IL18, IGIF, IL-18, IL-1g, IL1F4" fgcolor="#000000" bgcolor="#BFFFBF"
             type="rectangle" x="918" y="982" width="43" height="17"/>
    </entry>
    <entry id="8" name="hsa:4671" type="gene"
        link="http://www.kegg.jp/dbget-bin/www_bget?hsa:4671">
        <graphics name="NAIP, BIRC1, NLRB1, psiNAIP" fgcolor="#000000" bgcolor="#BFFFBF"
             type="rectangle" x="620" y="946" width="46" height="17"/>
    </entry>
    <entry id="9" name="hsa:840" type="gene"
        link="http://www.kegg.jp/dbget-bin/www_bget?hsa:840">
        <graphics name="CASP7, CASP-7, CMH-1, ICE-LAP3, LICE2, MCH3" fgcolor="#000000" bgcolor="#BFFFBF"
             type="rectangle" x="760" y="946" width="46" height="17"/>
    </entry>
    <entry id="10" name="hsa:4790 hsa:5970" type="gene"
        link="http://www.kegg.jp/dbget-bin/www_bget?hsa:4790+hsa:5970">
        <graphics name="NFKB1, EBP-1, KBF1, NF-kB1, NF-kappa-B, NF-kappaB, NFKB-p105, NFKB-p50, NFkappaB, p105, p50..." fgcolor="#000000" bgcolor="#BFFFBF"
             type="rectangle" x="717" y="669" width="46" height="17"/>
    </entry>
    <entry id="11" name="ko:K15486" type="ortholog"
        link="http://www.kegg.jp/dbget-bin/www_bget?K15486">
        <graphics name="K15486" fgcolor="#000000" bgcolor="#FFFFFF"
             type="rectangle" x="498" y="607" width="46" height="17"/>
    </entry>
    <entry id="12" name="hsa:4792" type="gene"
        link="http://www.kegg.jp/dbget-bin/www_bget?hsa:4792">
        <graphics name="NFKBIA, IKBA, MAD-3, NFKBI" fgcolor="#000000" bgcolor="#BFFFBF"
             type="rectangle" x="717" y="618" width="46" height="17"/>
    </entry>
    <entry id="13" name="ko:K15487" type="ortholog"
        link="http://www.kegg.jp/dbget-bin/www_bget?K15487">
        <graphics name="K15487" fgcolor="#000000" bgcolor="#FFFFFF"
             type="rectangle" x="498" y="658" width="46" height="17"/>
    </entry>
    <entry id="14" name="ko:K15488" type="ortholog"
        link="http://www.kegg.jp/dbget-bin/www_bget?K15488">
        <graphics name="K15488" fgcolor="#000000" bgcolor="#FFFFFF"
             type="rectangle" x="498" y="681" width="46" height="17"/>
    </entry>
    <entry id="15" name="ko:K00239" type="ortholog"
        link="http://www.kegg.jp/dbget-bin/www_bget?K00239">
        <graphics name="K00239" fgcolor="#000000" bgcolor="#FFFFFF"
             type="rectangle" x="498" y="469" width="46" height="17"/>
    </entry>
    <entry id="16" name="ko:K15484" type="ortholog"
        link="http://www.kegg.jp/dbget-bin/www_bget?K15484">
        <graphics name="K15484" fgcolor="#000000" bgcolor="#FFFFFF"
             type="rectangle" x="498" y="527" width="46" height="17"/>
    </entry>
    <entry id="17" name="hsa:664" type="gene"
        link="http://www.kegg.jp/dbget-bin/www_bget?hsa:664">
        <graphics name="BNIP3, NIP3" fgcolor="#000000" bgcolor="#BFFFBF"
             type="rectangle" x="687" y="514" width="46" height="17"/>
    </entry>
    <entry id="18" name="hsa:23786" type="gene"
        link="http://www.kegg.jp/dbget-bin/www_bget?hsa:23786">
        <graphics name="BCL2L13, BCL-RAMBO, Bcl2-L-13, MIL1" fgcolor="#000000" bgcolor="#BFFFBF"
             type="rectangle" x="687" y="535" width="46" height="17"/>
    </entry>
    <entry id="19" name="path:hsa04210" type="map"
        link="http://www.kegg.jp/dbget-bin/www_bget?hsa04210">
        <graphics name="Apoptosis" fgcolor="#000000" bgcolor="#FFFFFF"
             type="roundrectangle" x="922" y="428" width="73" height="34"/>
    </entry>
    <entry id="20" name="hsa:375" type="gene"
        link="http://www.kegg.jp/dbget-bin/www_bget?hsa:375">
        <graphics name="ARF1" fgcolor="#000000" bgcolor="#BFFFBF"
             type="rectangle" x="635" y="178" width="46" height="17"/>
    </entry>
    <entry id="21" name="hsa:5861 hsa:81876" type="gene"
        link="http://www.kegg.jp/dbget-bin/www_bget?hsa:5861+hsa:81876">
        <graphics name="RAB1A, RAB1, YPT1..." fgcolor="#000000" bgcolor="#BFFFBF"
             type="rectangle" x="635" y="201" width="46" height="17"/>
    </entry>
    <entry id="22" name="ko:K15479" type="ortholog"
        link="http://www.kegg.jp/dbget-bin/www_bget?K15479">
        <graphics name="K15479" fgcolor="#000000" bgcolor="#FFFFFF"
             type="rectangle" x="498" y="178" width="46" height="17"/>
    </entry>
    <entry id="23" name="ko:K15480" type="ortholog"
        link="http://www.kegg.jp/dbget-bin/www_bget?K15480">
        <graphics name="K15480" fgcolor="#000000" bgcolor="#FFFFFF"
             type="rectangle" x="498" y="201" width="46" height="17"/>
    </entry>
    <entry id="24" name="ko:K15481" type="ortholog"
        link="http://www.kegg.jp/dbget-bin/www_bget?K15481">
        <graphics name="K15481" fgcolor="#000000" bgcolor="#FFFFFF"
             type="rectangle" x="498" y="226" width="46" height="17"/>
    </entry>
    <entry id="25" name="hsa:1195" type="gene"
        link="http://www.kegg.jp/dbget-bin/www_bget?hsa:1195">
        <graphics name="CLK1, CLK, CLK/STY, STY" fgcolor="#000000" bgcolor="#BFFFBF"
             type="rectangle" x="616" y="724" width="46" height="17"/>
    </entry>
    <entry id="26" name="ko:K15482" type="ortholog"
        link="http://www.kegg.jp/dbget-bin/www_bget?K15482">
        <graphics name="K15482" fgcolor="#000000" bgcolor="#FFFFFF"
             type="rectangle" x="498" y="252" width="46" height="17"/>
    </entry>
    <entry id="27" name="hsa:9554" type="gene"
        link="http://www.kegg.jp/dbget-bin/www_bget?hsa:9554">
        <graphics name="SEC22B, ERS-24, SEC22L1" fgcolor="#000000" bgcolor="#BFFFBF"
             type="rectangle" x="635" y="299" width="46" height="17"/>
    </entry>
    <entry id="28" name="ko:K03596" type="ortholog"
        link="http://www.kegg.jp/dbget-bin/www_bget?K03596">
        <graphics name="K03596" fgcolor="#000000" bgcolor="#FFFFFF"
             type="rectangle" x="498" y="888" width="46" height="17"/>
    </entry>
    <entry id="29" name="ko:K15492" type="ortholog"
        link="http://www.kegg.jp/dbget-bin/www_bget?K15492">
        <graphics name="K15492" fgcolor="#000000" bgcolor="#FFFFFF"
             type="rectangle" x="498" y="911" width="46" height="17"/>
    </entry>
    <entry id="30" name="hsa:51128 hsa:56681" type="gene"
        link="http://www.kegg.jp/dbget-bin/www_bget?hsa:51128+hsa:56681">
        <graphics name="SAR1B, ANDD, CMRD, GTBPB, SARA2..." fgcolor="#000000" bgcolor="#BFFFBF"
             type="rectangle" x="635" y="320" width="46" height="17"/>
    </entry>
    <entry id="31" name="hsa:7415" type="gene"
        link="http://www.kegg.jp/dbget-bin/www_bget?hsa:7415">
        <graphics name="VCP, ALS14, IBMPFD, TERA, p97" fgcolor="#000000" bgcolor="#BFFFBF"
             type="rectangle" x="635" y="341" width="46" height="17"/>
    </entry>
    <entry id="32" name="ko:K15483" type="ortholog"
        link="http://www.kegg.jp/dbget-bin/www_bget?K15483">
        <graphics name="K15483" fgcolor="#000000" bgcolor="#FFFFFF"
             type="rectangle" x="498" y="272" width="46" height="17"/>
    </entry>
    <entry id="33" name="hsa:54205" type="gene"
        link="http://www.kegg.jp/dbget-bin/www_bget?hsa:54205">
        <graphics name="CYCS, CYC, HCS, THC4" fgcolor="#000000" bgcolor="#BFFFBF"
             type="rectangle" x="685" y="416" width="46" height="17"/>
    </entry>
    <entry id="34" name="hsa:842" type="gene"
        link="http://www.kegg.jp/dbget-bin/www_bget?hsa:842">
        <graphics name="CASP9, APAF-3, APAF3, CASPASE-9c, ICE-LAP6, MCH6, PPP1R56" fgcolor="#000000" bgcolor="#BFFFBF"
             type="rectangle" x="756" y="416" width="46" height="17"/>
    </entry>
    <entry id="35" name="hsa:836" type="gene"
        link="http://www.kegg.jp/dbget-bin/www_bget?hsa:836">
        <graphics name="CASP3, CPP32, CPP32B, SCA-1" fgcolor="#000000" bgcolor="#BFFFBF"
             type="rectangle" x="827" y="416" width="46" height="17"/>
    </entry>
    <entry id="36" name="hsa:841" type="gene"
        link="http://www.kegg.jp/dbget-bin/www_bget?hsa:841">
        <graphics name="CASP8, ALPS2B, CAP4, Casp-8, FLICE, MACH, MCH5" fgcolor="#000000" bgcolor="#BFFFBF"
             type="rectangle" x="827" y="437" width="46" height="17"/>
    </entry>
    <entry id="37" name="hsa:317" type="gene"
        link="http://www.kegg.jp/dbget-bin/www_bget?hsa:317">
        <graphics name="APAF1, APAF-1, CED4" fgcolor="#000000" bgcolor="#BFFFBF"
             type="rectangle" x="685" y="386" width="46" height="17"/>
    </entry>
    <entry id="38" name="ko:K15476" type="ortholog"
        link="http://www.kegg.jp/dbget-bin/www_bget?K15476">
        <graphics name="K15476" fgcolor="#000000" bgcolor="#FFFFFF"
             type="rectangle" x="498" y="101" width="46" height="17"/>
    </entry>
    <entry id="39" name="ko:K15477" type="ortholog"
        link="http://www.kegg.jp/dbget-bin/www_bget?K15477">
        <graphics name="K15477" fgcolor="#000000" bgcolor="#FFFFFF"
             type="rectangle" x="498" y="122" width="46" height="17"/>
    </entry>
    <entry id="40" name="ko:K15478" type="ortholog"
        link="http://www.kegg.jp/dbget-bin/www_bget?K15478">
        <graphics name="K15478" fgcolor="#000000" bgcolor="#FFFFFF"
             type="rectangle" x="498" y="143" width="46" height="17"/>
    </entry>
    <entry id="41" name="hsa:3684" type="gene"
        link="http://www.kegg.jp/dbget-bin/www_bget?hsa:3684">
        <graphics name="ITGAM, CD11B, CR3A, MAC-1, MAC1A, MO1A, SLEB6" fgcolor="#000000" bgcolor="#BFFFBF"
             type="rectangle" x="208" y="465" width="46" height="17"/>
    </entry>
    <entry id="42" name="hsa:3689" type="gene"
        link="http://www.kegg.jp/dbget-bin/www_bget?hsa:3689">
        <graphics name="ITGB2, CD18, LAD, LCAMB, LFA-1, MAC-1, MF17, MFI7" fgcolor="#000000" bgcolor="#BFFFBF"
             type="rectangle" x="208" y="482" width="46" height="17"/>
    </entry>
    <entry id="43" name="hsa:1378" type="gene"
        link="http://www.kegg.jp/dbget-bin/www_bget?hsa:1378">
        <graphics name="CR1, C3BR, C4BR, CD35, KN" fgcolor="#000000" bgcolor="#BFFFBF"
             type="rectangle" x="208" y="437" width="46" height="17"/>
    </entry>
    <entry id="44" name="hsa:718" type="gene"
        link="http://www.kegg.jp/dbget-bin/www_bget?hsa:718">
        <graphics name="C3, AHUS5, ARMD9, ASP, CPAMD1" fgcolor="#000000" bgcolor="#BFFFBF"
             type="rectangle" x="131" y="437" width="46" height="17"/>
    </entry>
    <entry id="45" name="hsa:718" type="gene"
        link="http://www.kegg.jp/dbget-bin/www_bget?hsa:718">
        <graphics name="C3, AHUS5, ARMD9, ASP, CPAMD1" fgcolor="#000000" bgcolor="#BFFFBF"
             type="rectangle" x="131" y="473" width="46" height="17"/>
    </entry>
    <entry id="46" name="ko:K15473" type="ortholog"
        link="http://www.kegg.jp/dbget-bin/www_bget?K15473">
        <graphics name="K15473" fgcolor="#000000" bgcolor="#FFFFFF"
             type="rectangle" x="131" y="338" width="46" height="17"/>
    </entry>
    <entry id="47" name="ko:K03197" type="ortholog"
        link="http://www.kegg.jp/dbget-bin/www_bget?K03197">
        <graphics name="K03197" fgcolor="#000000" bgcolor="#FFFFFF"
             type="rectangle" x="132" y="386" width="46" height="17"/>
    </entry>
    <entry id="48" name="ko:K11022" type="ortholog"
        link="http://www.kegg.jp/dbget-bin/www_bget?K11022">
        <graphics name="K11022" fgcolor="#000000" bgcolor="#FFFFFF"
             type="rectangle" x="80" y="365" width="46" height="17"/>
    </entry>
    <entry id="49" name="hsa:3329" type="gene"
        link="http://www.kegg.jp/dbget-bin/www_bget?hsa:3329">
        <graphics name="HSPD1, CPN60, GROEL, HLD4, HSP-60, HSP60, HSP65, HuCHA60, SPG13" fgcolor="#000000" bgcolor="#BFFFBF"
             type="rectangle" x="132" y="407" width="46" height="17"/>
    </entry>
    <entry id="50" name="ko:K15475" type="ortholog"
        link="http://www.kegg.jp/dbget-bin/www_bget?K15475">
        <graphics name="K15475" fgcolor="#000000" bgcolor="#FFFFFF"
             type="rectangle" x="80" y="386" width="46" height="17"/>
    </entry>
    <entry id="51" name="ko:K15474" type="ortholog"
        link="http://www.kegg.jp/dbget-bin/www_bget?K15474">
        <graphics name="K15474" fgcolor="#000000" bgcolor="#FFFFFF"
             type="rectangle" x="132" y="365" width="46" height="17"/>
    </entry>
    <entry id="52" name="hsa:4791" type="gene"
        link="http://www.kegg.jp/dbget-bin/www_bget?hsa:4791">
        <graphics name="NFKB2, H2TF1, LYT-10, LYT10, NF-kB2, p105, p52" fgcolor="#000000" bgcolor="#BFFFBF"
             type="rectangle" x="717" y="588" width="46" height="17"/>
    </entry>
    <entry id="53" name="ko:K15491" type="ortholog"
        link="http://www.kegg.jp/dbget-bin/www_bget?K15491">
        <graphics name="K15491" fgcolor="#000000" bgcolor="#FFFFFF"
             type="rectangle" x="498" y="831" width="46" height="17"/>
    </entry>
    <entry id="54" name="hsa:1937" type="gene"
        link="http://www.kegg.jp/dbget-bin/www_bget?hsa:1937">
        <graphics name="EEF1G, EF1G, GIG35" fgcolor="#000000" bgcolor="#BFFFBF"
             type="rectangle" x="619" y="847" width="46" height="17"/>
    </entry>
    <entry id="55" name="hsa:1915 hsa:1917" type="gene"
        link="http://www.kegg.jp/dbget-bin/www_bget?hsa:1915+hsa:1917">
        <graphics name="EEF1A1, CCS-3, CCS3, EE1A1, EEF-1, EEF1A, EF-Tu, EF1A, GRAF-1EF, HNGC:16303, LENG7, PTI1, eEF1A-1..." fgcolor="#000000" bgcolor="#BFFFBF"
             type="rectangle" x="619" y="803" width="46" height="17"/>
    </entry>
    <entry id="56" name="hsa:3297" type="gene"
        link="http://www.kegg.jp/dbget-bin/www_bget?hsa:3297">
        <graphics name="HSF1, HSTF1" fgcolor="#000000" bgcolor="#BFFFBF"
             type="rectangle" x="718" y="803" width="46" height="17"/>
    </entry>
    <entry id="57" name="ko:K15490" type="ortholog"
        link="http://www.kegg.jp/dbget-bin/www_bget?K15490">
        <graphics name="K15490" fgcolor="#000000" bgcolor="#FFFFFF"
             type="rectangle" x="498" y="780" width="46" height="17"/>
    </entry>
    <entry id="58" name="hsa:10767" type="gene"
        link="http://www.kegg.jp/dbget-bin/www_bget?hsa:10767">
        <graphics name="HBS1L, EF-1a, ERFS, HBS1, HSPC276" fgcolor="#000000" bgcolor="#BFFFBF"
             type="rectangle" x="717" y="764" width="46" height="17"/>
    </entry>
    <entry id="59" name="hsa:3303 hsa:3304 hsa:3305 hsa:3306 hsa:3310 hsa:3312" type="gene"
        link="http://www.kegg.jp/dbget-bin/www_bget?hsa:3303+hsa:3304+hsa:3305+hsa:3306+hsa:3310+hsa:3312">
        <graphics name="HSPA1A, HSP70-1, HSP70-1A, HSP70I, HSP72, HSPA1..." fgcolor="#000000" bgcolor="#BFFFBF"
             type="rectangle" x="846" y="803" width="46" height="17"/>
    </entry>
    <entry id="60" name="path:hsa04610" type="map"
        link="http://www.kegg.jp/dbget-bin/www_bget?hsa04610">
        <graphics name="Complement and coagulation cascades" fgcolor="#000000" bgcolor="#FFFFFF"
             type="roundrectangle" x="119" y="513" width="118" height="34"/>
    </entry>
    <entry id="61" name="ko:K02406" type="ortholog"
        link="http://www.kegg.jp/dbget-bin/www_bget?K02406">
        <graphics name="K02406" fgcolor="#000000" bgcolor="#FFFFFF"
             type="rectangle" x="118" y="999" width="46" height="17"/>
    </entry>
    <entry id="62" name="hsa:7100" type="gene"
        link="http://www.kegg.jp/dbget-bin/www_bget?hsa:7100">
        <graphics name="TLR5, SLEB1, TIL3" fgcolor="#000000" bgcolor="#BFFFBF"
             type="rectangle" x="208" y="999" width="46" height="17"/>
    </entry>
    <entry id="63" name="cpd:C00338" type="compound"
        link="http://www.kegg.jp/dbget-bin/www_bget?C00338">
        <graphics name="C00338" fgcolor="#000000" bgcolor="#FFFFFF"
             type="circle" x="119" y="1027" width="8" height="8"/>
    </entry>
    <entry id="64" name="hsa:7097" type="gene"
        link="http://www.kegg.jp/dbget-bin/www_bget?hsa:7097">
        <graphics name="TLR2, CD282, TIL4" fgcolor="#000000" bgcolor="#BFFFBF"
             type="rectangle" x="208" y="1028" width="46" height="17"/>
    </entry>
    <entry id="65" name="hsa:7099" type="gene"
        link="http://www.kegg.jp/dbget-bin/www_bget?hsa:7099">
        <graphics name="TLR4, ARMD10, CD284, TLR-4, TOLL" fgcolor="#000000" bgcolor="#BFFFBF"
             type="rectangle" x="208" y="1093" width="46" height="17"/>
    </entry>
    <entry id="66" name="hsa:929" type="gene"
        link="http://www.kegg.jp/dbget-bin/www_bget?hsa:929">
        <graphics name="CD14" fgcolor="#000000" bgcolor="#BFFFBF"
             type="rectangle" x="208" y="1061" width="46" height="17"/>
    </entry>
    <entry id="67" name="hsa:4615" type="gene"
        link="http://www.kegg.jp/dbget-bin/www_bget?hsa:4615">
        <graphics name="MYD88, MYD88D" fgcolor="#000000" bgcolor="#BFFFBF"
             type="rectangle" x="311" y="1028" width="46" height="17"/>
    </entry>
    <entry id="68" name="hsa:7124" type="gene"
        link="http://www.kegg.jp/dbget-bin/www_bget?hsa:7124">
        <graphics name="TNF, DIF, TNF-alpha, TNFA, TNFSF2" fgcolor="#000000" bgcolor="#BFFFBF"
             type="rectangle" x="620" y="1033" width="43" height="17"/>
    </entry>
    <entry id="69" name="hsa:3553" type="gene"
        link="http://www.kegg.jp/dbget-bin/www_bget?hsa:3553">
        <graphics name="IL1B, IL-1, IL1-BETA, IL1F2" fgcolor="#000000" bgcolor="#BFFFBF"
             type="rectangle" x="620" y="1053" width="43" height="17"/>
    </entry>
    <entry id="70" name="hsa:3569" type="gene"
        link="http://www.kegg.jp/dbget-bin/www_bget?hsa:3569">
        <graphics name="IL6, BSF2, HGF, HSF, IFNB2, IL-6" fgcolor="#000000" bgcolor="#BFFFBF"
             type="rectangle" x="620" y="1073" width="43" height="17"/>
    </entry>
    <entry id="71" name="hsa:3576" type="gene"
        link="http://www.kegg.jp/dbget-bin/www_bget?hsa:3576">
        <graphics name="IL8, CXCL8, GCP-1, GCP1, LECT, LUCT, LYNAP, MDNCF, MONAP, NAF, NAP-1, NAP1" fgcolor="#000000" bgcolor="#BFFFBF"
             type="rectangle" x="670" y="1053" width="43" height="17"/>
    </entry>
    <entry id="72" name="hsa:3592 hsa:3593" type="gene"
        link="http://www.kegg.jp/dbget-bin/www_bget?hsa:3592+hsa:3593">
        <graphics name="IL12A, CLMF, IL-12A, NFSK, NKSF1, P35..." fgcolor="#000000" bgcolor="#BFFFBF"
             type="rectangle" x="620" y="1093" width="43" height="17"/>
    </entry>
    <entry id="73" name="hsa:2919 hsa:2920 hsa:2921" type="gene"
        link="http://www.kegg.jp/dbget-bin/www_bget?hsa:2919+hsa:2920+hsa:2921">
        <graphics name="CXCL1, FSP, GRO1, GROa, MGSA, MGSA-a, NAP-3, SCYB1..." fgcolor="#000000" bgcolor="#BFFFBF"
             type="rectangle" x="670" y="1073" width="43" height="17"/>
    </entry>
    <entry id="74" name="path:hsa04620" type="map"
        link="http://www.kegg.jp/dbget-bin/www_bget?hsa04620">
        <graphics name="Toll-like receptor signaling pathway" fgcolor="#000000" bgcolor="#FFFFFF"
             type="roundrectangle" x="382" y="1060" width="118" height="34"/>
    </entry>
    <entry id="75" name="cpd:C01277" type="compound"
        link="http://www.kegg.jp/dbget-bin/www_bget?C01277">
        <graphics name="C01277" fgcolor="#000000" bgcolor="#FFFFFF"
             type="circle" x="634" y="251" width="8" height="8"/>
    </entry>
    <entry id="76" name="undefined" type="group">
        <graphics fgcolor="#000000" bgcolor="#FFFFFF"
             type="rectangle" x="643" y="993" width="92" height="17"/>
        <component id="3"/>
        <component id="4"/>
    </entry>
    <entry id="77" name="undefined" type="group">
        <graphics fgcolor="#000000" bgcolor="#FFFFFF"
             type="rectangle" x="208" y="473" width="46" height="34"/>
        <component id="41"/>
        <component id="42"/>
    </entry>
    <relation entry1="37" entry2="34" type="PPrel">
        <subtype name="activation" value="--&gt;"/>
    </relation>
    <relation entry1="33" entry2="34" type="PPrel">
        <subtype name="activation" value="--&gt;"/>
    </relation>
    <relation entry1="34" entry2="35" type="PPrel">
        <subtype name="activation" value="--&gt;"/>
    </relation>
    <relation entry1="55" entry2="56" type="PPrel">
        <subtype name="activation" value="--&gt;"/>
    </relation>
    <relation entry1="76" entry2="5" type="PPrel">
        <subtype name="activation" value="--&gt;"/>
    </relation>
    <relation entry1="5" entry2="7" type="PPrel">
        <subtype name="activation" value="--&gt;"/>
    </relation>
    <relation entry1="5" entry2="6" type="PPrel">
        <subtype name="activation" value="--&gt;"/>
    </relation>
    <relation entry1="8" entry2="9" type="PPrel">
        <subtype name="activation" value="--&gt;"/>
        <subtype name="indirect effect" value="..&gt;"/>
    </relation>
    <relation entry1="8" entry2="5" type="PPrel">
        <subtype name="activation" value="--&gt;"/>
        <subtype name="indirect effect" value="..&gt;"/>
    </relation>
    <relation entry1="5" entry2="9" type="PPrel">
        <subtype name="activation" value="--&gt;"/>
        <subtype name="indirect effect" value="..&gt;"/>
    </relation>
    <relation entry1="63" entry2="64" type="PCrel">
    </relation>
    <relation entry1="63" entry2="65" type="PCrel">
    </relation>
    <relation entry1="66" entry2="64" type="PPrel">
        <subtype name="activation" value="--&gt;"/>
    </relation>
    <relation entry1="66" entry2="65" type="PPrel">
        <subtype name="activation" value="--&gt;"/>
    </relation>
    <relation entry1="62" entry2="67" type="PPrel">
        <subtype name="activation" value="--&gt;"/>
    </relation>
    <relation entry1="64" entry2="67" type="PPrel">
        <subtype name="activation" value="--&gt;"/>
    </relation>
    <relation entry1="65" entry2="67" type="PPrel">
        <subtype name="activation" value="--&gt;"/>
    </relation>
    <relation entry1="45" entry2="77" type="PPrel">
        <subtype name="binding/association" value="---"/>
    </relation>
    <relation entry1="44" entry2="43" type="PPrel">
        <subtype name="binding/association" value="---"/>
    </relation>
    <relation entry1="12" entry2="10" type="PPrel">
        <subtype name="dissociation" value="-+-"/>
    </relation>
    <relation entry1="56" entry2="59" type="GErel">
        <subtype name="expression" value="--&gt;"/>
    </relation>
    <relation entry1="67" entry2="68" type="GErel">
        <subtype name="expression" value="--&gt;"/>
        <subtype name="indirect effect" value="..&gt;"/>
    </relation>
    <relation entry1="67" entry2="69" type="GErel">
        <subtype name="expression" value="--&gt;"/>
        <subtype name="indirect effect" value="..&gt;"/>
    </relation>
    <relation entry1="67" entry2="70" type="GErel">
        <subtype name="expression" value="--&gt;"/>
        <subtype name="indirect effect" value="..&gt;"/>
    </relation>
    <relation entry1="67" entry2="72" type="GErel">
        <subtype name="expression" value="--&gt;"/>
        <subtype name="indirect effect" value="..&gt;"/>
    </relation>
    <relation entry1="67" entry2="71" type="GErel">
        <subtype name="expression" value="--&gt;"/>
        <subtype name="indirect effect" value="..&gt;"/>
    </relation>
    <relation entry1="67" entry2="73" type="GErel">
        <subtype name="expression" value="--&gt;"/>
        <subtype name="indirect effect" value="..&gt;"/>
    </relation>
</pathway>